commodity,series_name,source,unit,month,value,source_url,retrieved_on,note
cocoa,WB Pink Sheet: Cocoa,"World Bank Commodity Price Data (Pink Sheet), monthly, updated 2026-09-02",$/kg,2020-01,2.60,https://thedocs.worldbank.org/en/doc/74e8be41ceb20fa0da750cda2f6b9e4e-0050012026/related/CMO-Historical-Data-Monthly.xlsx,2026-09-28,
cocoa,WB Pink Sheet: Cocoa,"World Bank Commodity Price Data (Pink Sheet), monthly, updated 2026-09-02",$/kg,2020-02,2.72,https://thedocs.worldbank.org/en/doc/74e8be41ceb20fa0da750cda2f6b9e4e-0050012026/related/CMO-Historical-Data-Monthly.xlsx,2026-09-28,
cocoa,WB Pink Sheet: Cocoa,"World Bank Commodity Price Data (Pink Sheet), monthly, updated 2026-09-02",$/kg,2020-03,2.34,https://thedocs.worldbank.org/en/doc/74e8be41ceb20fa0da750cda2f6b9e4e-0050012026/related/CMO-Historical-Data-Monthly.xlsx,2026-09-28,
cocoa,WB Pink Sheet: Cocoa,"World Bank Commodity Price Data (Pink Sheet), monthly, updated 2026-09-02",$/kg,2020-04,2.27,https://thedocs.worldbank.org/en/doc/74e8be41ceb20fa0da750cda2f6b9e4e-0050012026/related/CMO-Historical-Data-Monthly.xlsx,2026-09-28,
cocoa,WB Pink Sheet: Cocoa,"World Bank Commodity Price Data (Pink Sheet), monthly, updated 2026-09-02",$/kg,2020-05,2.32,https://thedocs.worldbank.org/en/doc/74e8be41ceb20fa0da750cda2f6b9e4e-0050012026/related/CMO-Historical-Data-Monthly.xlsx,2026-09-28,
cocoa,WB Pink Sheet: Cocoa,"World Bank Commodity Price Data (Pink Sheet), monthly, updated 2026-09-02",$/kg,2020-06,2.23,https://thedocs.worldbank.org/en/doc/74e8be41ceb20fa0da750cda2f6b9e4e-0050012026/related/CMO-Historical-Data-Monthly.xlsx,2026-09-28,
cocoa,WB Pink Sheet: Cocoa,"World Bank Commodity Price Data (Pink Sheet), monthly, updated 2026-09-02",$/kg,2020-07,2.10,https://thedocs.worldbank.org/en/doc/74e8be41ceb20fa0da750cda2f6b9e4e-0050012026/related/CMO-Historical-Data-Monthly.xlsx,2026-09-28,
cocoa,WB Pink Sheet: Cocoa,"World Bank Commodity Price Data (Pink Sheet), monthly, updated 2026-09-02",$/kg,2020-08,2.35,https://thedocs.worldbank.org/en/doc/74e8be41ceb20fa0da750cda2f6b9e4e-0050012026/related/CMO-Historical-Data-Monthly.xlsx,2026-09-28,
cocoa,WB Pink Sheet: Cocoa,"World Bank Commodity Price Data (Pink Sheet), monthly, updated 2026-09-02",$/kg,2020-09,2.46,https://thedocs.worldbank.org/en/doc/74e8be41ceb20fa0da750cda2f6b9e4e-0050012026/related/CMO-Historical-Data-Monthly.xlsx,2026-09-28,
cocoa,WB Pink Sheet: Cocoa,"World Bank Commodity Price Data (Pink Sheet), monthly, updated 2026-09-02",$/kg,2020-10,2.29,https://thedocs.worldbank.org/en/doc/74e8be41ceb20fa0da750cda2f6b9e4e-0050012026/related/CMO-Historical-Data-Monthly.xlsx,2026-09-28,
cocoa,WB Pink Sheet: Cocoa,"World Bank Commodity Price Data (Pink Sheet), monthly, updated 2026-09-02",$/kg,2020-11,2.36,https://thedocs.worldbank.org/en/doc/74e8be41ceb20fa0da750cda2f6b9e4e-0050012026/related/CMO-Historical-Data-Monthly.xlsx,2026-09-28,
cocoa,WB Pink Sheet: Cocoa,"World Bank Commodity Price Data (Pink Sheet), monthly, updated 2026-09-02",$/kg,2020-12,2.41,https://thedocs.worldbank.org/en/doc/74e8be41ceb20fa0da750cda2f6b9e4e-0050012026/related/CMO-Historical-Data-Monthly.xlsx,2026-09-28,
cocoa,WB Pink Sheet: Cocoa,"World Bank Commodity Price Data (Pink Sheet), monthly, updated 2026-09-02",$/kg,2021-01,2.39,https://thedocs.worldbank.org/en/doc/74e8be41ceb20fa0da750cda2f6b9e4e-0050012026/related/CMO-Historical-Data-Monthly.xlsx,2026-09-28,
cocoa,WB Pink Sheet: Cocoa,"World Bank Commodity Price Data (Pink Sheet), monthly, updated 2026-09-02",$/kg,2021-02,2.41,https://thedocs.worldbank.org/en/doc/74e8be41ceb20fa0da750cda2f6b9e4e-0050012026/related/CMO-Historical-Data-Monthly.xlsx,2026-09-28,
cocoa,WB Pink Sheet: Cocoa,"World Bank Commodity Price Data (Pink Sheet), monthly, updated 2026-09-02",$/kg,2021-03,2.46,https://thedocs.worldbank.org/en/doc/74e8be41ceb20fa0da750cda2f6b9e4e-0050012026/related/CMO-Historical-Data-Monthly.xlsx,2026-09-28,
cocoa,WB Pink Sheet: Cocoa,"World Bank Commodity Price Data (Pink Sheet), monthly, updated 2026-09-02",$/kg,2021-04,2.37,https://thedocs.worldbank.org/en/doc/74e8be41ceb20fa0da750cda2f6b9e4e-0050012026/related/CMO-Historical-Data-Monthly.xlsx,2026-09-28,
cocoa,WB Pink Sheet: Cocoa,"World Bank Commodity Price Data (Pink Sheet), monthly, updated 2026-09-02",$/kg,2021-05,2.41,https://thedocs.worldbank.org/en/doc/74e8be41ceb20fa0da750cda2f6b9e4e-0050012026/related/CMO-Historical-Data-Monthly.xlsx,2026-09-28,
cocoa,WB Pink Sheet: Cocoa,"World Bank Commodity Price Data (Pink Sheet), monthly, updated 2026-09-02",$/kg,2021-06,2.37,https://thedocs.worldbank.org/en/doc/74e8be41ceb20fa0da750cda2f6b9e4e-0050012026/related/CMO-Historical-Data-Monthly.xlsx,2026-09-28,
cocoa,WB Pink Sheet: Cocoa,"World Bank Commodity Price Data (Pink Sheet), monthly, updated 2026-09-02",$/kg,2021-07,2.33,https://thedocs.worldbank.org/en/doc/74e8be41ceb20fa0da750cda2f6b9e4e-0050012026/related/CMO-Historical-Data-Monthly.xlsx,2026-09-28,
cocoa,WB Pink Sheet: Cocoa,"World Bank Commodity Price Data (Pink Sheet), monthly, updated 2026-09-02",$/kg,2021-08,2.48,https://thedocs.worldbank.org/en/doc/74e8be41ceb20fa0da750cda2f6b9e4e-0050012026/related/CMO-Historical-Data-Monthly.xlsx,2026-09-28,
cocoa,WB Pink Sheet: Cocoa,"World Bank Commodity Price Data (Pink Sheet), monthly, updated 2026-09-02",$/kg,2021-09,2.56,https://thedocs.worldbank.org/en/doc/74e8be41ceb20fa0da750cda2f6b9e4e-0050012026/related/CMO-Historical-Data-Monthly.xlsx,2026-09-28,
cocoa,WB Pink Sheet: Cocoa,"World Bank Commodity Price Data (Pink Sheet), monthly, updated 2026-09-02",$/kg,2021-10,2.57,https://thedocs.worldbank.org/en/doc/74e8be41ceb20fa0da750cda2f6b9e4e-0050012026/related/CMO-Historical-Data-Monthly.xlsx,2026-09-28,
cocoa,WB Pink Sheet: Cocoa,"World Bank Commodity Price Data (Pink Sheet), monthly, updated 2026-09-02",$/kg,2021-11,2.39,https://thedocs.worldbank.org/en/doc/74e8be41ceb20fa0da750cda2f6b9e4e-0050012026/related/CMO-Historical-Data-Monthly.xlsx,2026-09-28,
cocoa,WB Pink Sheet: Cocoa,"World Bank Commodity Price Data (Pink Sheet), monthly, updated 2026-09-02",$/kg,2021-12,2.38,https://thedocs.worldbank.org/en/doc/74e8be41ceb20fa0da750cda2f6b9e4e-0050012026/related/CMO-Historical-Data-Monthly.xlsx,2026-09-28,
cocoa,WB Pink Sheet: Cocoa,"World Bank Commodity Price Data (Pink Sheet), monthly, updated 2026-09-02",$/kg,2022-01,2.47,https://thedocs.worldbank.org/en/doc/74e8be41ceb20fa0da750cda2f6b9e4e-0050012026/related/CMO-Historical-Data-Monthly.xlsx,2026-09-28,
cocoa,WB Pink Sheet: Cocoa,"World Bank Commodity Price Data (Pink Sheet), monthly, updated 2026-09-02",$/kg,2022-02,2.55,https://thedocs.worldbank.org/en/doc/74e8be41ceb20fa0da750cda2f6b9e4e-0050012026/related/CMO-Historical-Data-Monthly.xlsx,2026-09-28,
cocoa,WB Pink Sheet: Cocoa,"World Bank Commodity Price Data (Pink Sheet), monthly, updated 2026-09-02",$/kg,2022-03,2.46,https://thedocs.worldbank.org/en/doc/74e8be41ceb20fa0da750cda2f6b9e4e-0050012026/related/CMO-Historical-Data-Monthly.xlsx,2026-09-28,
cocoa,WB Pink Sheet: Cocoa,"World Bank Commodity Price Data (Pink Sheet), monthly, updated 2026-09-02",$/kg,2022-04,2.46,https://thedocs.worldbank.org/en/doc/74e8be41ceb20fa0da750cda2f6b9e4e-0050012026/related/CMO-Historical-Data-Monthly.xlsx,2026-09-28,
cocoa,WB Pink Sheet: Cocoa,"World Bank Commodity Price Data (Pink Sheet), monthly, updated 2026-09-02",$/kg,2022-05,2.37,https://thedocs.worldbank.org/en/doc/74e8be41ceb20fa0da750cda2f6b9e4e-0050012026/related/CMO-Historical-Data-Monthly.xlsx,2026-09-28,
cocoa,WB Pink Sheet: Cocoa,"World Bank Commodity Price Data (Pink Sheet), monthly, updated 2026-09-02",$/kg,2022-06,2.32,https://thedocs.worldbank.org/en/doc/74e8be41ceb20fa0da750cda2f6b9e4e-0050012026/related/CMO-Historical-Data-Monthly.xlsx,2026-09-28,
cocoa,WB Pink Sheet: Cocoa,"World Bank Commodity Price Data (Pink Sheet), monthly, updated 2026-09-02",$/kg,2022-07,2.24,https://thedocs.worldbank.org/en/doc/74e8be41ceb20fa0da750cda2f6b9e4e-0050012026/related/CMO-Historical-Data-Monthly.xlsx,2026-09-28,
cocoa,WB Pink Sheet: Cocoa,"World Bank Commodity Price Data (Pink Sheet), monthly, updated 2026-09-02",$/kg,2022-08,2.32,https://thedocs.worldbank.org/en/doc/74e8be41ceb20fa0da750cda2f6b9e4e-0050012026/related/CMO-Historical-Data-Monthly.xlsx,2026-09-28,
cocoa,WB Pink Sheet: Cocoa,"World Bank Commodity Price Data (Pink Sheet), monthly, updated 2026-09-02",$/kg,2022-09,2.30,https://thedocs.worldbank.org/en/doc/74e8be41ceb20fa0da750cda2f6b9e4e-0050012026/related/CMO-Historical-Data-Monthly.xlsx,2026-09-28,
cocoa,WB Pink Sheet: Cocoa,"World Bank Commodity Price Data (Pink Sheet), monthly, updated 2026-09-02",$/kg,2022-10,2.31,https://thedocs.worldbank.org/en/doc/74e8be41ceb20fa0da750cda2f6b9e4e-0050012026/related/CMO-Historical-Data-Monthly.xlsx,2026-09-28,
cocoa,WB Pink Sheet: Cocoa,"World Bank Commodity Price Data (Pink Sheet), monthly, updated 2026-09-02",$/kg,2022-11,2.41,https://thedocs.worldbank.org/en/doc/74e8be41ceb20fa0da750cda2f6b9e4e-0050012026/related/CMO-Historical-Data-Monthly.xlsx,2026-09-28,
cocoa,WB Pink Sheet: Cocoa,"World Bank Commodity Price Data (Pink Sheet), monthly, updated 2026-09-02",$/kg,2022-12,2.51,https://thedocs.worldbank.org/en/doc/74e8be41ceb20fa0da750cda2f6b9e4e-0050012026/related/CMO-Historical-Data-Monthly.xlsx,2026-09-28,
cocoa,WB Pink Sheet: Cocoa,"World Bank Commodity Price Data (Pink Sheet), monthly, updated 2026-09-02",$/kg,2023-01,2.62,https://thedocs.worldbank.org/en/doc/74e8be41ceb20fa0da750cda2f6b9e4e-0050012026/related/CMO-Historical-Data-Monthly.xlsx,2026-09-28,
cocoa,WB Pink Sheet: Cocoa,"World Bank Commodity Price Data (Pink Sheet), monthly, updated 2026-09-02",$/kg,2023-02,2.65,https://thedocs.worldbank.org/en/doc/74e8be41ceb20fa0da750cda2f6b9e4e-0050012026/related/CMO-Historical-Data-Monthly.xlsx,2026-09-28,
cocoa,WB Pink Sheet: Cocoa,"World Bank Commodity Price Data (Pink Sheet), monthly, updated 2026-09-02",$/kg,2023-03,2.75,https://thedocs.worldbank.org/en/doc/74e8be41ceb20fa0da750cda2f6b9e4e-0050012026/related/CMO-Historical-Data-Monthly.xlsx,2026-09-28,
cocoa,WB Pink Sheet: Cocoa,"World Bank Commodity Price Data (Pink Sheet), monthly, updated 2026-09-02",$/kg,2023-04,2.88,https://thedocs.worldbank.org/en/doc/74e8be41ceb20fa0da750cda2f6b9e4e-0050012026/related/CMO-Historical-Data-Monthly.xlsx,2026-09-28,
cocoa,WB Pink Sheet: Cocoa,"World Bank Commodity Price Data (Pink Sheet), monthly, updated 2026-09-02",$/kg,2023-05,2.96,https://thedocs.worldbank.org/en/doc/74e8be41ceb20fa0da750cda2f6b9e4e-0050012026/related/CMO-Historical-Data-Monthly.xlsx,2026-09-28,
cocoa,WB Pink Sheet: Cocoa,"World Bank Commodity Price Data (Pink Sheet), monthly, updated 2026-09-02",$/kg,2023-06,3.17,https://thedocs.worldbank.org/en/doc/74e8be41ceb20fa0da750cda2f6b9e4e-0050012026/related/CMO-Historical-Data-Monthly.xlsx,2026-09-28,
cocoa,WB Pink Sheet: Cocoa,"World Bank Commodity Price Data (Pink Sheet), monthly, updated 2026-09-02",$/kg,2023-07,3.39,https://thedocs.worldbank.org/en/doc/74e8be41ceb20fa0da750cda2f6b9e4e-0050012026/related/CMO-Historical-Data-Monthly.xlsx,2026-09-28,
cocoa,WB Pink Sheet: Cocoa,"World Bank Commodity Price Data (Pink Sheet), monthly, updated 2026-09-02",$/kg,2023-08,3.46,https://thedocs.worldbank.org/en/doc/74e8be41ceb20fa0da750cda2f6b9e4e-0050012026/related/CMO-Historical-Data-Monthly.xlsx,2026-09-28,
cocoa,WB Pink Sheet: Cocoa,"World Bank Commodity Price Data (Pink Sheet), monthly, updated 2026-09-02",$/kg,2023-09,3.61,https://thedocs.worldbank.org/en/doc/74e8be41ceb20fa0da750cda2f6b9e4e-0050012026/related/CMO-Historical-Data-Monthly.xlsx,2026-09-28,
cocoa,WB Pink Sheet: Cocoa,"World Bank Commodity Price Data (Pink Sheet), monthly, updated 2026-09-02",$/kg,2023-10,3.63,https://thedocs.worldbank.org/en/doc/74e8be41ceb20fa0da750cda2f6b9e4e-0050012026/related/CMO-Historical-Data-Monthly.xlsx,2026-09-28,
cocoa,WB Pink Sheet: Cocoa,"World Bank Commodity Price Data (Pink Sheet), monthly, updated 2026-09-02",$/kg,2023-11,4.03,https://thedocs.worldbank.org/en/doc/74e8be41ceb20fa0da750cda2f6b9e4e-0050012026/related/CMO-Historical-Data-Monthly.xlsx,2026-09-28,
cocoa,WB Pink Sheet: Cocoa,"World Bank Commodity Price Data (Pink Sheet), monthly, updated 2026-09-02",$/kg,2023-12,4.21,https://thedocs.worldbank.org/en/doc/74e8be41ceb20fa0da750cda2f6b9e4e-0050012026/related/CMO-Historical-Data-Monthly.xlsx,2026-09-28,
cocoa,WB Pink Sheet: Cocoa,"World Bank Commodity Price Data (Pink Sheet), monthly, updated 2026-09-02",$/kg,2024-01,4.40,https://thedocs.worldbank.org/en/doc/74e8be41ceb20fa0da750cda2f6b9e4e-0050012026/related/CMO-Historical-Data-Monthly.xlsx,2026-09-28,
cocoa,WB Pink Sheet: Cocoa,"World Bank Commodity Price Data (Pink Sheet), monthly, updated 2026-09-02",$/kg,2024-02,5.56,https://thedocs.worldbank.org/en/doc/74e8be41ceb20fa0da750cda2f6b9e4e-0050012026/related/CMO-Historical-Data-Monthly.xlsx,2026-09-28,
cocoa,WB Pink Sheet: Cocoa,"World Bank Commodity Price Data (Pink Sheet), monthly, updated 2026-09-02",$/kg,2024-03,7.09,https://thedocs.worldbank.org/en/doc/74e8be41ceb20fa0da750cda2f6b9e4e-0050012026/related/CMO-Historical-Data-Monthly.xlsx,2026-09-28,
cocoa,WB Pink Sheet: Cocoa,"World Bank Commodity Price Data (Pink Sheet), monthly, updated 2026-09-02",$/kg,2024-04,9.74,https://thedocs.worldbank.org/en/doc/74e8be41ceb20fa0da750cda2f6b9e4e-0050012026/related/CMO-Historical-Data-Monthly.xlsx,2026-09-28,
cocoa,WB Pink Sheet: Cocoa,"World Bank Commodity Price Data (Pink Sheet), monthly, updated 2026-09-02",$/kg,2024-05,7.54,https://thedocs.worldbank.org/en/doc/74e8be41ceb20fa0da750cda2f6b9e4e-0050012026/related/CMO-Historical-Data-Monthly.xlsx,2026-09-28,
cocoa,WB Pink Sheet: Cocoa,"World Bank Commodity Price Data (Pink Sheet), monthly, updated 2026-09-02",$/kg,2024-06,8.27,https://thedocs.worldbank.org/en/doc/74e8be41ceb20fa0da750cda2f6b9e4e-0050012026/related/CMO-Historical-Data-Monthly.xlsx,2026-09-28,
cocoa,WB Pink Sheet: Cocoa,"World Bank Commodity Price Data (Pink Sheet), monthly, updated 2026-09-02",$/kg,2024-07,7.09,https://thedocs.worldbank.org/en/doc/74e8be41ceb20fa0da750cda2f6b9e4e-0050012026/related/CMO-Historical-Data-Monthly.xlsx,2026-09-28,
cocoa,WB Pink Sheet: Cocoa,"World Bank Commodity Price Data (Pink Sheet), monthly, updated 2026-09-02",$/kg,2024-08,6.88,https://thedocs.worldbank.org/en/doc/74e8be41ceb20fa0da750cda2f6b9e4e-0050012026/related/CMO-Historical-Data-Monthly.xlsx,2026-09-28,
cocoa,WB Pink Sheet: Cocoa,"World Bank Commodity Price Data (Pink Sheet), monthly, updated 2026-09-02",$/kg,2024-09,6.52,https://thedocs.worldbank.org/en/doc/74e8be41ceb20fa0da750cda2f6b9e4e-0050012026/related/CMO-Historical-Data-Monthly.xlsx,2026-09-28,
cocoa,WB Pink Sheet: Cocoa,"World Bank Commodity Price Data (Pink Sheet), monthly, updated 2026-09-02",$/kg,2024-10,6.66,https://thedocs.worldbank.org/en/doc/74e8be41ceb20fa0da750cda2f6b9e4e-0050012026/related/CMO-Historical-Data-Monthly.xlsx,2026-09-28,
cocoa,WB Pink Sheet: Cocoa,"World Bank Commodity Price Data (Pink Sheet), monthly, updated 2026-09-02",$/kg,2024-11,7.89,https://thedocs.worldbank.org/en/doc/74e8be41ceb20fa0da750cda2f6b9e4e-0050012026/related/CMO-Historical-Data-Monthly.xlsx,2026-09-28,
cocoa,WB Pink Sheet: Cocoa,"World Bank Commodity Price Data (Pink Sheet), monthly, updated 2026-09-02",$/kg,2024-12,10.32,https://thedocs.worldbank.org/en/doc/74e8be41ceb20fa0da750cda2f6b9e4e-0050012026/related/CMO-Historical-Data-Monthly.xlsx,2026-09-28,
cocoa,WB Pink Sheet: Cocoa,"World Bank Commodity Price Data (Pink Sheet), monthly, updated 2026-09-02",$/kg,2025-01,10.75,https://thedocs.worldbank.org/en/doc/74e8be41ceb20fa0da750cda2f6b9e4e-0050012026/related/CMO-Historical-Data-Monthly.xlsx,2026-09-28,
cocoa,WB Pink Sheet: Cocoa,"World Bank Commodity Price Data (Pink Sheet), monthly, updated 2026-09-02",$/kg,2025-02,9.86,https://thedocs.worldbank.org/en/doc/74e8be41ceb20fa0da750cda2f6b9e4e-0050012026/related/CMO-Historical-Data-Monthly.xlsx,2026-09-28,
cocoa,WB Pink Sheet: Cocoa,"World Bank Commodity Price Data (Pink Sheet), monthly, updated 2026-09-02",$/kg,2025-03,8.08,https://thedocs.worldbank.org/en/doc/74e8be41ceb20fa0da750cda2f6b9e4e-0050012026/related/CMO-Historical-Data-Monthly.xlsx,2026-09-28,
cocoa,WB Pink Sheet: Cocoa,"World Bank Commodity Price Data (Pink Sheet), monthly, updated 2026-09-02",$/kg,2025-04,8.15,https://thedocs.worldbank.org/en/doc/74e8be41ceb20fa0da750cda2f6b9e4e-0050012026/related/CMO-Historical-Data-Monthly.xlsx,2026-09-28,
cocoa,WB Pink Sheet: Cocoa,"World Bank Commodity Price Data (Pink Sheet), monthly, updated 2026-09-02",$/kg,2025-05,8.99,https://thedocs.worldbank.org/en/doc/74e8be41ceb20fa0da750cda2f6b9e4e-0050012026/related/CMO-Historical-Data-Monthly.xlsx,2026-09-28,
cocoa,WB Pink Sheet: Cocoa,"World Bank Commodity Price Data (Pink Sheet), monthly, updated 2026-09-02",$/kg,2025-06,8.40,https://thedocs.worldbank.org/en/doc/74e8be41ceb20fa0da750cda2f6b9e4e-0050012026/related/CMO-Historical-Data-Monthly.xlsx,2026-09-28,
cocoa,WB Pink Sheet: Cocoa,"World Bank Commodity Price Data (Pink Sheet), monthly, updated 2026-09-02",$/kg,2025-07,7.37,https://thedocs.worldbank.org/en/doc/74e8be41ceb20fa0da750cda2f6b9e4e-0050012026/related/CMO-Historical-Data-Monthly.xlsx,2026-09-28,
cocoa,WB Pink Sheet: Cocoa,"World Bank Commodity Price Data (Pink Sheet), monthly, updated 2026-09-02",$/kg,2025-08,7.60,https://thedocs.worldbank.org/en/doc/74e8be41ceb20fa0da750cda2f6b9e4e-0050012026/related/CMO-Historical-Data-Monthly.xlsx,2026-09-28,
cocoa,WB Pink Sheet: Cocoa,"World Bank Commodity Price Data (Pink Sheet), monthly, updated 2026-09-02",$/kg,2025-09,7.03,https://thedocs.worldbank.org/en/doc/74e8be41ceb20fa0da750cda2f6b9e4e-0050012026/related/CMO-Historical-Data-Monthly.xlsx,2026-09-28,
cocoa,WB Pink Sheet: Cocoa,"World Bank Commodity Price Data (Pink Sheet), monthly, updated 2026-09-02",$/kg,2025-10,5.95,https://thedocs.worldbank.org/en/doc/74e8be41ceb20fa0da750cda2f6b9e4e-0050012026/related/CMO-Historical-Data-Monthly.xlsx,2026-09-28,
cocoa,WB Pink Sheet: Cocoa,"World Bank Commodity Price Data (Pink Sheet), monthly, updated 2026-09-02",$/kg,2025-11,5.61,https://thedocs.worldbank.org/en/doc/74e8be41ceb20fa0da750cda2f6b9e4e-0050012026/related/CMO-Historical-Data-Monthly.xlsx,2026-09-28,
cocoa,WB Pink Sheet: Cocoa,"World Bank Commodity Price Data (Pink Sheet), monthly, updated 2026-09-02",$/kg,2025-12,5.78,https://thedocs.worldbank.org/en/doc/74e8be41ceb20fa0da750cda2f6b9e4e-0050012026/related/CMO-Historical-Data-Monthly.xlsx,2026-09-28,
cocoa,WB Pink Sheet: Cocoa,"World Bank Commodity Price Data (Pink Sheet), monthly, updated 2026-09-02",$/kg,2026-01,4.97,https://thedocs.worldbank.org/en/doc/74e8be41ceb20fa0da750cda2f6b9e4e-0050012026/related/CMO-Historical-Data-Monthly.xlsx,2026-09-28,
cocoa,WB Pink Sheet: Cocoa,"World Bank Commodity Price Data (Pink Sheet), monthly, updated 2026-09-02",$/kg,2026-02,3.59,https://thedocs.worldbank.org/en/doc/74e8be41ceb20fa0da750cda2f6b9e4e-0050012026/related/CMO-Historical-Data-Monthly.xlsx,2026-09-28,
cocoa,WB Pink Sheet: Cocoa,"World Bank Commodity Price Data (Pink Sheet), monthly, updated 2026-09-02",$/kg,2026-03,3.24,https://thedocs.worldbank.org/en/doc/74e8be41ceb20fa0da750cda2f6b9e4e-0050012026/related/CMO-Historical-Data-Monthly.xlsx,2026-09-28,
cocoa,WB Pink Sheet: Cocoa,"World Bank Commodity Price Data (Pink Sheet), monthly, updated 2026-09-02",$/kg,2026-04,3.40,https://thedocs.worldbank.org/en/doc/74e8be41ceb20fa0da750cda2f6b9e4e-0050012026/related/CMO-Historical-Data-Monthly.xlsx,2026-09-28,
cocoa,WB Pink Sheet: Cocoa,"World Bank Commodity Price Data (Pink Sheet), monthly, updated 2026-09-02",$/kg,2026-05,4.16,https://thedocs.worldbank.org/en/doc/74e8be41ceb20fa0da750cda2f6b9e4e-0050012026/related/CMO-Historical-Data-Monthly.xlsx,2026-09-28,
cocoa,WB Pink Sheet: Cocoa,"World Bank Commodity Price Data (Pink Sheet), monthly, updated 2026-09-02",$/kg,2026-06,4.40,https://thedocs.worldbank.org/en/doc/74e8be41ceb20fa0da750cda2f6b9e4e-0050012026/related/CMO-Historical-Data-Monthly.xlsx,2026-09-28,
cocoa,WB Pink Sheet: Cocoa,"World Bank Commodity Price Data (Pink Sheet), monthly, updated 2026-09-02",$/kg,2026-07,5.61,https://thedocs.worldbank.org/en/doc/74e8be41ceb20fa0da750cda2f6b9e4e-0050012026/related/CMO-Historical-Data-Monthly.xlsx,2026-09-28,
cocoa,WB Pink Sheet: Cocoa,"World Bank Commodity Price Data (Pink Sheet), monthly, updated 2026-09-02",$/kg,2026-08,5.95,https://thedocs.worldbank.org/en/doc/74e8be41ceb20fa0da750cda2f6b9e4e-0050012026/related/CMO-Historical-Data-Monthly.xlsx,2026-09-28,
coffee_arabica,"WB Pink Sheet: Coffee, Arabica","World Bank Commodity Price Data (Pink Sheet), monthly, updated 2026-09-02",$/kg,2020-01,3.13,https://thedocs.worldbank.org/en/doc/74e8be41ceb20fa0da750cda2f6b9e4e-0050012026/related/CMO-Historical-Data-Monthly.xlsx,2026-09-28,
coffee_arabica,"WB Pink Sheet: Coffee, Arabica","World Bank Commodity Price Data (Pink Sheet), monthly, updated 2026-09-02",$/kg,2020-02,2.99,https://thedocs.worldbank.org/en/doc/74e8be41ceb20fa0da750cda2f6b9e4e-0050012026/related/CMO-Historical-Data-Monthly.xlsx,2026-09-28,
coffee_arabica,"WB Pink Sheet: Coffee, Arabica","World Bank Commodity Price Data (Pink Sheet), monthly, updated 2026-09-02",$/kg,2020-03,3.27,https://thedocs.worldbank.org/en/doc/74e8be41ceb20fa0da750cda2f6b9e4e-0050012026/related/CMO-Historical-Data-Monthly.xlsx,2026-09-28,
coffee_arabica,"WB Pink Sheet: Coffee, Arabica","World Bank Commodity Price Data (Pink Sheet), monthly, updated 2026-09-02",$/kg,2020-04,3.41,https://thedocs.worldbank.org/en/doc/74e8be41ceb20fa0da750cda2f6b9e4e-0050012026/related/CMO-Historical-Data-Monthly.xlsx,2026-09-28,
coffee_arabica,"WB Pink Sheet: Coffee, Arabica","World Bank Commodity Price Data (Pink Sheet), monthly, updated 2026-09-02",$/kg,2020-05,3.30,https://thedocs.worldbank.org/en/doc/74e8be41ceb20fa0da750cda2f6b9e4e-0050012026/related/CMO-Historical-Data-Monthly.xlsx,2026-09-28,
coffee_arabica,"WB Pink Sheet: Coffee, Arabica","World Bank Commodity Price Data (Pink Sheet), monthly, updated 2026-09-02",$/kg,2020-06,3.12,https://thedocs.worldbank.org/en/doc/74e8be41ceb20fa0da750cda2f6b9e4e-0050012026/related/CMO-Historical-Data-Monthly.xlsx,2026-09-28,
coffee_arabica,"WB Pink Sheet: Coffee, Arabica","World Bank Commodity Price Data (Pink Sheet), monthly, updated 2026-09-02",$/kg,2020-07,3.24,https://thedocs.worldbank.org/en/doc/74e8be41ceb20fa0da750cda2f6b9e4e-0050012026/related/CMO-Historical-Data-Monthly.xlsx,2026-09-28,
coffee_arabica,"WB Pink Sheet: Coffee, Arabica","World Bank Commodity Price Data (Pink Sheet), monthly, updated 2026-09-02",$/kg,2020-08,3.60,https://thedocs.worldbank.org/en/doc/74e8be41ceb20fa0da750cda2f6b9e4e-0050012026/related/CMO-Historical-Data-Monthly.xlsx,2026-09-28,
coffee_arabica,"WB Pink Sheet: Coffee, Arabica","World Bank Commodity Price Data (Pink Sheet), monthly, updated 2026-09-02",$/kg,2020-09,3.67,https://thedocs.worldbank.org/en/doc/74e8be41ceb20fa0da750cda2f6b9e4e-0050012026/related/CMO-Historical-Data-Monthly.xlsx,2026-09-28,
coffee_arabica,"WB Pink Sheet: Coffee, Arabica","World Bank Commodity Price Data (Pink Sheet), monthly, updated 2026-09-02",$/kg,2020-10,3.35,https://thedocs.worldbank.org/en/doc/74e8be41ceb20fa0da750cda2f6b9e4e-0050012026/related/CMO-Historical-Data-Monthly.xlsx,2026-09-28,
coffee_arabica,"WB Pink Sheet: Coffee, Arabica","World Bank Commodity Price Data (Pink Sheet), monthly, updated 2026-09-02",$/kg,2020-11,3.32,https://thedocs.worldbank.org/en/doc/74e8be41ceb20fa0da750cda2f6b9e4e-0050012026/related/CMO-Historical-Data-Monthly.xlsx,2026-09-28,
coffee_arabica,"WB Pink Sheet: Coffee, Arabica","World Bank Commodity Price Data (Pink Sheet), monthly, updated 2026-09-02",$/kg,2020-12,3.48,https://thedocs.worldbank.org/en/doc/74e8be41ceb20fa0da750cda2f6b9e4e-0050012026/related/CMO-Historical-Data-Monthly.xlsx,2026-09-28,
coffee_arabica,"WB Pink Sheet: Coffee, Arabica","World Bank Commodity Price Data (Pink Sheet), monthly, updated 2026-09-02",$/kg,2021-01,3.54,https://thedocs.worldbank.org/en/doc/74e8be41ceb20fa0da750cda2f6b9e4e-0050012026/related/CMO-Historical-Data-Monthly.xlsx,2026-09-28,
coffee_arabica,"WB Pink Sheet: Coffee, Arabica","World Bank Commodity Price Data (Pink Sheet), monthly, updated 2026-09-02",$/kg,2021-02,3.67,https://thedocs.worldbank.org/en/doc/74e8be41ceb20fa0da750cda2f6b9e4e-0050012026/related/CMO-Historical-Data-Monthly.xlsx,2026-09-28,
coffee_arabica,"WB Pink Sheet: Coffee, Arabica","World Bank Commodity Price Data (Pink Sheet), monthly, updated 2026-09-02",$/kg,2021-03,3.68,https://thedocs.worldbank.org/en/doc/74e8be41ceb20fa0da750cda2f6b9e4e-0050012026/related/CMO-Historical-Data-Monthly.xlsx,2026-09-28,
coffee_arabica,"WB Pink Sheet: Coffee, Arabica","World Bank Commodity Price Data (Pink Sheet), monthly, updated 2026-09-02",$/kg,2021-04,3.72,https://thedocs.worldbank.org/en/doc/74e8be41ceb20fa0da750cda2f6b9e4e-0050012026/related/CMO-Historical-Data-Monthly.xlsx,2026-09-28,
coffee_arabica,"WB Pink Sheet: Coffee, Arabica","World Bank Commodity Price Data (Pink Sheet), monthly, updated 2026-09-02",$/kg,2021-05,4.11,https://thedocs.worldbank.org/en/doc/74e8be41ceb20fa0da750cda2f6b9e4e-0050012026/related/CMO-Historical-Data-Monthly.xlsx,2026-09-28,
coffee_arabica,"WB Pink Sheet: Coffee, Arabica","World Bank Commodity Price Data (Pink Sheet), monthly, updated 2026-09-02",$/kg,2021-06,4.24,https://thedocs.worldbank.org/en/doc/74e8be41ceb20fa0da750cda2f6b9e4e-0050012026/related/CMO-Historical-Data-Monthly.xlsx,2026-09-28,
coffee_arabica,"WB Pink Sheet: Coffee, Arabica","World Bank Commodity Price Data (Pink Sheet), monthly, updated 2026-09-02",$/kg,2021-07,4.50,https://thedocs.worldbank.org/en/doc/74e8be41ceb20fa0da750cda2f6b9e4e-0050012026/related/CMO-Historical-Data-Monthly.xlsx,2026-09-28,
coffee_arabica,"WB Pink Sheet: Coffee, Arabica","World Bank Commodity Price Data (Pink Sheet), monthly, updated 2026-09-02",$/kg,2021-08,4.77,https://thedocs.worldbank.org/en/doc/74e8be41ceb20fa0da750cda2f6b9e4e-0050012026/related/CMO-Historical-Data-Monthly.xlsx,2026-09-28,
coffee_arabica,"WB Pink Sheet: Coffee, Arabica","World Bank Commodity Price Data (Pink Sheet), monthly, updated 2026-09-02",$/kg,2021-09,4.97,https://thedocs.worldbank.org/en/doc/74e8be41ceb20fa0da750cda2f6b9e4e-0050012026/related/CMO-Historical-Data-Monthly.xlsx,2026-09-28,
coffee_arabica,"WB Pink Sheet: Coffee, Arabica","World Bank Commodity Price Data (Pink Sheet), monthly, updated 2026-09-02",$/kg,2021-10,5.31,https://thedocs.worldbank.org/en/doc/74e8be41ceb20fa0da750cda2f6b9e4e-0050012026/related/CMO-Historical-Data-Monthly.xlsx,2026-09-28,
coffee_arabica,"WB Pink Sheet: Coffee, Arabica","World Bank Commodity Price Data (Pink Sheet), monthly, updated 2026-09-02",$/kg,2021-11,5.71,https://thedocs.worldbank.org/en/doc/74e8be41ceb20fa0da750cda2f6b9e4e-0050012026/related/CMO-Historical-Data-Monthly.xlsx,2026-09-28,
coffee_arabica,"WB Pink Sheet: Coffee, Arabica","World Bank Commodity Price Data (Pink Sheet), monthly, updated 2026-09-02",$/kg,2021-12,5.91,https://thedocs.worldbank.org/en/doc/74e8be41ceb20fa0da750cda2f6b9e4e-0050012026/related/CMO-Historical-Data-Monthly.xlsx,2026-09-28,
coffee_arabica,"WB Pink Sheet: Coffee, Arabica","World Bank Commodity Price Data (Pink Sheet), monthly, updated 2026-09-02",$/kg,2022-01,5.98,https://thedocs.worldbank.org/en/doc/74e8be41ceb20fa0da750cda2f6b9e4e-0050012026/related/CMO-Historical-Data-Monthly.xlsx,2026-09-28,
coffee_arabica,"WB Pink Sheet: Coffee, Arabica","World Bank Commodity Price Data (Pink Sheet), monthly, updated 2026-09-02",$/kg,2022-02,6.17,https://thedocs.worldbank.org/en/doc/74e8be41ceb20fa0da750cda2f6b9e4e-0050012026/related/CMO-Historical-Data-Monthly.xlsx,2026-09-28,
coffee_arabica,"WB Pink Sheet: Coffee, Arabica","World Bank Commodity Price Data (Pink Sheet), monthly, updated 2026-09-02",$/kg,2022-03,5.70,https://thedocs.worldbank.org/en/doc/74e8be41ceb20fa0da750cda2f6b9e4e-0050012026/related/CMO-Historical-Data-Monthly.xlsx,2026-09-28,
coffee_arabica,"WB Pink Sheet: Coffee, Arabica","World Bank Commodity Price Data (Pink Sheet), monthly, updated 2026-09-02",$/kg,2022-04,5.85,https://thedocs.worldbank.org/en/doc/74e8be41ceb20fa0da750cda2f6b9e4e-0050012026/related/CMO-Historical-Data-Monthly.xlsx,2026-09-28,
coffee_arabica,"WB Pink Sheet: Coffee, Arabica","World Bank Commodity Price Data (Pink Sheet), monthly, updated 2026-09-02",$/kg,2022-05,5.74,https://thedocs.worldbank.org/en/doc/74e8be41ceb20fa0da750cda2f6b9e4e-0050012026/related/CMO-Historical-Data-Monthly.xlsx,2026-09-28,
coffee_arabica,"WB Pink Sheet: Coffee, Arabica","World Bank Commodity Price Data (Pink Sheet), monthly, updated 2026-09-02",$/kg,2022-06,6.03,https://thedocs.worldbank.org/en/doc/74e8be41ceb20fa0da750cda2f6b9e4e-0050012026/related/CMO-Historical-Data-Monthly.xlsx,2026-09-28,
coffee_arabica,"WB Pink Sheet: Coffee, Arabica","World Bank Commodity Price Data (Pink Sheet), monthly, updated 2026-09-02",$/kg,2022-07,5.64,https://thedocs.worldbank.org/en/doc/74e8be41ceb20fa0da750cda2f6b9e4e-0050012026/related/CMO-Historical-Data-Monthly.xlsx,2026-09-28,
coffee_arabica,"WB Pink Sheet: Coffee, Arabica","World Bank Commodity Price Data (Pink Sheet), monthly, updated 2026-09-02",$/kg,2022-08,5.92,https://thedocs.worldbank.org/en/doc/74e8be41ceb20fa0da750cda2f6b9e4e-0050012026/related/CMO-Historical-Data-Monthly.xlsx,2026-09-28,
coffee_arabica,"WB Pink Sheet: Coffee, Arabica","World Bank Commodity Price Data (Pink Sheet), monthly, updated 2026-09-02",$/kg,2022-09,5.90,https://thedocs.worldbank.org/en/doc/74e8be41ceb20fa0da750cda2f6b9e4e-0050012026/related/CMO-Historical-Data-Monthly.xlsx,2026-09-28,
coffee_arabica,"WB Pink Sheet: Coffee, Arabica","World Bank Commodity Price Data (Pink Sheet), monthly, updated 2026-09-02",$/kg,2022-10,5.29,https://thedocs.worldbank.org/en/doc/74e8be41ceb20fa0da750cda2f6b9e4e-0050012026/related/CMO-Historical-Data-Monthly.xlsx,2026-09-28,
coffee_arabica,"WB Pink Sheet: Coffee, Arabica","World Bank Commodity Price Data (Pink Sheet), monthly, updated 2026-09-02",$/kg,2022-11,4.72,https://thedocs.worldbank.org/en/doc/74e8be41ceb20fa0da750cda2f6b9e4e-0050012026/related/CMO-Historical-Data-Monthly.xlsx,2026-09-28,
coffee_arabica,"WB Pink Sheet: Coffee, Arabica","World Bank Commodity Price Data (Pink Sheet), monthly, updated 2026-09-02",$/kg,2022-12,4.63,https://thedocs.worldbank.org/en/doc/74e8be41ceb20fa0da750cda2f6b9e4e-0050012026/related/CMO-Historical-Data-Monthly.xlsx,2026-09-28,
coffee_arabica,"WB Pink Sheet: Coffee, Arabica","World Bank Commodity Price Data (Pink Sheet), monthly, updated 2026-09-02",$/kg,2023-01,4.56,https://thedocs.worldbank.org/en/doc/74e8be41ceb20fa0da750cda2f6b9e4e-0050012026/related/CMO-Historical-Data-Monthly.xlsx,2026-09-28,
coffee_arabica,"WB Pink Sheet: Coffee, Arabica","World Bank Commodity Price Data (Pink Sheet), monthly, updated 2026-09-02",$/kg,2023-02,5.06,https://thedocs.worldbank.org/en/doc/74e8be41ceb20fa0da750cda2f6b9e4e-0050012026/related/CMO-Historical-Data-Monthly.xlsx,2026-09-28,
coffee_arabica,"WB Pink Sheet: Coffee, Arabica","World Bank Commodity Price Data (Pink Sheet), monthly, updated 2026-09-02",$/kg,2023-03,4.90,https://thedocs.worldbank.org/en/doc/74e8be41ceb20fa0da750cda2f6b9e4e-0050012026/related/CMO-Historical-Data-Monthly.xlsx,2026-09-28,
coffee_arabica,"WB Pink Sheet: Coffee, Arabica","World Bank Commodity Price Data (Pink Sheet), monthly, updated 2026-09-02",$/kg,2023-04,5.06,https://thedocs.worldbank.org/en/doc/74e8be41ceb20fa0da750cda2f6b9e4e-0050012026/related/CMO-Historical-Data-Monthly.xlsx,2026-09-28,
coffee_arabica,"WB Pink Sheet: Coffee, Arabica","World Bank Commodity Price Data (Pink Sheet), monthly, updated 2026-09-02",$/kg,2023-05,4.85,https://thedocs.worldbank.org/en/doc/74e8be41ceb20fa0da750cda2f6b9e4e-0050012026/related/CMO-Historical-Data-Monthly.xlsx,2026-09-28,
coffee_arabica,"WB Pink Sheet: Coffee, Arabica","World Bank Commodity Price Data (Pink Sheet), monthly, updated 2026-09-02",$/kg,2023-06,4.57,https://thedocs.worldbank.org/en/doc/74e8be41ceb20fa0da750cda2f6b9e4e-0050012026/related/CMO-Historical-Data-Monthly.xlsx,2026-09-28,
coffee_arabica,"WB Pink Sheet: Coffee, Arabica","World Bank Commodity Price Data (Pink Sheet), monthly, updated 2026-09-02",$/kg,2023-07,4.27,https://thedocs.worldbank.org/en/doc/74e8be41ceb20fa0da750cda2f6b9e4e-0050012026/related/CMO-Historical-Data-Monthly.xlsx,2026-09-28,
coffee_arabica,"WB Pink Sheet: Coffee, Arabica","World Bank Commodity Price Data (Pink Sheet), monthly, updated 2026-09-02",$/kg,2023-08,4.12,https://thedocs.worldbank.org/en/doc/74e8be41ceb20fa0da750cda2f6b9e4e-0050012026/related/CMO-Historical-Data-Monthly.xlsx,2026-09-28,
coffee_arabica,"WB Pink Sheet: Coffee, Arabica","World Bank Commodity Price Data (Pink Sheet), monthly, updated 2026-09-02",$/kg,2023-09,4.05,https://thedocs.worldbank.org/en/doc/74e8be41ceb20fa0da750cda2f6b9e4e-0050012026/related/CMO-Historical-Data-Monthly.xlsx,2026-09-28,
coffee_arabica,"WB Pink Sheet: Coffee, Arabica","World Bank Commodity Price Data (Pink Sheet), monthly, updated 2026-09-02",$/kg,2023-10,4.05,https://thedocs.worldbank.org/en/doc/74e8be41ceb20fa0da750cda2f6b9e4e-0050012026/related/CMO-Historical-Data-Monthly.xlsx,2026-09-28,
coffee_arabica,"WB Pink Sheet: Coffee, Arabica","World Bank Commodity Price Data (Pink Sheet), monthly, updated 2026-09-02",$/kg,2023-11,4.35,https://thedocs.worldbank.org/en/doc/74e8be41ceb20fa0da750cda2f6b9e4e-0050012026/related/CMO-Historical-Data-Monthly.xlsx,2026-09-28,
coffee_arabica,"WB Pink Sheet: Coffee, Arabica","World Bank Commodity Price Data (Pink Sheet), monthly, updated 2026-09-02",$/kg,2023-12,4.65,https://thedocs.worldbank.org/en/doc/74e8be41ceb20fa0da750cda2f6b9e4e-0050012026/related/CMO-Historical-Data-Monthly.xlsx,2026-09-28,
coffee_arabica,"WB Pink Sheet: Coffee, Arabica","World Bank Commodity Price Data (Pink Sheet), monthly, updated 2026-09-02",$/kg,2024-01,4.47,https://thedocs.worldbank.org/en/doc/74e8be41ceb20fa0da750cda2f6b9e4e-0050012026/related/CMO-Historical-Data-Monthly.xlsx,2026-09-28,
coffee_arabica,"WB Pink Sheet: Coffee, Arabica","World Bank Commodity Price Data (Pink Sheet), monthly, updated 2026-09-02",$/kg,2024-02,4.60,https://thedocs.worldbank.org/en/doc/74e8be41ceb20fa0da750cda2f6b9e4e-0050012026/related/CMO-Historical-Data-Monthly.xlsx,2026-09-28,
coffee_arabica,"WB Pink Sheet: Coffee, Arabica","World Bank Commodity Price Data (Pink Sheet), monthly, updated 2026-09-02",$/kg,2024-03,4.61,https://thedocs.worldbank.org/en/doc/74e8be41ceb20fa0da750cda2f6b9e4e-0050012026/related/CMO-Historical-Data-Monthly.xlsx,2026-09-28,
coffee_arabica,"WB Pink Sheet: Coffee, Arabica","World Bank Commodity Price Data (Pink Sheet), monthly, updated 2026-09-02",$/kg,2024-04,5.27,https://thedocs.worldbank.org/en/doc/74e8be41ceb20fa0da750cda2f6b9e4e-0050012026/related/CMO-Historical-Data-Monthly.xlsx,2026-09-28,
coffee_arabica,"WB Pink Sheet: Coffee, Arabica","World Bank Commodity Price Data (Pink Sheet), monthly, updated 2026-09-02",$/kg,2024-05,5.08,https://thedocs.worldbank.org/en/doc/74e8be41ceb20fa0da750cda2f6b9e4e-0050012026/related/CMO-Historical-Data-Monthly.xlsx,2026-09-28,
coffee_arabica,"WB Pink Sheet: Coffee, Arabica","World Bank Commodity Price Data (Pink Sheet), monthly, updated 2026-09-02",$/kg,2024-06,5.48,https://thedocs.worldbank.org/en/doc/74e8be41ceb20fa0da750cda2f6b9e4e-0050012026/related/CMO-Historical-Data-Monthly.xlsx,2026-09-28,
coffee_arabica,"WB Pink Sheet: Coffee, Arabica","World Bank Commodity Price Data (Pink Sheet), monthly, updated 2026-09-02",$/kg,2024-07,5.67,https://thedocs.worldbank.org/en/doc/74e8be41ceb20fa0da750cda2f6b9e4e-0050012026/related/CMO-Historical-Data-Monthly.xlsx,2026-09-28,
coffee_arabica,"WB Pink Sheet: Coffee, Arabica","World Bank Commodity Price Data (Pink Sheet), monthly, updated 2026-09-02",$/kg,2024-08,5.76,https://thedocs.worldbank.org/en/doc/74e8be41ceb20fa0da750cda2f6b9e4e-0050012026/related/CMO-Historical-Data-Monthly.xlsx,2026-09-28,
coffee_arabica,"WB Pink Sheet: Coffee, Arabica","World Bank Commodity Price Data (Pink Sheet), monthly, updated 2026-09-02",$/kg,2024-09,6.12,https://thedocs.worldbank.org/en/doc/74e8be41ceb20fa0da750cda2f6b9e4e-0050012026/related/CMO-Historical-Data-Monthly.xlsx,2026-09-28,
coffee_arabica,"WB Pink Sheet: Coffee, Arabica","World Bank Commodity Price Data (Pink Sheet), monthly, updated 2026-09-02",$/kg,2024-10,6.10,https://thedocs.worldbank.org/en/doc/74e8be41ceb20fa0da750cda2f6b9e4e-0050012026/related/CMO-Historical-Data-Monthly.xlsx,2026-09-28,
coffee_arabica,"WB Pink Sheet: Coffee, Arabica","World Bank Commodity Price Data (Pink Sheet), monthly, updated 2026-09-02",$/kg,2024-11,6.72,https://thedocs.worldbank.org/en/doc/74e8be41ceb20fa0da750cda2f6b9e4e-0050012026/related/CMO-Historical-Data-Monthly.xlsx,2026-09-28,
coffee_arabica,"WB Pink Sheet: Coffee, Arabica","World Bank Commodity Price Data (Pink Sheet), monthly, updated 2026-09-02",$/kg,2024-12,7.57,https://thedocs.worldbank.org/en/doc/74e8be41ceb20fa0da750cda2f6b9e4e-0050012026/related/CMO-Historical-Data-Monthly.xlsx,2026-09-28,
coffee_arabica,"WB Pink Sheet: Coffee, Arabica","World Bank Commodity Price Data (Pink Sheet), monthly, updated 2026-09-02",$/kg,2025-01,7.81,https://thedocs.worldbank.org/en/doc/74e8be41ceb20fa0da750cda2f6b9e4e-0050012026/related/CMO-Historical-Data-Monthly.xlsx,2026-09-28,
coffee_arabica,"WB Pink Sheet: Coffee, Arabica","World Bank Commodity Price Data (Pink Sheet), monthly, updated 2026-09-02",$/kg,2025-02,9.05,https://thedocs.worldbank.org/en/doc/74e8be41ceb20fa0da750cda2f6b9e4e-0050012026/related/CMO-Historical-Data-Monthly.xlsx,2026-09-28,
coffee_arabica,"WB Pink Sheet: Coffee, Arabica","World Bank Commodity Price Data (Pink Sheet), monthly, updated 2026-09-02",$/kg,2025-03,8.92,https://thedocs.worldbank.org/en/doc/74e8be41ceb20fa0da750cda2f6b9e4e-0050012026/related/CMO-Historical-Data-Monthly.xlsx,2026-09-28,
coffee_arabica,"WB Pink Sheet: Coffee, Arabica","World Bank Commodity Price Data (Pink Sheet), monthly, updated 2026-09-02",$/kg,2025-04,8.64,https://thedocs.worldbank.org/en/doc/74e8be41ceb20fa0da750cda2f6b9e4e-0050012026/related/CMO-Historical-Data-Monthly.xlsx,2026-09-28,
coffee_arabica,"WB Pink Sheet: Coffee, Arabica","World Bank Commodity Price Data (Pink Sheet), monthly, updated 2026-09-02",$/kg,2025-05,8.77,https://thedocs.worldbank.org/en/doc/74e8be41ceb20fa0da750cda2f6b9e4e-0050012026/related/CMO-Historical-Data-Monthly.xlsx,2026-09-28,
coffee_arabica,"WB Pink Sheet: Coffee, Arabica","World Bank Commodity Price Data (Pink Sheet), monthly, updated 2026-09-02",$/kg,2025-06,8.01,https://thedocs.worldbank.org/en/doc/74e8be41ceb20fa0da750cda2f6b9e4e-0050012026/related/CMO-Historical-Data-Monthly.xlsx,2026-09-28,
coffee_arabica,"WB Pink Sheet: Coffee, Arabica","World Bank Commodity Price Data (Pink Sheet), monthly, updated 2026-09-02",$/kg,2025-07,7.18,https://thedocs.worldbank.org/en/doc/74e8be41ceb20fa0da750cda2f6b9e4e-0050012026/related/CMO-Historical-Data-Monthly.xlsx,2026-09-28,
coffee_arabica,"WB Pink Sheet: Coffee, Arabica","World Bank Commodity Price Data (Pink Sheet), monthly, updated 2026-09-02",$/kg,2025-08,8.08,https://thedocs.worldbank.org/en/doc/74e8be41ceb20fa0da750cda2f6b9e4e-0050012026/related/CMO-Historical-Data-Monthly.xlsx,2026-09-28,
coffee_arabica,"WB Pink Sheet: Coffee, Arabica","World Bank Commodity Price Data (Pink Sheet), monthly, updated 2026-09-02",$/kg,2025-09,8.83,https://thedocs.worldbank.org/en/doc/74e8be41ceb20fa0da750cda2f6b9e4e-0050012026/related/CMO-Historical-Data-Monthly.xlsx,2026-09-28,
coffee_arabica,"WB Pink Sheet: Coffee, Arabica","World Bank Commodity Price Data (Pink Sheet), monthly, updated 2026-09-02",$/kg,2025-10,8.90,https://thedocs.worldbank.org/en/doc/74e8be41ceb20fa0da750cda2f6b9e4e-0050012026/related/CMO-Historical-Data-Monthly.xlsx,2026-09-28,
coffee_arabica,"WB Pink Sheet: Coffee, Arabica","World Bank Commodity Price Data (Pink Sheet), monthly, updated 2026-09-02",$/kg,2025-11,9.05,https://thedocs.worldbank.org/en/doc/74e8be41ceb20fa0da750cda2f6b9e4e-0050012026/related/CMO-Historical-Data-Monthly.xlsx,2026-09-28,
coffee_arabica,"WB Pink Sheet: Coffee, Arabica","World Bank Commodity Price Data (Pink Sheet), monthly, updated 2026-09-02",$/kg,2025-12,8.40,https://thedocs.worldbank.org/en/doc/74e8be41ceb20fa0da750cda2f6b9e4e-0050012026/related/CMO-Historical-Data-Monthly.xlsx,2026-09-28,
coffee_arabica,"WB Pink Sheet: Coffee, Arabica","World Bank Commodity Price Data (Pink Sheet), monthly, updated 2026-09-02",$/kg,2026-01,8.02,https://thedocs.worldbank.org/en/doc/74e8be41ceb20fa0da750cda2f6b9e4e-0050012026/related/CMO-Historical-Data-Monthly.xlsx,2026-09-28,
coffee_arabica,"WB Pink Sheet: Coffee, Arabica","World Bank Commodity Price Data (Pink Sheet), monthly, updated 2026-09-02",$/kg,2026-02,7.08,https://thedocs.worldbank.org/en/doc/74e8be41ceb20fa0da750cda2f6b9e4e-0050012026/related/CMO-Historical-Data-Monthly.xlsx,2026-09-28,
coffee_arabica,"WB Pink Sheet: Coffee, Arabica","World Bank Commodity Price Data (Pink Sheet), monthly, updated 2026-09-02",$/kg,2026-03,7.37,https://thedocs.worldbank.org/en/doc/74e8be41ceb20fa0da750cda2f6b9e4e-0050012026/related/CMO-Historical-Data-Monthly.xlsx,2026-09-28,
coffee_arabica,"WB Pink Sheet: Coffee, Arabica","World Bank Commodity Price Data (Pink Sheet), monthly, updated 2026-09-02",$/kg,2026-04,7.30,https://thedocs.worldbank.org/en/doc/74e8be41ceb20fa0da750cda2f6b9e4e-0050012026/related/CMO-Historical-Data-Monthly.xlsx,2026-09-28,
coffee_arabica,"WB Pink Sheet: Coffee, Arabica","World Bank Commodity Price Data (Pink Sheet), monthly, updated 2026-09-02",$/kg,2026-05,6.95,https://thedocs.worldbank.org/en/doc/74e8be41ceb20fa0da750cda2f6b9e4e-0050012026/related/CMO-Historical-Data-Monthly.xlsx,2026-09-28,
coffee_arabica,"WB Pink Sheet: Coffee, Arabica","World Bank Commodity Price Data (Pink Sheet), monthly, updated 2026-09-02",$/kg,2026-06,6.79,https://thedocs.worldbank.org/en/doc/74e8be41ceb20fa0da750cda2f6b9e4e-0050012026/related/CMO-Historical-Data-Monthly.xlsx,2026-09-28,
coffee_arabica,"WB Pink Sheet: Coffee, Arabica","World Bank Commodity Price Data (Pink Sheet), monthly, updated 2026-09-02",$/kg,2026-07,7.91,https://thedocs.worldbank.org/en/doc/74e8be41ceb20fa0da750cda2f6b9e4e-0050012026/related/CMO-Historical-Data-Monthly.xlsx,2026-09-28,
coffee_arabica,"WB Pink Sheet: Coffee, Arabica","World Bank Commodity Price Data (Pink Sheet), monthly, updated 2026-09-02",$/kg,2026-08,7.97,https://thedocs.worldbank.org/en/doc/74e8be41ceb20fa0da750cda2f6b9e4e-0050012026/related/CMO-Historical-Data-Monthly.xlsx,2026-09-28,
coffee_robusta,"WB Pink Sheet: Coffee, Robusta","World Bank Commodity Price Data (Pink Sheet), monthly, updated 2026-09-02",$/kg,2020-01,1.56,https://thedocs.worldbank.org/en/doc/74e8be41ceb20fa0da750cda2f6b9e4e-0050012026/related/CMO-Historical-Data-Monthly.xlsx,2026-09-28,
coffee_robusta,"WB Pink Sheet: Coffee, Robusta","World Bank Commodity Price Data (Pink Sheet), monthly, updated 2026-09-02",$/kg,2020-02,1.50,https://thedocs.worldbank.org/en/doc/74e8be41ceb20fa0da750cda2f6b9e4e-0050012026/related/CMO-Historical-Data-Monthly.xlsx,2026-09-28,
coffee_robusta,"WB Pink Sheet: Coffee, Robusta","World Bank Commodity Price Data (Pink Sheet), monthly, updated 2026-09-02",$/kg,2020-03,1.49,https://thedocs.worldbank.org/en/doc/74e8be41ceb20fa0da750cda2f6b9e4e-0050012026/related/CMO-Historical-Data-Monthly.xlsx,2026-09-28,
coffee_robusta,"WB Pink Sheet: Coffee, Robusta","World Bank Commodity Price Data (Pink Sheet), monthly, updated 2026-09-02",$/kg,2020-04,1.41,https://thedocs.worldbank.org/en/doc/74e8be41ceb20fa0da750cda2f6b9e4e-0050012026/related/CMO-Historical-Data-Monthly.xlsx,2026-09-28,
coffee_robusta,"WB Pink Sheet: Coffee, Robusta","World Bank Commodity Price Data (Pink Sheet), monthly, updated 2026-09-02",$/kg,2020-05,1.42,https://thedocs.worldbank.org/en/doc/74e8be41ceb20fa0da750cda2f6b9e4e-0050012026/related/CMO-Historical-Data-Monthly.xlsx,2026-09-28,
coffee_robusta,"WB Pink Sheet: Coffee, Robusta","World Bank Commodity Price Data (Pink Sheet), monthly, updated 2026-09-02",$/kg,2020-06,1.42,https://thedocs.worldbank.org/en/doc/74e8be41ceb20fa0da750cda2f6b9e4e-0050012026/related/CMO-Historical-Data-Monthly.xlsx,2026-09-28,
coffee_robusta,"WB Pink Sheet: Coffee, Robusta","World Bank Commodity Price Data (Pink Sheet), monthly, updated 2026-09-02",$/kg,2020-07,1.49,https://thedocs.worldbank.org/en/doc/74e8be41ceb20fa0da750cda2f6b9e4e-0050012026/related/CMO-Historical-Data-Monthly.xlsx,2026-09-28,
coffee_robusta,"WB Pink Sheet: Coffee, Robusta","World Bank Commodity Price Data (Pink Sheet), monthly, updated 2026-09-02",$/kg,2020-08,1.60,https://thedocs.worldbank.org/en/doc/74e8be41ceb20fa0da750cda2f6b9e4e-0050012026/related/CMO-Historical-Data-Monthly.xlsx,2026-09-28,
coffee_robusta,"WB Pink Sheet: Coffee, Robusta","World Bank Commodity Price Data (Pink Sheet), monthly, updated 2026-09-02",$/kg,2020-09,1.60,https://thedocs.worldbank.org/en/doc/74e8be41ceb20fa0da750cda2f6b9e4e-0050012026/related/CMO-Historical-Data-Monthly.xlsx,2026-09-28,
coffee_robusta,"WB Pink Sheet: Coffee, Robusta","World Bank Commodity Price Data (Pink Sheet), monthly, updated 2026-09-02",$/kg,2020-10,1.51,https://thedocs.worldbank.org/en/doc/74e8be41ceb20fa0da750cda2f6b9e4e-0050012026/related/CMO-Historical-Data-Monthly.xlsx,2026-09-28,
coffee_robusta,"WB Pink Sheet: Coffee, Robusta","World Bank Commodity Price Data (Pink Sheet), monthly, updated 2026-09-02",$/kg,2020-11,1.60,https://thedocs.worldbank.org/en/doc/74e8be41ceb20fa0da750cda2f6b9e4e-0050012026/related/CMO-Historical-Data-Monthly.xlsx,2026-09-28,
coffee_robusta,"WB Pink Sheet: Coffee, Robusta","World Bank Commodity Price Data (Pink Sheet), monthly, updated 2026-09-02",$/kg,2020-12,1.59,https://thedocs.worldbank.org/en/doc/74e8be41ceb20fa0da750cda2f6b9e4e-0050012026/related/CMO-Historical-Data-Monthly.xlsx,2026-09-28,
coffee_robusta,"WB Pink Sheet: Coffee, Robusta","World Bank Commodity Price Data (Pink Sheet), monthly, updated 2026-09-02",$/kg,2021-01,1.56,https://thedocs.worldbank.org/en/doc/74e8be41ceb20fa0da750cda2f6b9e4e-0050012026/related/CMO-Historical-Data-Monthly.xlsx,2026-09-28,
coffee_robusta,"WB Pink Sheet: Coffee, Robusta","World Bank Commodity Price Data (Pink Sheet), monthly, updated 2026-09-02",$/kg,2021-02,1.62,https://thedocs.worldbank.org/en/doc/74e8be41ceb20fa0da750cda2f6b9e4e-0050012026/related/CMO-Historical-Data-Monthly.xlsx,2026-09-28,
coffee_robusta,"WB Pink Sheet: Coffee, Robusta","World Bank Commodity Price Data (Pink Sheet), monthly, updated 2026-09-02",$/kg,2021-03,1.63,https://thedocs.worldbank.org/en/doc/74e8be41ceb20fa0da750cda2f6b9e4e-0050012026/related/CMO-Historical-Data-Monthly.xlsx,2026-09-28,
coffee_robusta,"WB Pink Sheet: Coffee, Robusta","World Bank Commodity Price Data (Pink Sheet), monthly, updated 2026-09-02",$/kg,2021-04,1.64,https://thedocs.worldbank.org/en/doc/74e8be41ceb20fa0da750cda2f6b9e4e-0050012026/related/CMO-Historical-Data-Monthly.xlsx,2026-09-28,
coffee_robusta,"WB Pink Sheet: Coffee, Robusta","World Bank Commodity Price Data (Pink Sheet), monthly, updated 2026-09-02",$/kg,2021-05,1.76,https://thedocs.worldbank.org/en/doc/74e8be41ceb20fa0da750cda2f6b9e4e-0050012026/related/CMO-Historical-Data-Monthly.xlsx,2026-09-28,
coffee_robusta,"WB Pink Sheet: Coffee, Robusta","World Bank Commodity Price Data (Pink Sheet), monthly, updated 2026-09-02",$/kg,2021-06,1.87,https://thedocs.worldbank.org/en/doc/74e8be41ceb20fa0da750cda2f6b9e4e-0050012026/related/CMO-Historical-Data-Monthly.xlsx,2026-09-28,
coffee_robusta,"WB Pink Sheet: Coffee, Robusta","World Bank Commodity Price Data (Pink Sheet), monthly, updated 2026-09-02",$/kg,2021-07,2.08,https://thedocs.worldbank.org/en/doc/74e8be41ceb20fa0da750cda2f6b9e4e-0050012026/related/CMO-Historical-Data-Monthly.xlsx,2026-09-28,
coffee_robusta,"WB Pink Sheet: Coffee, Robusta","World Bank Commodity Price Data (Pink Sheet), monthly, updated 2026-09-02",$/kg,2021-08,2.10,https://thedocs.worldbank.org/en/doc/74e8be41ceb20fa0da750cda2f6b9e4e-0050012026/related/CMO-Historical-Data-Monthly.xlsx,2026-09-28,
coffee_robusta,"WB Pink Sheet: Coffee, Robusta","World Bank Commodity Price Data (Pink Sheet), monthly, updated 2026-09-02",$/kg,2021-09,2.31,https://thedocs.worldbank.org/en/doc/74e8be41ceb20fa0da750cda2f6b9e4e-0050012026/related/CMO-Historical-Data-Monthly.xlsx,2026-09-28,
coffee_robusta,"WB Pink Sheet: Coffee, Robusta","World Bank Commodity Price Data (Pink Sheet), monthly, updated 2026-09-02",$/kg,2021-10,2.32,https://thedocs.worldbank.org/en/doc/74e8be41ceb20fa0da750cda2f6b9e4e-0050012026/related/CMO-Historical-Data-Monthly.xlsx,2026-09-28,
coffee_robusta,"WB Pink Sheet: Coffee, Robusta","World Bank Commodity Price Data (Pink Sheet), monthly, updated 2026-09-02",$/kg,2021-11,2.41,https://thedocs.worldbank.org/en/doc/74e8be41ceb20fa0da750cda2f6b9e4e-0050012026/related/CMO-Historical-Data-Monthly.xlsx,2026-09-28,
coffee_robusta,"WB Pink Sheet: Coffee, Robusta","World Bank Commodity Price Data (Pink Sheet), monthly, updated 2026-09-02",$/kg,2021-12,2.48,https://thedocs.worldbank.org/en/doc/74e8be41ceb20fa0da750cda2f6b9e4e-0050012026/related/CMO-Historical-Data-Monthly.xlsx,2026-09-28,
coffee_robusta,"WB Pink Sheet: Coffee, Robusta","World Bank Commodity Price Data (Pink Sheet), monthly, updated 2026-09-02",$/kg,2022-01,2.43,https://thedocs.worldbank.org/en/doc/74e8be41ceb20fa0da750cda2f6b9e4e-0050012026/related/CMO-Historical-Data-Monthly.xlsx,2026-09-28,
coffee_robusta,"WB Pink Sheet: Coffee, Robusta","World Bank Commodity Price Data (Pink Sheet), monthly, updated 2026-09-02",$/kg,2022-02,2.41,https://thedocs.worldbank.org/en/doc/74e8be41ceb20fa0da750cda2f6b9e4e-0050012026/related/CMO-Historical-Data-Monthly.xlsx,2026-09-28,
coffee_robusta,"WB Pink Sheet: Coffee, Robusta","World Bank Commodity Price Data (Pink Sheet), monthly, updated 2026-09-02",$/kg,2022-03,2.29,https://thedocs.worldbank.org/en/doc/74e8be41ceb20fa0da750cda2f6b9e4e-0050012026/related/CMO-Historical-Data-Monthly.xlsx,2026-09-28,
coffee_robusta,"WB Pink Sheet: Coffee, Robusta","World Bank Commodity Price Data (Pink Sheet), monthly, updated 2026-09-02",$/kg,2022-04,2.29,https://thedocs.worldbank.org/en/doc/74e8be41ceb20fa0da750cda2f6b9e4e-0050012026/related/CMO-Historical-Data-Monthly.xlsx,2026-09-28,
coffee_robusta,"WB Pink Sheet: Coffee, Robusta","World Bank Commodity Price Data (Pink Sheet), monthly, updated 2026-09-02",$/kg,2022-05,2.27,https://thedocs.worldbank.org/en/doc/74e8be41ceb20fa0da750cda2f6b9e4e-0050012026/related/CMO-Historical-Data-Monthly.xlsx,2026-09-28,
coffee_robusta,"WB Pink Sheet: Coffee, Robusta","World Bank Commodity Price Data (Pink Sheet), monthly, updated 2026-09-02",$/kg,2022-06,2.29,https://thedocs.worldbank.org/en/doc/74e8be41ceb20fa0da750cda2f6b9e4e-0050012026/related/CMO-Historical-Data-Monthly.xlsx,2026-09-28,
coffee_robusta,"WB Pink Sheet: Coffee, Robusta","World Bank Commodity Price Data (Pink Sheet), monthly, updated 2026-09-02",$/kg,2022-07,2.21,https://thedocs.worldbank.org/en/doc/74e8be41ceb20fa0da750cda2f6b9e4e-0050012026/related/CMO-Historical-Data-Monthly.xlsx,2026-09-28,
coffee_robusta,"WB Pink Sheet: Coffee, Robusta","World Bank Commodity Price Data (Pink Sheet), monthly, updated 2026-09-02",$/kg,2022-08,2.42,https://thedocs.worldbank.org/en/doc/74e8be41ceb20fa0da750cda2f6b9e4e-0050012026/related/CMO-Historical-Data-Monthly.xlsx,2026-09-28,
coffee_robusta,"WB Pink Sheet: Coffee, Robusta","World Bank Commodity Price Data (Pink Sheet), monthly, updated 2026-09-02",$/kg,2022-09,2.46,https://thedocs.worldbank.org/en/doc/74e8be41ceb20fa0da750cda2f6b9e4e-0050012026/related/CMO-Historical-Data-Monthly.xlsx,2026-09-28,
coffee_robusta,"WB Pink Sheet: Coffee, Robusta","World Bank Commodity Price Data (Pink Sheet), monthly, updated 2026-09-02",$/kg,2022-10,2.27,https://thedocs.worldbank.org/en/doc/74e8be41ceb20fa0da750cda2f6b9e4e-0050012026/related/CMO-Historical-Data-Monthly.xlsx,2026-09-28,
coffee_robusta,"WB Pink Sheet: Coffee, Robusta","World Bank Commodity Price Data (Pink Sheet), monthly, updated 2026-09-02",$/kg,2022-11,2.04,https://thedocs.worldbank.org/en/doc/74e8be41ceb20fa0da750cda2f6b9e4e-0050012026/related/CMO-Historical-Data-Monthly.xlsx,2026-09-28,
coffee_robusta,"WB Pink Sheet: Coffee, Robusta","World Bank Commodity Price Data (Pink Sheet), monthly, updated 2026-09-02",$/kg,2022-12,2.05,https://thedocs.worldbank.org/en/doc/74e8be41ceb20fa0da750cda2f6b9e4e-0050012026/related/CMO-Historical-Data-Monthly.xlsx,2026-09-28,
coffee_robusta,"WB Pink Sheet: Coffee, Robusta","World Bank Commodity Price Data (Pink Sheet), monthly, updated 2026-09-02",$/kg,2023-01,2.12,https://thedocs.worldbank.org/en/doc/74e8be41ceb20fa0da750cda2f6b9e4e-0050012026/related/CMO-Historical-Data-Monthly.xlsx,2026-09-28,
coffee_robusta,"WB Pink Sheet: Coffee, Robusta","World Bank Commodity Price Data (Pink Sheet), monthly, updated 2026-09-02",$/kg,2023-02,2.29,https://thedocs.worldbank.org/en/doc/74e8be41ceb20fa0da750cda2f6b9e4e-0050012026/related/CMO-Historical-Data-Monthly.xlsx,2026-09-28,
coffee_robusta,"WB Pink Sheet: Coffee, Robusta","World Bank Commodity Price Data (Pink Sheet), monthly, updated 2026-09-02",$/kg,2023-03,2.35,https://thedocs.worldbank.org/en/doc/74e8be41ceb20fa0da750cda2f6b9e4e-0050012026/related/CMO-Historical-Data-Monthly.xlsx,2026-09-28,
coffee_robusta,"WB Pink Sheet: Coffee, Robusta","World Bank Commodity Price Data (Pink Sheet), monthly, updated 2026-09-02",$/kg,2023-04,2.55,https://thedocs.worldbank.org/en/doc/74e8be41ceb20fa0da750cda2f6b9e4e-0050012026/related/CMO-Historical-Data-Monthly.xlsx,2026-09-28,
coffee_robusta,"WB Pink Sheet: Coffee, Robusta","World Bank Commodity Price Data (Pink Sheet), monthly, updated 2026-09-02",$/kg,2023-05,2.70,https://thedocs.worldbank.org/en/doc/74e8be41ceb20fa0da750cda2f6b9e4e-0050012026/related/CMO-Historical-Data-Monthly.xlsx,2026-09-28,
coffee_robusta,"WB Pink Sheet: Coffee, Robusta","World Bank Commodity Price Data (Pink Sheet), monthly, updated 2026-09-02",$/kg,2023-06,2.91,https://thedocs.worldbank.org/en/doc/74e8be41ceb20fa0da750cda2f6b9e4e-0050012026/related/CMO-Historical-Data-Monthly.xlsx,2026-09-28,
coffee_robusta,"WB Pink Sheet: Coffee, Robusta","World Bank Commodity Price Data (Pink Sheet), monthly, updated 2026-09-02",$/kg,2023-07,2.81,https://thedocs.worldbank.org/en/doc/74e8be41ceb20fa0da750cda2f6b9e4e-0050012026/related/CMO-Historical-Data-Monthly.xlsx,2026-09-28,
coffee_robusta,"WB Pink Sheet: Coffee, Robusta","World Bank Commodity Price Data (Pink Sheet), monthly, updated 2026-09-02",$/kg,2023-08,2.75,https://thedocs.worldbank.org/en/doc/74e8be41ceb20fa0da750cda2f6b9e4e-0050012026/related/CMO-Historical-Data-Monthly.xlsx,2026-09-28,
coffee_robusta,"WB Pink Sheet: Coffee, Robusta","World Bank Commodity Price Data (Pink Sheet), monthly, updated 2026-09-02",$/kg,2023-09,2.73,https://thedocs.worldbank.org/en/doc/74e8be41ceb20fa0da750cda2f6b9e4e-0050012026/related/CMO-Historical-Data-Monthly.xlsx,2026-09-28,
coffee_robusta,"WB Pink Sheet: Coffee, Robusta","World Bank Commodity Price Data (Pink Sheet), monthly, updated 2026-09-02",$/kg,2023-10,2.62,https://thedocs.worldbank.org/en/doc/74e8be41ceb20fa0da750cda2f6b9e4e-0050012026/related/CMO-Historical-Data-Monthly.xlsx,2026-09-28,
coffee_robusta,"WB Pink Sheet: Coffee, Robusta","World Bank Commodity Price Data (Pink Sheet), monthly, updated 2026-09-02",$/kg,2023-11,2.70,https://thedocs.worldbank.org/en/doc/74e8be41ceb20fa0da750cda2f6b9e4e-0050012026/related/CMO-Historical-Data-Monthly.xlsx,2026-09-28,
coffee_robusta,"WB Pink Sheet: Coffee, Robusta","World Bank Commodity Price Data (Pink Sheet), monthly, updated 2026-09-02",$/kg,2023-12,2.99,https://thedocs.worldbank.org/en/doc/74e8be41ceb20fa0da750cda2f6b9e4e-0050012026/related/CMO-Historical-Data-Monthly.xlsx,2026-09-28,
coffee_robusta,"WB Pink Sheet: Coffee, Robusta","World Bank Commodity Price Data (Pink Sheet), monthly, updated 2026-09-02",$/kg,2024-01,3.26,https://thedocs.worldbank.org/en/doc/74e8be41ceb20fa0da750cda2f6b9e4e-0050012026/related/CMO-Historical-Data-Monthly.xlsx,2026-09-28,
coffee_robusta,"WB Pink Sheet: Coffee, Robusta","World Bank Commodity Price Data (Pink Sheet), monthly, updated 2026-09-02",$/kg,2024-02,3.38,https://thedocs.worldbank.org/en/doc/74e8be41ceb20fa0da750cda2f6b9e4e-0050012026/related/CMO-Historical-Data-Monthly.xlsx,2026-09-28,
coffee_robusta,"WB Pink Sheet: Coffee, Robusta","World Bank Commodity Price Data (Pink Sheet), monthly, updated 2026-09-02",$/kg,2024-03,3.66,https://thedocs.worldbank.org/en/doc/74e8be41ceb20fa0da750cda2f6b9e4e-0050012026/related/CMO-Historical-Data-Monthly.xlsx,2026-09-28,
coffee_robusta,"WB Pink Sheet: Coffee, Robusta","World Bank Commodity Price Data (Pink Sheet), monthly, updated 2026-09-02",$/kg,2024-04,4.23,https://thedocs.worldbank.org/en/doc/74e8be41ceb20fa0da750cda2f6b9e4e-0050012026/related/CMO-Historical-Data-Monthly.xlsx,2026-09-28,
coffee_robusta,"WB Pink Sheet: Coffee, Robusta","World Bank Commodity Price Data (Pink Sheet), monthly, updated 2026-09-02",$/kg,2024-05,4.04,https://thedocs.worldbank.org/en/doc/74e8be41ceb20fa0da750cda2f6b9e4e-0050012026/related/CMO-Historical-Data-Monthly.xlsx,2026-09-28,
coffee_robusta,"WB Pink Sheet: Coffee, Robusta","World Bank Commodity Price Data (Pink Sheet), monthly, updated 2026-09-02",$/kg,2024-06,4.50,https://thedocs.worldbank.org/en/doc/74e8be41ceb20fa0da750cda2f6b9e4e-0050012026/related/CMO-Historical-Data-Monthly.xlsx,2026-09-28,
coffee_robusta,"WB Pink Sheet: Coffee, Robusta","World Bank Commodity Price Data (Pink Sheet), monthly, updated 2026-09-02",$/kg,2024-07,4.73,https://thedocs.worldbank.org/en/doc/74e8be41ceb20fa0da750cda2f6b9e4e-0050012026/related/CMO-Historical-Data-Monthly.xlsx,2026-09-28,
coffee_robusta,"WB Pink Sheet: Coffee, Robusta","World Bank Commodity Price Data (Pink Sheet), monthly, updated 2026-09-02",$/kg,2024-08,4.73,https://thedocs.worldbank.org/en/doc/74e8be41ceb20fa0da750cda2f6b9e4e-0050012026/related/CMO-Historical-Data-Monthly.xlsx,2026-09-28,
coffee_robusta,"WB Pink Sheet: Coffee, Robusta","World Bank Commodity Price Data (Pink Sheet), monthly, updated 2026-09-02",$/kg,2024-09,5.33,https://thedocs.worldbank.org/en/doc/74e8be41ceb20fa0da750cda2f6b9e4e-0050012026/related/CMO-Historical-Data-Monthly.xlsx,2026-09-28,
coffee_robusta,"WB Pink Sheet: Coffee, Robusta","World Bank Commodity Price Data (Pink Sheet), monthly, updated 2026-09-02",$/kg,2024-10,4.89,https://thedocs.worldbank.org/en/doc/74e8be41ceb20fa0da750cda2f6b9e4e-0050012026/related/CMO-Historical-Data-Monthly.xlsx,2026-09-28,
coffee_robusta,"WB Pink Sheet: Coffee, Robusta","World Bank Commodity Price Data (Pink Sheet), monthly, updated 2026-09-02",$/kg,2024-11,4.98,https://thedocs.worldbank.org/en/doc/74e8be41ceb20fa0da750cda2f6b9e4e-0050012026/related/CMO-Historical-Data-Monthly.xlsx,2026-09-28,
coffee_robusta,"WB Pink Sheet: Coffee, Robusta","World Bank Commodity Price Data (Pink Sheet), monthly, updated 2026-09-02",$/kg,2024-12,5.22,https://thedocs.worldbank.org/en/doc/74e8be41ceb20fa0da750cda2f6b9e4e-0050012026/related/CMO-Historical-Data-Monthly.xlsx,2026-09-28,
coffee_robusta,"WB Pink Sheet: Coffee, Robusta","World Bank Commodity Price Data (Pink Sheet), monthly, updated 2026-09-02",$/kg,2025-01,5.41,https://thedocs.worldbank.org/en/doc/74e8be41ceb20fa0da750cda2f6b9e4e-0050012026/related/CMO-Historical-Data-Monthly.xlsx,2026-09-28,
coffee_robusta,"WB Pink Sheet: Coffee, Robusta","World Bank Commodity Price Data (Pink Sheet), monthly, updated 2026-09-02",$/kg,2025-02,5.81,https://thedocs.worldbank.org/en/doc/74e8be41ceb20fa0da750cda2f6b9e4e-0050012026/related/CMO-Historical-Data-Monthly.xlsx,2026-09-28,
coffee_robusta,"WB Pink Sheet: Coffee, Robusta","World Bank Commodity Price Data (Pink Sheet), monthly, updated 2026-09-02",$/kg,2025-03,5.69,https://thedocs.worldbank.org/en/doc/74e8be41ceb20fa0da750cda2f6b9e4e-0050012026/related/CMO-Historical-Data-Monthly.xlsx,2026-09-28,
coffee_robusta,"WB Pink Sheet: Coffee, Robusta","World Bank Commodity Price Data (Pink Sheet), monthly, updated 2026-09-02",$/kg,2025-04,5.43,https://thedocs.worldbank.org/en/doc/74e8be41ceb20fa0da750cda2f6b9e4e-0050012026/related/CMO-Historical-Data-Monthly.xlsx,2026-09-28,
coffee_robusta,"WB Pink Sheet: Coffee, Robusta","World Bank Commodity Price Data (Pink Sheet), monthly, updated 2026-09-02",$/kg,2025-05,5.24,https://thedocs.worldbank.org/en/doc/74e8be41ceb20fa0da750cda2f6b9e4e-0050012026/related/CMO-Historical-Data-Monthly.xlsx,2026-09-28,
coffee_robusta,"WB Pink Sheet: Coffee, Robusta","World Bank Commodity Price Data (Pink Sheet), monthly, updated 2026-09-02",$/kg,2025-06,4.33,https://thedocs.worldbank.org/en/doc/74e8be41ceb20fa0da750cda2f6b9e4e-0050012026/related/CMO-Historical-Data-Monthly.xlsx,2026-09-28,
coffee_robusta,"WB Pink Sheet: Coffee, Robusta","World Bank Commodity Price Data (Pink Sheet), monthly, updated 2026-09-02",$/kg,2025-07,3.69,https://thedocs.worldbank.org/en/doc/74e8be41ceb20fa0da750cda2f6b9e4e-0050012026/related/CMO-Historical-Data-Monthly.xlsx,2026-09-28,
coffee_robusta,"WB Pink Sheet: Coffee, Robusta","World Bank Commodity Price Data (Pink Sheet), monthly, updated 2026-09-02",$/kg,2025-08,4.39,https://thedocs.worldbank.org/en/doc/74e8be41ceb20fa0da750cda2f6b9e4e-0050012026/related/CMO-Historical-Data-Monthly.xlsx,2026-09-28,
coffee_robusta,"WB Pink Sheet: Coffee, Robusta","World Bank Commodity Price Data (Pink Sheet), monthly, updated 2026-09-02",$/kg,2025-09,4.66,https://thedocs.worldbank.org/en/doc/74e8be41ceb20fa0da750cda2f6b9e4e-0050012026/related/CMO-Historical-Data-Monthly.xlsx,2026-09-28,
coffee_robusta,"WB Pink Sheet: Coffee, Robusta","World Bank Commodity Price Data (Pink Sheet), monthly, updated 2026-09-02",$/kg,2025-10,4.74,https://thedocs.worldbank.org/en/doc/74e8be41ceb20fa0da750cda2f6b9e4e-0050012026/related/CMO-Historical-Data-Monthly.xlsx,2026-09-28,
coffee_robusta,"WB Pink Sheet: Coffee, Robusta","World Bank Commodity Price Data (Pink Sheet), monthly, updated 2026-09-02",$/kg,2025-11,4.74,https://thedocs.worldbank.org/en/doc/74e8be41ceb20fa0da750cda2f6b9e4e-0050012026/related/CMO-Historical-Data-Monthly.xlsx,2026-09-28,
coffee_robusta,"WB Pink Sheet: Coffee, Robusta","World Bank Commodity Price Data (Pink Sheet), monthly, updated 2026-09-02",$/kg,2025-12,4.20,https://thedocs.worldbank.org/en/doc/74e8be41ceb20fa0da750cda2f6b9e4e-0050012026/related/CMO-Historical-Data-Monthly.xlsx,2026-09-28,
coffee_robusta,"WB Pink Sheet: Coffee, Robusta","World Bank Commodity Price Data (Pink Sheet), monthly, updated 2026-09-02",$/kg,2026-01,4.24,https://thedocs.worldbank.org/en/doc/74e8be41ceb20fa0da750cda2f6b9e4e-0050012026/related/CMO-Historical-Data-Monthly.xlsx,2026-09-28,
coffee_robusta,"WB Pink Sheet: Coffee, Robusta","World Bank Commodity Price Data (Pink Sheet), monthly, updated 2026-09-02",$/kg,2026-02,3.96,https://thedocs.worldbank.org/en/doc/74e8be41ceb20fa0da750cda2f6b9e4e-0050012026/related/CMO-Historical-Data-Monthly.xlsx,2026-09-28,
coffee_robusta,"WB Pink Sheet: Coffee, Robusta","World Bank Commodity Price Data (Pink Sheet), monthly, updated 2026-09-02",$/kg,2026-03,3.90,https://thedocs.worldbank.org/en/doc/74e8be41ceb20fa0da750cda2f6b9e4e-0050012026/related/CMO-Historical-Data-Monthly.xlsx,2026-09-28,
coffee_robusta,"WB Pink Sheet: Coffee, Robusta","World Bank Commodity Price Data (Pink Sheet), monthly, updated 2026-09-02",$/kg,2026-04,3.63,https://thedocs.worldbank.org/en/doc/74e8be41ceb20fa0da750cda2f6b9e4e-0050012026/related/CMO-Historical-Data-Monthly.xlsx,2026-09-28,
coffee_robusta,"WB Pink Sheet: Coffee, Robusta","World Bank Commodity Price Data (Pink Sheet), monthly, updated 2026-09-02",$/kg,2026-05,3.67,https://thedocs.worldbank.org/en/doc/74e8be41ceb20fa0da750cda2f6b9e4e-0050012026/related/CMO-Historical-Data-Monthly.xlsx,2026-09-28,
coffee_robusta,"WB Pink Sheet: Coffee, Robusta","World Bank Commodity Price Data (Pink Sheet), monthly, updated 2026-09-02",$/kg,2026-06,3.73,https://thedocs.worldbank.org/en/doc/74e8be41ceb20fa0da750cda2f6b9e4e-0050012026/related/CMO-Historical-Data-Monthly.xlsx,2026-09-28,
coffee_robusta,"WB Pink Sheet: Coffee, Robusta","World Bank Commodity Price Data (Pink Sheet), monthly, updated 2026-09-02",$/kg,2026-07,4.07,https://thedocs.worldbank.org/en/doc/74e8be41ceb20fa0da750cda2f6b9e4e-0050012026/related/CMO-Historical-Data-Monthly.xlsx,2026-09-28,
coffee_robusta,"WB Pink Sheet: Coffee, Robusta","World Bank Commodity Price Data (Pink Sheet), monthly, updated 2026-09-02",$/kg,2026-08,3.98,https://thedocs.worldbank.org/en/doc/74e8be41ceb20fa0da750cda2f6b9e4e-0050012026/related/CMO-Historical-Data-Monthly.xlsx,2026-09-28,
sugar,"WB Pink Sheet: Sugar, world","World Bank Commodity Price Data (Pink Sheet), monthly, updated 2026-09-02",$/kg,2020-01,0.31,https://thedocs.worldbank.org/en/doc/74e8be41ceb20fa0da750cda2f6b9e4e-0050012026/related/CMO-Historical-Data-Monthly.xlsx,2026-09-28,
sugar,"WB Pink Sheet: Sugar, world","World Bank Commodity Price Data (Pink Sheet), monthly, updated 2026-09-02",$/kg,2020-02,0.33,https://thedocs.worldbank.org/en/doc/74e8be41ceb20fa0da750cda2f6b9e4e-0050012026/related/CMO-Historical-Data-Monthly.xlsx,2026-09-28,
sugar,"WB Pink Sheet: Sugar, world","World Bank Commodity Price Data (Pink Sheet), monthly, updated 2026-09-02",$/kg,2020-03,0.26,https://thedocs.worldbank.org/en/doc/74e8be41ceb20fa0da750cda2f6b9e4e-0050012026/related/CMO-Historical-Data-Monthly.xlsx,2026-09-28,
sugar,"WB Pink Sheet: Sugar, world","World Bank Commodity Price Data (Pink Sheet), monthly, updated 2026-09-02",$/kg,2020-04,0.23,https://thedocs.worldbank.org/en/doc/74e8be41ceb20fa0da750cda2f6b9e4e-0050012026/related/CMO-Historical-Data-Monthly.xlsx,2026-09-28,
sugar,"WB Pink Sheet: Sugar, world","World Bank Commodity Price Data (Pink Sheet), monthly, updated 2026-09-02",$/kg,2020-05,0.24,https://thedocs.worldbank.org/en/doc/74e8be41ceb20fa0da750cda2f6b9e4e-0050012026/related/CMO-Historical-Data-Monthly.xlsx,2026-09-28,
sugar,"WB Pink Sheet: Sugar, world","World Bank Commodity Price Data (Pink Sheet), monthly, updated 2026-09-02",$/kg,2020-06,0.27,https://thedocs.worldbank.org/en/doc/74e8be41ceb20fa0da750cda2f6b9e4e-0050012026/related/CMO-Historical-Data-Monthly.xlsx,2026-09-28,
sugar,"WB Pink Sheet: Sugar, world","World Bank Commodity Price Data (Pink Sheet), monthly, updated 2026-09-02",$/kg,2020-07,0.27,https://thedocs.worldbank.org/en/doc/74e8be41ceb20fa0da750cda2f6b9e4e-0050012026/related/CMO-Historical-Data-Monthly.xlsx,2026-09-28,
sugar,"WB Pink Sheet: Sugar, world","World Bank Commodity Price Data (Pink Sheet), monthly, updated 2026-09-02",$/kg,2020-08,0.29,https://thedocs.worldbank.org/en/doc/74e8be41ceb20fa0da750cda2f6b9e4e-0050012026/related/CMO-Historical-Data-Monthly.xlsx,2026-09-28,
sugar,"WB Pink Sheet: Sugar, world","World Bank Commodity Price Data (Pink Sheet), monthly, updated 2026-09-02",$/kg,2020-09,0.28,https://thedocs.worldbank.org/en/doc/74e8be41ceb20fa0da750cda2f6b9e4e-0050012026/related/CMO-Historical-Data-Monthly.xlsx,2026-09-28,
sugar,"WB Pink Sheet: Sugar, world","World Bank Commodity Price Data (Pink Sheet), monthly, updated 2026-09-02",$/kg,2020-10,0.30,https://thedocs.worldbank.org/en/doc/74e8be41ceb20fa0da750cda2f6b9e4e-0050012026/related/CMO-Historical-Data-Monthly.xlsx,2026-09-28,
sugar,"WB Pink Sheet: Sugar, world","World Bank Commodity Price Data (Pink Sheet), monthly, updated 2026-09-02",$/kg,2020-11,0.31,https://thedocs.worldbank.org/en/doc/74e8be41ceb20fa0da750cda2f6b9e4e-0050012026/related/CMO-Historical-Data-Monthly.xlsx,2026-09-28,
sugar,"WB Pink Sheet: Sugar, world","World Bank Commodity Price Data (Pink Sheet), monthly, updated 2026-09-02",$/kg,2020-12,0.31,https://thedocs.worldbank.org/en/doc/74e8be41ceb20fa0da750cda2f6b9e4e-0050012026/related/CMO-Historical-Data-Monthly.xlsx,2026-09-28,
sugar,"WB Pink Sheet: Sugar, world","World Bank Commodity Price Data (Pink Sheet), monthly, updated 2026-09-02",$/kg,2021-01,0.34,https://thedocs.worldbank.org/en/doc/74e8be41ceb20fa0da750cda2f6b9e4e-0050012026/related/CMO-Historical-Data-Monthly.xlsx,2026-09-28,
sugar,"WB Pink Sheet: Sugar, world","World Bank Commodity Price Data (Pink Sheet), monthly, updated 2026-09-02",$/kg,2021-02,0.36,https://thedocs.worldbank.org/en/doc/74e8be41ceb20fa0da750cda2f6b9e4e-0050012026/related/CMO-Historical-Data-Monthly.xlsx,2026-09-28,
sugar,"WB Pink Sheet: Sugar, world","World Bank Commodity Price Data (Pink Sheet), monthly, updated 2026-09-02",$/kg,2021-03,0.34,https://thedocs.worldbank.org/en/doc/74e8be41ceb20fa0da750cda2f6b9e4e-0050012026/related/CMO-Historical-Data-Monthly.xlsx,2026-09-28,
sugar,"WB Pink Sheet: Sugar, world","World Bank Commodity Price Data (Pink Sheet), monthly, updated 2026-09-02",$/kg,2021-04,0.36,https://thedocs.worldbank.org/en/doc/74e8be41ceb20fa0da750cda2f6b9e4e-0050012026/related/CMO-Historical-Data-Monthly.xlsx,2026-09-28,
sugar,"WB Pink Sheet: Sugar, world","World Bank Commodity Price Data (Pink Sheet), monthly, updated 2026-09-02",$/kg,2021-05,0.38,https://thedocs.worldbank.org/en/doc/74e8be41ceb20fa0da750cda2f6b9e4e-0050012026/related/CMO-Historical-Data-Monthly.xlsx,2026-09-28,
sugar,"WB Pink Sheet: Sugar, world","World Bank Commodity Price Data (Pink Sheet), monthly, updated 2026-09-02",$/kg,2021-06,0.38,https://thedocs.worldbank.org/en/doc/74e8be41ceb20fa0da750cda2f6b9e4e-0050012026/related/CMO-Historical-Data-Monthly.xlsx,2026-09-28,
sugar,"WB Pink Sheet: Sugar, world","World Bank Commodity Price Data (Pink Sheet), monthly, updated 2026-09-02",$/kg,2021-07,0.39,https://thedocs.worldbank.org/en/doc/74e8be41ceb20fa0da750cda2f6b9e4e-0050012026/related/CMO-Historical-Data-Monthly.xlsx,2026-09-28,
sugar,"WB Pink Sheet: Sugar, world","World Bank Commodity Price Data (Pink Sheet), monthly, updated 2026-09-02",$/kg,2021-08,0.43,https://thedocs.worldbank.org/en/doc/74e8be41ceb20fa0da750cda2f6b9e4e-0050012026/related/CMO-Historical-Data-Monthly.xlsx,2026-09-28,
sugar,"WB Pink Sheet: Sugar, world","World Bank Commodity Price Data (Pink Sheet), monthly, updated 2026-09-02",$/kg,2021-09,0.43,https://thedocs.worldbank.org/en/doc/74e8be41ceb20fa0da750cda2f6b9e4e-0050012026/related/CMO-Historical-Data-Monthly.xlsx,2026-09-28,
sugar,"WB Pink Sheet: Sugar, world","World Bank Commodity Price Data (Pink Sheet), monthly, updated 2026-09-02",$/kg,2021-10,0.42,https://thedocs.worldbank.org/en/doc/74e8be41ceb20fa0da750cda2f6b9e4e-0050012026/related/CMO-Historical-Data-Monthly.xlsx,2026-09-28,
sugar,"WB Pink Sheet: Sugar, world","World Bank Commodity Price Data (Pink Sheet), monthly, updated 2026-09-02",$/kg,2021-11,0.43,https://thedocs.worldbank.org/en/doc/74e8be41ceb20fa0da750cda2f6b9e4e-0050012026/related/CMO-Historical-Data-Monthly.xlsx,2026-09-28,
sugar,"WB Pink Sheet: Sugar, world","World Bank Commodity Price Data (Pink Sheet), monthly, updated 2026-09-02",$/kg,2021-12,0.42,https://thedocs.worldbank.org/en/doc/74e8be41ceb20fa0da750cda2f6b9e4e-0050012026/related/CMO-Historical-Data-Monthly.xlsx,2026-09-28,
sugar,"WB Pink Sheet: Sugar, world","World Bank Commodity Price Data (Pink Sheet), monthly, updated 2026-09-02",$/kg,2022-01,0.40,https://thedocs.worldbank.org/en/doc/74e8be41ceb20fa0da750cda2f6b9e4e-0050012026/related/CMO-Historical-Data-Monthly.xlsx,2026-09-28,
sugar,"WB Pink Sheet: Sugar, world","World Bank Commodity Price Data (Pink Sheet), monthly, updated 2026-09-02",$/kg,2022-02,0.39,https://thedocs.worldbank.org/en/doc/74e8be41ceb20fa0da750cda2f6b9e4e-0050012026/related/CMO-Historical-Data-Monthly.xlsx,2026-09-28,
sugar,"WB Pink Sheet: Sugar, world","World Bank Commodity Price Data (Pink Sheet), monthly, updated 2026-09-02",$/kg,2022-03,0.42,https://thedocs.worldbank.org/en/doc/74e8be41ceb20fa0da750cda2f6b9e4e-0050012026/related/CMO-Historical-Data-Monthly.xlsx,2026-09-28,
sugar,"WB Pink Sheet: Sugar, world","World Bank Commodity Price Data (Pink Sheet), monthly, updated 2026-09-02",$/kg,2022-04,0.43,https://thedocs.worldbank.org/en/doc/74e8be41ceb20fa0da750cda2f6b9e4e-0050012026/related/CMO-Historical-Data-Monthly.xlsx,2026-09-28,
sugar,"WB Pink Sheet: Sugar, world","World Bank Commodity Price Data (Pink Sheet), monthly, updated 2026-09-02",$/kg,2022-05,0.43,https://thedocs.worldbank.org/en/doc/74e8be41ceb20fa0da750cda2f6b9e4e-0050012026/related/CMO-Historical-Data-Monthly.xlsx,2026-09-28,
sugar,"WB Pink Sheet: Sugar, world","World Bank Commodity Price Data (Pink Sheet), monthly, updated 2026-09-02",$/kg,2022-06,0.42,https://thedocs.worldbank.org/en/doc/74e8be41ceb20fa0da750cda2f6b9e4e-0050012026/related/CMO-Historical-Data-Monthly.xlsx,2026-09-28,
sugar,"WB Pink Sheet: Sugar, world","World Bank Commodity Price Data (Pink Sheet), monthly, updated 2026-09-02",$/kg,2022-07,0.40,https://thedocs.worldbank.org/en/doc/74e8be41ceb20fa0da750cda2f6b9e4e-0050012026/related/CMO-Historical-Data-Monthly.xlsx,2026-09-28,
sugar,"WB Pink Sheet: Sugar, world","World Bank Commodity Price Data (Pink Sheet), monthly, updated 2026-09-02",$/kg,2022-08,0.39,https://thedocs.worldbank.org/en/doc/74e8be41ceb20fa0da750cda2f6b9e4e-0050012026/related/CMO-Historical-Data-Monthly.xlsx,2026-09-28,
sugar,"WB Pink Sheet: Sugar, world","World Bank Commodity Price Data (Pink Sheet), monthly, updated 2026-09-02",$/kg,2022-09,0.39,https://thedocs.worldbank.org/en/doc/74e8be41ceb20fa0da750cda2f6b9e4e-0050012026/related/CMO-Historical-Data-Monthly.xlsx,2026-09-28,
sugar,"WB Pink Sheet: Sugar, world","World Bank Commodity Price Data (Pink Sheet), monthly, updated 2026-09-02",$/kg,2022-10,0.39,https://thedocs.worldbank.org/en/doc/74e8be41ceb20fa0da750cda2f6b9e4e-0050012026/related/CMO-Historical-Data-Monthly.xlsx,2026-09-28,
sugar,"WB Pink Sheet: Sugar, world","World Bank Commodity Price Data (Pink Sheet), monthly, updated 2026-09-02",$/kg,2022-11,0.41,https://thedocs.worldbank.org/en/doc/74e8be41ceb20fa0da750cda2f6b9e4e-0050012026/related/CMO-Historical-Data-Monthly.xlsx,2026-09-28,
sugar,"WB Pink Sheet: Sugar, world","World Bank Commodity Price Data (Pink Sheet), monthly, updated 2026-09-02",$/kg,2022-12,0.42,https://thedocs.worldbank.org/en/doc/74e8be41ceb20fa0da750cda2f6b9e4e-0050012026/related/CMO-Historical-Data-Monthly.xlsx,2026-09-28,
sugar,"WB Pink Sheet: Sugar, world","World Bank Commodity Price Data (Pink Sheet), monthly, updated 2026-09-02",$/kg,2023-01,0.42,https://thedocs.worldbank.org/en/doc/74e8be41ceb20fa0da750cda2f6b9e4e-0050012026/related/CMO-Historical-Data-Monthly.xlsx,2026-09-28,
sugar,"WB Pink Sheet: Sugar, world","World Bank Commodity Price Data (Pink Sheet), monthly, updated 2026-09-02",$/kg,2023-02,0.45,https://thedocs.worldbank.org/en/doc/74e8be41ceb20fa0da750cda2f6b9e4e-0050012026/related/CMO-Historical-Data-Monthly.xlsx,2026-09-28,
sugar,"WB Pink Sheet: Sugar, world","World Bank Commodity Price Data (Pink Sheet), monthly, updated 2026-09-02",$/kg,2023-03,0.45,https://thedocs.worldbank.org/en/doc/74e8be41ceb20fa0da750cda2f6b9e4e-0050012026/related/CMO-Historical-Data-Monthly.xlsx,2026-09-28,
sugar,"WB Pink Sheet: Sugar, world","World Bank Commodity Price Data (Pink Sheet), monthly, updated 2026-09-02",$/kg,2023-04,0.53,https://thedocs.worldbank.org/en/doc/74e8be41ceb20fa0da750cda2f6b9e4e-0050012026/related/CMO-Historical-Data-Monthly.xlsx,2026-09-28,
sugar,"WB Pink Sheet: Sugar, world","World Bank Commodity Price Data (Pink Sheet), monthly, updated 2026-09-02",$/kg,2023-05,0.56,https://thedocs.worldbank.org/en/doc/74e8be41ceb20fa0da750cda2f6b9e4e-0050012026/related/CMO-Historical-Data-Monthly.xlsx,2026-09-28,
sugar,"WB Pink Sheet: Sugar, world","World Bank Commodity Price Data (Pink Sheet), monthly, updated 2026-09-02",$/kg,2023-06,0.54,https://thedocs.worldbank.org/en/doc/74e8be41ceb20fa0da750cda2f6b9e4e-0050012026/related/CMO-Historical-Data-Monthly.xlsx,2026-09-28,
sugar,"WB Pink Sheet: Sugar, world","World Bank Commodity Price Data (Pink Sheet), monthly, updated 2026-09-02",$/kg,2023-07,0.52,https://thedocs.worldbank.org/en/doc/74e8be41ceb20fa0da750cda2f6b9e4e-0050012026/related/CMO-Historical-Data-Monthly.xlsx,2026-09-28,
sugar,"WB Pink Sheet: Sugar, world","World Bank Commodity Price Data (Pink Sheet), monthly, updated 2026-09-02",$/kg,2023-08,0.53,https://thedocs.worldbank.org/en/doc/74e8be41ceb20fa0da750cda2f6b9e4e-0050012026/related/CMO-Historical-Data-Monthly.xlsx,2026-09-28,
sugar,"WB Pink Sheet: Sugar, world","World Bank Commodity Price Data (Pink Sheet), monthly, updated 2026-09-02",$/kg,2023-09,0.58,https://thedocs.worldbank.org/en/doc/74e8be41ceb20fa0da750cda2f6b9e4e-0050012026/related/CMO-Historical-Data-Monthly.xlsx,2026-09-28,
sugar,"WB Pink Sheet: Sugar, world","World Bank Commodity Price Data (Pink Sheet), monthly, updated 2026-09-02",$/kg,2023-10,0.57,https://thedocs.worldbank.org/en/doc/74e8be41ceb20fa0da750cda2f6b9e4e-0050012026/related/CMO-Historical-Data-Monthly.xlsx,2026-09-28,
sugar,"WB Pink Sheet: Sugar, world","World Bank Commodity Price Data (Pink Sheet), monthly, updated 2026-09-02",$/kg,2023-11,0.57,https://thedocs.worldbank.org/en/doc/74e8be41ceb20fa0da750cda2f6b9e4e-0050012026/related/CMO-Historical-Data-Monthly.xlsx,2026-09-28,
sugar,"WB Pink Sheet: Sugar, world","World Bank Commodity Price Data (Pink Sheet), monthly, updated 2026-09-02",$/kg,2023-12,0.48,https://thedocs.worldbank.org/en/doc/74e8be41ceb20fa0da750cda2f6b9e4e-0050012026/related/CMO-Historical-Data-Monthly.xlsx,2026-09-28,
sugar,"WB Pink Sheet: Sugar, world","World Bank Commodity Price Data (Pink Sheet), monthly, updated 2026-09-02",$/kg,2024-01,0.48,https://thedocs.worldbank.org/en/doc/74e8be41ceb20fa0da750cda2f6b9e4e-0050012026/related/CMO-Historical-Data-Monthly.xlsx,2026-09-28,
sugar,"WB Pink Sheet: Sugar, world","World Bank Commodity Price Data (Pink Sheet), monthly, updated 2026-09-02",$/kg,2024-02,0.50,https://thedocs.worldbank.org/en/doc/74e8be41ceb20fa0da750cda2f6b9e4e-0050012026/related/CMO-Historical-Data-Monthly.xlsx,2026-09-28,
sugar,"WB Pink Sheet: Sugar, world","World Bank Commodity Price Data (Pink Sheet), monthly, updated 2026-09-02",$/kg,2024-03,0.48,https://thedocs.worldbank.org/en/doc/74e8be41ceb20fa0da750cda2f6b9e4e-0050012026/related/CMO-Historical-Data-Monthly.xlsx,2026-09-28,
sugar,"WB Pink Sheet: Sugar, world","World Bank Commodity Price Data (Pink Sheet), monthly, updated 2026-09-02",$/kg,2024-04,0.45,https://thedocs.worldbank.org/en/doc/74e8be41ceb20fa0da750cda2f6b9e4e-0050012026/related/CMO-Historical-Data-Monthly.xlsx,2026-09-28,
sugar,"WB Pink Sheet: Sugar, world","World Bank Commodity Price Data (Pink Sheet), monthly, updated 2026-09-02",$/kg,2024-05,0.42,https://thedocs.worldbank.org/en/doc/74e8be41ceb20fa0da750cda2f6b9e4e-0050012026/related/CMO-Historical-Data-Monthly.xlsx,2026-09-28,
sugar,"WB Pink Sheet: Sugar, world","World Bank Commodity Price Data (Pink Sheet), monthly, updated 2026-09-02",$/kg,2024-06,0.43,https://thedocs.worldbank.org/en/doc/74e8be41ceb20fa0da750cda2f6b9e4e-0050012026/related/CMO-Historical-Data-Monthly.xlsx,2026-09-28,
sugar,"WB Pink Sheet: Sugar, world","World Bank Commodity Price Data (Pink Sheet), monthly, updated 2026-09-02",$/kg,2024-07,0.43,https://thedocs.worldbank.org/en/doc/74e8be41ceb20fa0da750cda2f6b9e4e-0050012026/related/CMO-Historical-Data-Monthly.xlsx,2026-09-28,
sugar,"WB Pink Sheet: Sugar, world","World Bank Commodity Price Data (Pink Sheet), monthly, updated 2026-09-02",$/kg,2024-08,0.41,https://thedocs.worldbank.org/en/doc/74e8be41ceb20fa0da750cda2f6b9e4e-0050012026/related/CMO-Historical-Data-Monthly.xlsx,2026-09-28,
sugar,"WB Pink Sheet: Sugar, world","World Bank Commodity Price Data (Pink Sheet), monthly, updated 2026-09-02",$/kg,2024-09,0.45,https://thedocs.worldbank.org/en/doc/74e8be41ceb20fa0da750cda2f6b9e4e-0050012026/related/CMO-Historical-Data-Monthly.xlsx,2026-09-28,
sugar,"WB Pink Sheet: Sugar, world","World Bank Commodity Price Data (Pink Sheet), monthly, updated 2026-09-02",$/kg,2024-10,0.46,https://thedocs.worldbank.org/en/doc/74e8be41ceb20fa0da750cda2f6b9e4e-0050012026/related/CMO-Historical-Data-Monthly.xlsx,2026-09-28,
sugar,"WB Pink Sheet: Sugar, world","World Bank Commodity Price Data (Pink Sheet), monthly, updated 2026-09-02",$/kg,2024-11,0.45,https://thedocs.worldbank.org/en/doc/74e8be41ceb20fa0da750cda2f6b9e4e-0050012026/related/CMO-Historical-Data-Monthly.xlsx,2026-09-28,
sugar,"WB Pink Sheet: Sugar, world","World Bank Commodity Price Data (Pink Sheet), monthly, updated 2026-09-02",$/kg,2024-12,0.44,https://thedocs.worldbank.org/en/doc/74e8be41ceb20fa0da750cda2f6b9e4e-0050012026/related/CMO-Historical-Data-Monthly.xlsx,2026-09-28,
sugar,"WB Pink Sheet: Sugar, world","World Bank Commodity Price Data (Pink Sheet), monthly, updated 2026-09-02",$/kg,2025-01,0.40,https://thedocs.worldbank.org/en/doc/74e8be41ceb20fa0da750cda2f6b9e4e-0050012026/related/CMO-Historical-Data-Monthly.xlsx,2026-09-28,
sugar,"WB Pink Sheet: Sugar, world","World Bank Commodity Price Data (Pink Sheet), monthly, updated 2026-09-02",$/kg,2025-02,0.42,https://thedocs.worldbank.org/en/doc/74e8be41ceb20fa0da750cda2f6b9e4e-0050012026/related/CMO-Historical-Data-Monthly.xlsx,2026-09-28,
sugar,"WB Pink Sheet: Sugar, world","World Bank Commodity Price Data (Pink Sheet), monthly, updated 2026-09-02",$/kg,2025-03,0.42,https://thedocs.worldbank.org/en/doc/74e8be41ceb20fa0da750cda2f6b9e4e-0050012026/related/CMO-Historical-Data-Monthly.xlsx,2026-09-28,
sugar,"WB Pink Sheet: Sugar, world","World Bank Commodity Price Data (Pink Sheet), monthly, updated 2026-09-02",$/kg,2025-04,0.40,https://thedocs.worldbank.org/en/doc/74e8be41ceb20fa0da750cda2f6b9e4e-0050012026/related/CMO-Historical-Data-Monthly.xlsx,2026-09-28,
sugar,"WB Pink Sheet: Sugar, world","World Bank Commodity Price Data (Pink Sheet), monthly, updated 2026-09-02",$/kg,2025-05,0.39,https://thedocs.worldbank.org/en/doc/74e8be41ceb20fa0da750cda2f6b9e4e-0050012026/related/CMO-Historical-Data-Monthly.xlsx,2026-09-28,
sugar,"WB Pink Sheet: Sugar, world","World Bank Commodity Price Data (Pink Sheet), monthly, updated 2026-09-02",$/kg,2025-06,0.37,https://thedocs.worldbank.org/en/doc/74e8be41ceb20fa0da750cda2f6b9e4e-0050012026/related/CMO-Historical-Data-Monthly.xlsx,2026-09-28,
sugar,"WB Pink Sheet: Sugar, world","World Bank Commodity Price Data (Pink Sheet), monthly, updated 2026-09-02",$/kg,2025-07,0.37,https://thedocs.worldbank.org/en/doc/74e8be41ceb20fa0da750cda2f6b9e4e-0050012026/related/CMO-Historical-Data-Monthly.xlsx,2026-09-28,
sugar,"WB Pink Sheet: Sugar, world","World Bank Commodity Price Data (Pink Sheet), monthly, updated 2026-09-02",$/kg,2025-08,0.37,https://thedocs.worldbank.org/en/doc/74e8be41ceb20fa0da750cda2f6b9e4e-0050012026/related/CMO-Historical-Data-Monthly.xlsx,2026-09-28,
sugar,"WB Pink Sheet: Sugar, world","World Bank Commodity Price Data (Pink Sheet), monthly, updated 2026-09-02",$/kg,2025-09,0.35,https://thedocs.worldbank.org/en/doc/74e8be41ceb20fa0da750cda2f6b9e4e-0050012026/related/CMO-Historical-Data-Monthly.xlsx,2026-09-28,
sugar,"WB Pink Sheet: Sugar, world","World Bank Commodity Price Data (Pink Sheet), monthly, updated 2026-09-02",$/kg,2025-10,0.34,https://thedocs.worldbank.org/en/doc/74e8be41ceb20fa0da750cda2f6b9e4e-0050012026/related/CMO-Historical-Data-Monthly.xlsx,2026-09-28,
sugar,"WB Pink Sheet: Sugar, world","World Bank Commodity Price Data (Pink Sheet), monthly, updated 2026-09-02",$/kg,2025-11,0.32,https://thedocs.worldbank.org/en/doc/74e8be41ceb20fa0da750cda2f6b9e4e-0050012026/related/CMO-Historical-Data-Monthly.xlsx,2026-09-28,
sugar,"WB Pink Sheet: Sugar, world","World Bank Commodity Price Data (Pink Sheet), monthly, updated 2026-09-02",$/kg,2025-12,0.32,https://thedocs.worldbank.org/en/doc/74e8be41ceb20fa0da750cda2f6b9e4e-0050012026/related/CMO-Historical-Data-Monthly.xlsx,2026-09-28,
sugar,"WB Pink Sheet: Sugar, world","World Bank Commodity Price Data (Pink Sheet), monthly, updated 2026-09-02",$/kg,2026-01,0.32,https://thedocs.worldbank.org/en/doc/74e8be41ceb20fa0da750cda2f6b9e4e-0050012026/related/CMO-Historical-Data-Monthly.xlsx,2026-09-28,
sugar,"WB Pink Sheet: Sugar, world","World Bank Commodity Price Data (Pink Sheet), monthly, updated 2026-09-02",$/kg,2026-02,0.31,https://thedocs.worldbank.org/en/doc/74e8be41ceb20fa0da750cda2f6b9e4e-0050012026/related/CMO-Historical-Data-Monthly.xlsx,2026-09-28,
sugar,"WB Pink Sheet: Sugar, world","World Bank Commodity Price Data (Pink Sheet), monthly, updated 2026-09-02",$/kg,2026-03,0.33,https://thedocs.worldbank.org/en/doc/74e8be41ceb20fa0da750cda2f6b9e4e-0050012026/related/CMO-Historical-Data-Monthly.xlsx,2026-09-28,
sugar,"WB Pink Sheet: Sugar, world","World Bank Commodity Price Data (Pink Sheet), monthly, updated 2026-09-02",$/kg,2026-04,0.32,https://thedocs.worldbank.org/en/doc/74e8be41ceb20fa0da750cda2f6b9e4e-0050012026/related/CMO-Historical-Data-Monthly.xlsx,2026-09-28,
sugar,"WB Pink Sheet: Sugar, world","World Bank Commodity Price Data (Pink Sheet), monthly, updated 2026-09-02",$/kg,2026-05,0.34,https://thedocs.worldbank.org/en/doc/74e8be41ceb20fa0da750cda2f6b9e4e-0050012026/related/CMO-Historical-Data-Monthly.xlsx,2026-09-28,
sugar,"WB Pink Sheet: Sugar, world","World Bank Commodity Price Data (Pink Sheet), monthly, updated 2026-09-02",$/kg,2026-06,0.32,https://thedocs.worldbank.org/en/doc/74e8be41ceb20fa0da750cda2f6b9e4e-0050012026/related/CMO-Historical-Data-Monthly.xlsx,2026-09-28,
sugar,"WB Pink Sheet: Sugar, world","World Bank Commodity Price Data (Pink Sheet), monthly, updated 2026-09-02",$/kg,2026-07,0.34,https://thedocs.worldbank.org/en/doc/74e8be41ceb20fa0da750cda2f6b9e4e-0050012026/related/CMO-Historical-Data-Monthly.xlsx,2026-09-28,
sugar,"WB Pink Sheet: Sugar, world","World Bank Commodity Price Data (Pink Sheet), monthly, updated 2026-09-02",$/kg,2026-08,0.38,https://thedocs.worldbank.org/en/doc/74e8be41ceb20fa0da750cda2f6b9e4e-0050012026/related/CMO-Historical-Data-Monthly.xlsx,2026-09-28,
beef,WB Pink Sheet: Beef,"World Bank Commodity Price Data (Pink Sheet), monthly, updated 2026-09-02",$/kg,2020-01,5.04,https://thedocs.worldbank.org/en/doc/74e8be41ceb20fa0da750cda2f6b9e4e-0050012026/related/CMO-Historical-Data-Monthly.xlsx,2026-09-28,
beef,WB Pink Sheet: Beef,"World Bank Commodity Price Data (Pink Sheet), monthly, updated 2026-09-02",$/kg,2020-02,4.72,https://thedocs.worldbank.org/en/doc/74e8be41ceb20fa0da750cda2f6b9e4e-0050012026/related/CMO-Historical-Data-Monthly.xlsx,2026-09-28,
beef,WB Pink Sheet: Beef,"World Bank Commodity Price Data (Pink Sheet), monthly, updated 2026-09-02",$/kg,2020-03,4.47,https://thedocs.worldbank.org/en/doc/74e8be41ceb20fa0da750cda2f6b9e4e-0050012026/related/CMO-Historical-Data-Monthly.xlsx,2026-09-28,
beef,WB Pink Sheet: Beef,"World Bank Commodity Price Data (Pink Sheet), monthly, updated 2026-09-02",$/kg,2020-04,4.45,https://thedocs.worldbank.org/en/doc/74e8be41ceb20fa0da750cda2f6b9e4e-0050012026/related/CMO-Historical-Data-Monthly.xlsx,2026-09-28,
beef,WB Pink Sheet: Beef,"World Bank Commodity Price Data (Pink Sheet), monthly, updated 2026-09-02",$/kg,2020-05,5.08,https://thedocs.worldbank.org/en/doc/74e8be41ceb20fa0da750cda2f6b9e4e-0050012026/related/CMO-Historical-Data-Monthly.xlsx,2026-09-28,
beef,WB Pink Sheet: Beef,"World Bank Commodity Price Data (Pink Sheet), monthly, updated 2026-09-02",$/kg,2020-06,5.10,https://thedocs.worldbank.org/en/doc/74e8be41ceb20fa0da750cda2f6b9e4e-0050012026/related/CMO-Historical-Data-Monthly.xlsx,2026-09-28,
beef,WB Pink Sheet: Beef,"World Bank Commodity Price Data (Pink Sheet), monthly, updated 2026-09-02",$/kg,2020-07,4.70,https://thedocs.worldbank.org/en/doc/74e8be41ceb20fa0da750cda2f6b9e4e-0050012026/related/CMO-Historical-Data-Monthly.xlsx,2026-09-28,
beef,WB Pink Sheet: Beef,"World Bank Commodity Price Data (Pink Sheet), monthly, updated 2026-09-02",$/kg,2020-08,4.63,https://thedocs.worldbank.org/en/doc/74e8be41ceb20fa0da750cda2f6b9e4e-0050012026/related/CMO-Historical-Data-Monthly.xlsx,2026-09-28,
beef,WB Pink Sheet: Beef,"World Bank Commodity Price Data (Pink Sheet), monthly, updated 2026-09-02",$/kg,2020-09,4.60,https://thedocs.worldbank.org/en/doc/74e8be41ceb20fa0da750cda2f6b9e4e-0050012026/related/CMO-Historical-Data-Monthly.xlsx,2026-09-28,
beef,WB Pink Sheet: Beef,"World Bank Commodity Price Data (Pink Sheet), monthly, updated 2026-09-02",$/kg,2020-10,4.42,https://thedocs.worldbank.org/en/doc/74e8be41ceb20fa0da750cda2f6b9e4e-0050012026/related/CMO-Historical-Data-Monthly.xlsx,2026-09-28,
beef,WB Pink Sheet: Beef,"World Bank Commodity Price Data (Pink Sheet), monthly, updated 2026-09-02",$/kg,2020-11,4.40,https://thedocs.worldbank.org/en/doc/74e8be41ceb20fa0da750cda2f6b9e4e-0050012026/related/CMO-Historical-Data-Monthly.xlsx,2026-09-28,
beef,WB Pink Sheet: Beef,"World Bank Commodity Price Data (Pink Sheet), monthly, updated 2026-09-02",$/kg,2020-12,4.40,https://thedocs.worldbank.org/en/doc/74e8be41ceb20fa0da750cda2f6b9e4e-0050012026/related/CMO-Historical-Data-Monthly.xlsx,2026-09-28,
beef,WB Pink Sheet: Beef,"World Bank Commodity Price Data (Pink Sheet), monthly, updated 2026-09-02",$/kg,2021-01,4.46,https://thedocs.worldbank.org/en/doc/74e8be41ceb20fa0da750cda2f6b9e4e-0050012026/related/CMO-Historical-Data-Monthly.xlsx,2026-09-28,
beef,WB Pink Sheet: Beef,"World Bank Commodity Price Data (Pink Sheet), monthly, updated 2026-09-02",$/kg,2021-02,4.66,https://thedocs.worldbank.org/en/doc/74e8be41ceb20fa0da750cda2f6b9e4e-0050012026/related/CMO-Historical-Data-Monthly.xlsx,2026-09-28,
beef,WB Pink Sheet: Beef,"World Bank Commodity Price Data (Pink Sheet), monthly, updated 2026-09-02",$/kg,2021-03,4.72,https://thedocs.worldbank.org/en/doc/74e8be41ceb20fa0da750cda2f6b9e4e-0050012026/related/CMO-Historical-Data-Monthly.xlsx,2026-09-28,
beef,WB Pink Sheet: Beef,"World Bank Commodity Price Data (Pink Sheet), monthly, updated 2026-09-02",$/kg,2021-04,5.17,https://thedocs.worldbank.org/en/doc/74e8be41ceb20fa0da750cda2f6b9e4e-0050012026/related/CMO-Historical-Data-Monthly.xlsx,2026-09-28,
beef,WB Pink Sheet: Beef,"World Bank Commodity Price Data (Pink Sheet), monthly, updated 2026-09-02",$/kg,2021-05,5.48,https://thedocs.worldbank.org/en/doc/74e8be41ceb20fa0da750cda2f6b9e4e-0050012026/related/CMO-Historical-Data-Monthly.xlsx,2026-09-28,
beef,WB Pink Sheet: Beef,"World Bank Commodity Price Data (Pink Sheet), monthly, updated 2026-09-02",$/kg,2021-06,5.68,https://thedocs.worldbank.org/en/doc/74e8be41ceb20fa0da750cda2f6b9e4e-0050012026/related/CMO-Historical-Data-Monthly.xlsx,2026-09-28,
beef,WB Pink Sheet: Beef,"World Bank Commodity Price Data (Pink Sheet), monthly, updated 2026-09-02",$/kg,2021-07,5.59,https://thedocs.worldbank.org/en/doc/74e8be41ceb20fa0da750cda2f6b9e4e-0050012026/related/CMO-Historical-Data-Monthly.xlsx,2026-09-28,
beef,WB Pink Sheet: Beef,"World Bank Commodity Price Data (Pink Sheet), monthly, updated 2026-09-02",$/kg,2021-08,5.61,https://thedocs.worldbank.org/en/doc/74e8be41ceb20fa0da750cda2f6b9e4e-0050012026/related/CMO-Historical-Data-Monthly.xlsx,2026-09-28,
beef,WB Pink Sheet: Beef,"World Bank Commodity Price Data (Pink Sheet), monthly, updated 2026-09-02",$/kg,2021-09,5.77,https://thedocs.worldbank.org/en/doc/74e8be41ceb20fa0da750cda2f6b9e4e-0050012026/related/CMO-Historical-Data-Monthly.xlsx,2026-09-28,
beef,WB Pink Sheet: Beef,"World Bank Commodity Price Data (Pink Sheet), monthly, updated 2026-09-02",$/kg,2021-10,5.53,https://thedocs.worldbank.org/en/doc/74e8be41ceb20fa0da750cda2f6b9e4e-0050012026/related/CMO-Historical-Data-Monthly.xlsx,2026-09-28,
beef,WB Pink Sheet: Beef,"World Bank Commodity Price Data (Pink Sheet), monthly, updated 2026-09-02",$/kg,2021-11,5.69,https://thedocs.worldbank.org/en/doc/74e8be41ceb20fa0da750cda2f6b9e4e-0050012026/related/CMO-Historical-Data-Monthly.xlsx,2026-09-28,
beef,WB Pink Sheet: Beef,"World Bank Commodity Price Data (Pink Sheet), monthly, updated 2026-09-02",$/kg,2021-12,5.75,https://thedocs.worldbank.org/en/doc/74e8be41ceb20fa0da750cda2f6b9e4e-0050012026/related/CMO-Historical-Data-Monthly.xlsx,2026-09-28,
beef,WB Pink Sheet: Beef,"World Bank Commodity Price Data (Pink Sheet), monthly, updated 2026-09-02",$/kg,2022-01,5.81,https://thedocs.worldbank.org/en/doc/74e8be41ceb20fa0da750cda2f6b9e4e-0050012026/related/CMO-Historical-Data-Monthly.xlsx,2026-09-28,
beef,WB Pink Sheet: Beef,"World Bank Commodity Price Data (Pink Sheet), monthly, updated 2026-09-02",$/kg,2022-02,5.99,https://thedocs.worldbank.org/en/doc/74e8be41ceb20fa0da750cda2f6b9e4e-0050012026/related/CMO-Historical-Data-Monthly.xlsx,2026-09-28,
beef,WB Pink Sheet: Beef,"World Bank Commodity Price Data (Pink Sheet), monthly, updated 2026-09-02",$/kg,2022-03,6.07,https://thedocs.worldbank.org/en/doc/74e8be41ceb20fa0da750cda2f6b9e4e-0050012026/related/CMO-Historical-Data-Monthly.xlsx,2026-09-28,
beef,WB Pink Sheet: Beef,"World Bank Commodity Price Data (Pink Sheet), monthly, updated 2026-09-02",$/kg,2022-04,5.97,https://thedocs.worldbank.org/en/doc/74e8be41ceb20fa0da750cda2f6b9e4e-0050012026/related/CMO-Historical-Data-Monthly.xlsx,2026-09-28,
beef,WB Pink Sheet: Beef,"World Bank Commodity Price Data (Pink Sheet), monthly, updated 2026-09-02",$/kg,2022-05,5.94,https://thedocs.worldbank.org/en/doc/74e8be41ceb20fa0da750cda2f6b9e4e-0050012026/related/CMO-Historical-Data-Monthly.xlsx,2026-09-28,
beef,WB Pink Sheet: Beef,"World Bank Commodity Price Data (Pink Sheet), monthly, updated 2026-09-02",$/kg,2022-06,5.81,https://thedocs.worldbank.org/en/doc/74e8be41ceb20fa0da750cda2f6b9e4e-0050012026/related/CMO-Historical-Data-Monthly.xlsx,2026-09-28,
beef,WB Pink Sheet: Beef,"World Bank Commodity Price Data (Pink Sheet), monthly, updated 2026-09-02",$/kg,2022-07,5.73,https://thedocs.worldbank.org/en/doc/74e8be41ceb20fa0da750cda2f6b9e4e-0050012026/related/CMO-Historical-Data-Monthly.xlsx,2026-09-28,
beef,WB Pink Sheet: Beef,"World Bank Commodity Price Data (Pink Sheet), monthly, updated 2026-09-02",$/kg,2022-08,5.57,https://thedocs.worldbank.org/en/doc/74e8be41ceb20fa0da750cda2f6b9e4e-0050012026/related/CMO-Historical-Data-Monthly.xlsx,2026-09-28,
beef,WB Pink Sheet: Beef,"World Bank Commodity Price Data (Pink Sheet), monthly, updated 2026-09-02",$/kg,2022-09,5.44,https://thedocs.worldbank.org/en/doc/74e8be41ceb20fa0da750cda2f6b9e4e-0050012026/related/CMO-Historical-Data-Monthly.xlsx,2026-09-28,
beef,WB Pink Sheet: Beef,"World Bank Commodity Price Data (Pink Sheet), monthly, updated 2026-09-02",$/kg,2022-10,5.33,https://thedocs.worldbank.org/en/doc/74e8be41ceb20fa0da750cda2f6b9e4e-0050012026/related/CMO-Historical-Data-Monthly.xlsx,2026-09-28,
beef,WB Pink Sheet: Beef,"World Bank Commodity Price Data (Pink Sheet), monthly, updated 2026-09-02",$/kg,2022-11,5.07,https://thedocs.worldbank.org/en/doc/74e8be41ceb20fa0da750cda2f6b9e4e-0050012026/related/CMO-Historical-Data-Monthly.xlsx,2026-09-28,
beef,WB Pink Sheet: Beef,"World Bank Commodity Price Data (Pink Sheet), monthly, updated 2026-09-02",$/kg,2022-12,4.71,https://thedocs.worldbank.org/en/doc/74e8be41ceb20fa0da750cda2f6b9e4e-0050012026/related/CMO-Historical-Data-Monthly.xlsx,2026-09-28,
beef,WB Pink Sheet: Beef,"World Bank Commodity Price Data (Pink Sheet), monthly, updated 2026-09-02",$/kg,2023-01,4.65,https://thedocs.worldbank.org/en/doc/74e8be41ceb20fa0da750cda2f6b9e4e-0050012026/related/CMO-Historical-Data-Monthly.xlsx,2026-09-28,
beef,WB Pink Sheet: Beef,"World Bank Commodity Price Data (Pink Sheet), monthly, updated 2026-09-02",$/kg,2023-02,4.65,https://thedocs.worldbank.org/en/doc/74e8be41ceb20fa0da750cda2f6b9e4e-0050012026/related/CMO-Historical-Data-Monthly.xlsx,2026-09-28,
beef,WB Pink Sheet: Beef,"World Bank Commodity Price Data (Pink Sheet), monthly, updated 2026-09-02",$/kg,2023-03,4.84,https://thedocs.worldbank.org/en/doc/74e8be41ceb20fa0da750cda2f6b9e4e-0050012026/related/CMO-Historical-Data-Monthly.xlsx,2026-09-28,
beef,WB Pink Sheet: Beef,"World Bank Commodity Price Data (Pink Sheet), monthly, updated 2026-09-02",$/kg,2023-04,5.30,https://thedocs.worldbank.org/en/doc/74e8be41ceb20fa0da750cda2f6b9e4e-0050012026/related/CMO-Historical-Data-Monthly.xlsx,2026-09-28,
beef,WB Pink Sheet: Beef,"World Bank Commodity Price Data (Pink Sheet), monthly, updated 2026-09-02",$/kg,2023-05,5.31,https://thedocs.worldbank.org/en/doc/74e8be41ceb20fa0da750cda2f6b9e4e-0050012026/related/CMO-Historical-Data-Monthly.xlsx,2026-09-28,
beef,WB Pink Sheet: Beef,"World Bank Commodity Price Data (Pink Sheet), monthly, updated 2026-09-02",$/kg,2023-06,5.01,https://thedocs.worldbank.org/en/doc/74e8be41ceb20fa0da750cda2f6b9e4e-0050012026/related/CMO-Historical-Data-Monthly.xlsx,2026-09-28,
beef,WB Pink Sheet: Beef,"World Bank Commodity Price Data (Pink Sheet), monthly, updated 2026-09-02",$/kg,2023-07,4.78,https://thedocs.worldbank.org/en/doc/74e8be41ceb20fa0da750cda2f6b9e4e-0050012026/related/CMO-Historical-Data-Monthly.xlsx,2026-09-28,
beef,WB Pink Sheet: Beef,"World Bank Commodity Price Data (Pink Sheet), monthly, updated 2026-09-02",$/kg,2023-08,4.73,https://thedocs.worldbank.org/en/doc/74e8be41ceb20fa0da750cda2f6b9e4e-0050012026/related/CMO-Historical-Data-Monthly.xlsx,2026-09-28,
beef,WB Pink Sheet: Beef,"World Bank Commodity Price Data (Pink Sheet), monthly, updated 2026-09-02",$/kg,2023-09,4.90,https://thedocs.worldbank.org/en/doc/74e8be41ceb20fa0da750cda2f6b9e4e-0050012026/related/CMO-Historical-Data-Monthly.xlsx,2026-09-28,
beef,WB Pink Sheet: Beef,"World Bank Commodity Price Data (Pink Sheet), monthly, updated 2026-09-02",$/kg,2023-10,4.98,https://thedocs.worldbank.org/en/doc/74e8be41ceb20fa0da750cda2f6b9e4e-0050012026/related/CMO-Historical-Data-Monthly.xlsx,2026-09-28,
beef,WB Pink Sheet: Beef,"World Bank Commodity Price Data (Pink Sheet), monthly, updated 2026-09-02",$/kg,2023-11,4.88,https://thedocs.worldbank.org/en/doc/74e8be41ceb20fa0da750cda2f6b9e4e-0050012026/related/CMO-Historical-Data-Monthly.xlsx,2026-09-28,
beef,WB Pink Sheet: Beef,"World Bank Commodity Price Data (Pink Sheet), monthly, updated 2026-09-02",$/kg,2023-12,4.79,https://thedocs.worldbank.org/en/doc/74e8be41ceb20fa0da750cda2f6b9e4e-0050012026/related/CMO-Historical-Data-Monthly.xlsx,2026-09-28,
beef,WB Pink Sheet: Beef,"World Bank Commodity Price Data (Pink Sheet), monthly, updated 2026-09-02",$/kg,2024-01,5.00,https://thedocs.worldbank.org/en/doc/74e8be41ceb20fa0da750cda2f6b9e4e-0050012026/related/CMO-Historical-Data-Monthly.xlsx,2026-09-28,
beef,WB Pink Sheet: Beef,"World Bank Commodity Price Data (Pink Sheet), monthly, updated 2026-09-02",$/kg,2024-02,5.38,https://thedocs.worldbank.org/en/doc/74e8be41ceb20fa0da750cda2f6b9e4e-0050012026/related/CMO-Historical-Data-Monthly.xlsx,2026-09-28,
beef,WB Pink Sheet: Beef,"World Bank Commodity Price Data (Pink Sheet), monthly, updated 2026-09-02",$/kg,2024-03,5.73,https://thedocs.worldbank.org/en/doc/74e8be41ceb20fa0da750cda2f6b9e4e-0050012026/related/CMO-Historical-Data-Monthly.xlsx,2026-09-28,
beef,WB Pink Sheet: Beef,"World Bank Commodity Price Data (Pink Sheet), monthly, updated 2026-09-02",$/kg,2024-04,6.05,https://thedocs.worldbank.org/en/doc/74e8be41ceb20fa0da750cda2f6b9e4e-0050012026/related/CMO-Historical-Data-Monthly.xlsx,2026-09-28,
beef,WB Pink Sheet: Beef,"World Bank Commodity Price Data (Pink Sheet), monthly, updated 2026-09-02",$/kg,2024-05,5.88,https://thedocs.worldbank.org/en/doc/74e8be41ceb20fa0da750cda2f6b9e4e-0050012026/related/CMO-Historical-Data-Monthly.xlsx,2026-09-28,
beef,WB Pink Sheet: Beef,"World Bank Commodity Price Data (Pink Sheet), monthly, updated 2026-09-02",$/kg,2024-06,5.85,https://thedocs.worldbank.org/en/doc/74e8be41ceb20fa0da750cda2f6b9e4e-0050012026/related/CMO-Historical-Data-Monthly.xlsx,2026-09-28,
beef,WB Pink Sheet: Beef,"World Bank Commodity Price Data (Pink Sheet), monthly, updated 2026-09-02",$/kg,2024-07,6.19,https://thedocs.worldbank.org/en/doc/74e8be41ceb20fa0da750cda2f6b9e4e-0050012026/related/CMO-Historical-Data-Monthly.xlsx,2026-09-28,
beef,WB Pink Sheet: Beef,"World Bank Commodity Price Data (Pink Sheet), monthly, updated 2026-09-02",$/kg,2024-08,6.34,https://thedocs.worldbank.org/en/doc/74e8be41ceb20fa0da750cda2f6b9e4e-0050012026/related/CMO-Historical-Data-Monthly.xlsx,2026-09-28,
beef,WB Pink Sheet: Beef,"World Bank Commodity Price Data (Pink Sheet), monthly, updated 2026-09-02",$/kg,2024-09,6.30,https://thedocs.worldbank.org/en/doc/74e8be41ceb20fa0da750cda2f6b9e4e-0050012026/related/CMO-Historical-Data-Monthly.xlsx,2026-09-28,
beef,WB Pink Sheet: Beef,"World Bank Commodity Price Data (Pink Sheet), monthly, updated 2026-09-02",$/kg,2024-10,6.06,https://thedocs.worldbank.org/en/doc/74e8be41ceb20fa0da750cda2f6b9e4e-0050012026/related/CMO-Historical-Data-Monthly.xlsx,2026-09-28,
beef,WB Pink Sheet: Beef,"World Bank Commodity Price Data (Pink Sheet), monthly, updated 2026-09-02",$/kg,2024-11,6.18,https://thedocs.worldbank.org/en/doc/74e8be41ceb20fa0da750cda2f6b9e4e-0050012026/related/CMO-Historical-Data-Monthly.xlsx,2026-09-28,
beef,WB Pink Sheet: Beef,"World Bank Commodity Price Data (Pink Sheet), monthly, updated 2026-09-02",$/kg,2024-12,6.23,https://thedocs.worldbank.org/en/doc/74e8be41ceb20fa0da750cda2f6b9e4e-0050012026/related/CMO-Historical-Data-Monthly.xlsx,2026-09-28,
beef,WB Pink Sheet: Beef,"World Bank Commodity Price Data (Pink Sheet), monthly, updated 2026-09-02",$/kg,2025-01,6.46,https://thedocs.worldbank.org/en/doc/74e8be41ceb20fa0da750cda2f6b9e4e-0050012026/related/CMO-Historical-Data-Monthly.xlsx,2026-09-28,
beef,WB Pink Sheet: Beef,"World Bank Commodity Price Data (Pink Sheet), monthly, updated 2026-09-02",$/kg,2025-02,6.62,https://thedocs.worldbank.org/en/doc/74e8be41ceb20fa0da750cda2f6b9e4e-0050012026/related/CMO-Historical-Data-Monthly.xlsx,2026-09-28,
beef,WB Pink Sheet: Beef,"World Bank Commodity Price Data (Pink Sheet), monthly, updated 2026-09-02",$/kg,2025-03,6.77,https://thedocs.worldbank.org/en/doc/74e8be41ceb20fa0da750cda2f6b9e4e-0050012026/related/CMO-Historical-Data-Monthly.xlsx,2026-09-28,
beef,WB Pink Sheet: Beef,"World Bank Commodity Price Data (Pink Sheet), monthly, updated 2026-09-02",$/kg,2025-04,6.71,https://thedocs.worldbank.org/en/doc/74e8be41ceb20fa0da750cda2f6b9e4e-0050012026/related/CMO-Historical-Data-Monthly.xlsx,2026-09-28,
beef,WB Pink Sheet: Beef,"World Bank Commodity Price Data (Pink Sheet), monthly, updated 2026-09-02",$/kg,2025-05,6.62,https://thedocs.worldbank.org/en/doc/74e8be41ceb20fa0da750cda2f6b9e4e-0050012026/related/CMO-Historical-Data-Monthly.xlsx,2026-09-28,
beef,WB Pink Sheet: Beef,"World Bank Commodity Price Data (Pink Sheet), monthly, updated 2026-09-02",$/kg,2025-06,6.67,https://thedocs.worldbank.org/en/doc/74e8be41ceb20fa0da750cda2f6b9e4e-0050012026/related/CMO-Historical-Data-Monthly.xlsx,2026-09-28,
beef,WB Pink Sheet: Beef,"World Bank Commodity Price Data (Pink Sheet), monthly, updated 2026-09-02",$/kg,2025-07,6.72,https://thedocs.worldbank.org/en/doc/74e8be41ceb20fa0da750cda2f6b9e4e-0050012026/related/CMO-Historical-Data-Monthly.xlsx,2026-09-28,
beef,WB Pink Sheet: Beef,"World Bank Commodity Price Data (Pink Sheet), monthly, updated 2026-09-02",$/kg,2025-08,6.86,https://thedocs.worldbank.org/en/doc/74e8be41ceb20fa0da750cda2f6b9e4e-0050012026/related/CMO-Historical-Data-Monthly.xlsx,2026-09-28,
beef,WB Pink Sheet: Beef,"World Bank Commodity Price Data (Pink Sheet), monthly, updated 2026-09-02",$/kg,2025-09,6.90,https://thedocs.worldbank.org/en/doc/74e8be41ceb20fa0da750cda2f6b9e4e-0050012026/related/CMO-Historical-Data-Monthly.xlsx,2026-09-28,
beef,WB Pink Sheet: Beef,"World Bank Commodity Price Data (Pink Sheet), monthly, updated 2026-09-02",$/kg,2025-10,7.09,https://thedocs.worldbank.org/en/doc/74e8be41ceb20fa0da750cda2f6b9e4e-0050012026/related/CMO-Historical-Data-Monthly.xlsx,2026-09-28,
beef,WB Pink Sheet: Beef,"World Bank Commodity Price Data (Pink Sheet), monthly, updated 2026-09-02",$/kg,2025-11,7.51,https://thedocs.worldbank.org/en/doc/74e8be41ceb20fa0da750cda2f6b9e4e-0050012026/related/CMO-Historical-Data-Monthly.xlsx,2026-09-28,
beef,WB Pink Sheet: Beef,"World Bank Commodity Price Data (Pink Sheet), monthly, updated 2026-09-02",$/kg,2025-12,7.38,https://thedocs.worldbank.org/en/doc/74e8be41ceb20fa0da750cda2f6b9e4e-0050012026/related/CMO-Historical-Data-Monthly.xlsx,2026-09-28,
beef,WB Pink Sheet: Beef,"World Bank Commodity Price Data (Pink Sheet), monthly, updated 2026-09-02",$/kg,2026-01,7.97,https://thedocs.worldbank.org/en/doc/74e8be41ceb20fa0da750cda2f6b9e4e-0050012026/related/CMO-Historical-Data-Monthly.xlsx,2026-09-28,
beef,WB Pink Sheet: Beef,"World Bank Commodity Price Data (Pink Sheet), monthly, updated 2026-09-02",$/kg,2026-02,8.12,https://thedocs.worldbank.org/en/doc/74e8be41ceb20fa0da750cda2f6b9e4e-0050012026/related/CMO-Historical-Data-Monthly.xlsx,2026-09-28,
beef,WB Pink Sheet: Beef,"World Bank Commodity Price Data (Pink Sheet), monthly, updated 2026-09-02",$/kg,2026-03,8.21,https://thedocs.worldbank.org/en/doc/74e8be41ceb20fa0da750cda2f6b9e4e-0050012026/related/CMO-Historical-Data-Monthly.xlsx,2026-09-28,
beef,WB Pink Sheet: Beef,"World Bank Commodity Price Data (Pink Sheet), monthly, updated 2026-09-02",$/kg,2026-04,8.21,https://thedocs.worldbank.org/en/doc/74e8be41ceb20fa0da750cda2f6b9e4e-0050012026/related/CMO-Historical-Data-Monthly.xlsx,2026-09-28,
beef,WB Pink Sheet: Beef,"World Bank Commodity Price Data (Pink Sheet), monthly, updated 2026-09-02",$/kg,2026-05,7.95,https://thedocs.worldbank.org/en/doc/74e8be41ceb20fa0da750cda2f6b9e4e-0050012026/related/CMO-Historical-Data-Monthly.xlsx,2026-09-28,
beef,WB Pink Sheet: Beef,"World Bank Commodity Price Data (Pink Sheet), monthly, updated 2026-09-02",$/kg,2026-06,7.46,https://thedocs.worldbank.org/en/doc/74e8be41ceb20fa0da750cda2f6b9e4e-0050012026/related/CMO-Historical-Data-Monthly.xlsx,2026-09-28,
beef,WB Pink Sheet: Beef,"World Bank Commodity Price Data (Pink Sheet), monthly, updated 2026-09-02",$/kg,2026-07,7.31,https://thedocs.worldbank.org/en/doc/74e8be41ceb20fa0da750cda2f6b9e4e-0050012026/related/CMO-Historical-Data-Monthly.xlsx,2026-09-28,
beef,WB Pink Sheet: Beef,"World Bank Commodity Price Data (Pink Sheet), monthly, updated 2026-09-02",$/kg,2026-08,7.28,https://thedocs.worldbank.org/en/doc/74e8be41ceb20fa0da750cda2f6b9e4e-0050012026/related/CMO-Historical-Data-Monthly.xlsx,2026-09-28,
orange,WB Pink Sheet: Orange,"World Bank Commodity Price Data (Pink Sheet), monthly, updated 2026-09-02",$/kg,2020-01,0.51,https://thedocs.worldbank.org/en/doc/74e8be41ceb20fa0da750cda2f6b9e4e-0050012026/related/CMO-Historical-Data-Monthly.xlsx,2026-09-28,
orange,WB Pink Sheet: Orange,"World Bank Commodity Price Data (Pink Sheet), monthly, updated 2026-09-02",$/kg,2020-02,0.52,https://thedocs.worldbank.org/en/doc/74e8be41ceb20fa0da750cda2f6b9e4e-0050012026/related/CMO-Historical-Data-Monthly.xlsx,2026-09-28,
orange,WB Pink Sheet: Orange,"World Bank Commodity Price Data (Pink Sheet), monthly, updated 2026-09-02",$/kg,2020-03,0.55,https://thedocs.worldbank.org/en/doc/74e8be41ceb20fa0da750cda2f6b9e4e-0050012026/related/CMO-Historical-Data-Monthly.xlsx,2026-09-28,
orange,WB Pink Sheet: Orange,"World Bank Commodity Price Data (Pink Sheet), monthly, updated 2026-09-02",$/kg,2020-04,0.58,https://thedocs.worldbank.org/en/doc/74e8be41ceb20fa0da750cda2f6b9e4e-0050012026/related/CMO-Historical-Data-Monthly.xlsx,2026-09-28,
orange,WB Pink Sheet: Orange,"World Bank Commodity Price Data (Pink Sheet), monthly, updated 2026-09-02",$/kg,2020-05,0.65,https://thedocs.worldbank.org/en/doc/74e8be41ceb20fa0da750cda2f6b9e4e-0050012026/related/CMO-Historical-Data-Monthly.xlsx,2026-09-28,
orange,WB Pink Sheet: Orange,"World Bank Commodity Price Data (Pink Sheet), monthly, updated 2026-09-02",$/kg,2020-06,0.65,https://thedocs.worldbank.org/en/doc/74e8be41ceb20fa0da750cda2f6b9e4e-0050012026/related/CMO-Historical-Data-Monthly.xlsx,2026-09-28,
orange,WB Pink Sheet: Orange,"World Bank Commodity Price Data (Pink Sheet), monthly, updated 2026-09-02",$/kg,2020-07,0.66,https://thedocs.worldbank.org/en/doc/74e8be41ceb20fa0da750cda2f6b9e4e-0050012026/related/CMO-Historical-Data-Monthly.xlsx,2026-09-28,
orange,WB Pink Sheet: Orange,"World Bank Commodity Price Data (Pink Sheet), monthly, updated 2026-09-02",$/kg,2020-08,0.62,https://thedocs.worldbank.org/en/doc/74e8be41ceb20fa0da750cda2f6b9e4e-0050012026/related/CMO-Historical-Data-Monthly.xlsx,2026-09-28,
orange,WB Pink Sheet: Orange,"World Bank Commodity Price Data (Pink Sheet), monthly, updated 2026-09-02",$/kg,2020-09,0.61,https://thedocs.worldbank.org/en/doc/74e8be41ceb20fa0da750cda2f6b9e4e-0050012026/related/CMO-Historical-Data-Monthly.xlsx,2026-09-28,
orange,WB Pink Sheet: Orange,"World Bank Commodity Price Data (Pink Sheet), monthly, updated 2026-09-02",$/kg,2020-10,0.61,https://thedocs.worldbank.org/en/doc/74e8be41ceb20fa0da750cda2f6b9e4e-0050012026/related/CMO-Historical-Data-Monthly.xlsx,2026-09-28,
orange,WB Pink Sheet: Orange,"World Bank Commodity Price Data (Pink Sheet), monthly, updated 2026-09-02",$/kg,2020-11,0.65,https://thedocs.worldbank.org/en/doc/74e8be41ceb20fa0da750cda2f6b9e4e-0050012026/related/CMO-Historical-Data-Monthly.xlsx,2026-09-28,
orange,WB Pink Sheet: Orange,"World Bank Commodity Price Data (Pink Sheet), monthly, updated 2026-09-02",$/kg,2020-12,0.64,https://thedocs.worldbank.org/en/doc/74e8be41ceb20fa0da750cda2f6b9e4e-0050012026/related/CMO-Historical-Data-Monthly.xlsx,2026-09-28,
orange,WB Pink Sheet: Orange,"World Bank Commodity Price Data (Pink Sheet), monthly, updated 2026-09-02",$/kg,2021-01,0.63,https://thedocs.worldbank.org/en/doc/74e8be41ceb20fa0da750cda2f6b9e4e-0050012026/related/CMO-Historical-Data-Monthly.xlsx,2026-09-28,
orange,WB Pink Sheet: Orange,"World Bank Commodity Price Data (Pink Sheet), monthly, updated 2026-09-02",$/kg,2021-02,0.58,https://thedocs.worldbank.org/en/doc/74e8be41ceb20fa0da750cda2f6b9e4e-0050012026/related/CMO-Historical-Data-Monthly.xlsx,2026-09-28,
orange,WB Pink Sheet: Orange,"World Bank Commodity Price Data (Pink Sheet), monthly, updated 2026-09-02",$/kg,2021-03,0.60,https://thedocs.worldbank.org/en/doc/74e8be41ceb20fa0da750cda2f6b9e4e-0050012026/related/CMO-Historical-Data-Monthly.xlsx,2026-09-28,
orange,WB Pink Sheet: Orange,"World Bank Commodity Price Data (Pink Sheet), monthly, updated 2026-09-02",$/kg,2021-04,0.59,https://thedocs.worldbank.org/en/doc/74e8be41ceb20fa0da750cda2f6b9e4e-0050012026/related/CMO-Historical-Data-Monthly.xlsx,2026-09-28,
orange,WB Pink Sheet: Orange,"World Bank Commodity Price Data (Pink Sheet), monthly, updated 2026-09-02",$/kg,2021-05,0.61,https://thedocs.worldbank.org/en/doc/74e8be41ceb20fa0da750cda2f6b9e4e-0050012026/related/CMO-Historical-Data-Monthly.xlsx,2026-09-28,
orange,WB Pink Sheet: Orange,"World Bank Commodity Price Data (Pink Sheet), monthly, updated 2026-09-02",$/kg,2021-06,0.64,https://thedocs.worldbank.org/en/doc/74e8be41ceb20fa0da750cda2f6b9e4e-0050012026/related/CMO-Historical-Data-Monthly.xlsx,2026-09-28,
orange,WB Pink Sheet: Orange,"World Bank Commodity Price Data (Pink Sheet), monthly, updated 2026-09-02",$/kg,2021-07,0.69,https://thedocs.worldbank.org/en/doc/74e8be41ceb20fa0da750cda2f6b9e4e-0050012026/related/CMO-Historical-Data-Monthly.xlsx,2026-09-28,
orange,WB Pink Sheet: Orange,"World Bank Commodity Price Data (Pink Sheet), monthly, updated 2026-09-02",$/kg,2021-08,0.72,https://thedocs.worldbank.org/en/doc/74e8be41ceb20fa0da750cda2f6b9e4e-0050012026/related/CMO-Historical-Data-Monthly.xlsx,2026-09-28,
orange,WB Pink Sheet: Orange,"World Bank Commodity Price Data (Pink Sheet), monthly, updated 2026-09-02",$/kg,2021-09,0.74,https://thedocs.worldbank.org/en/doc/74e8be41ceb20fa0da750cda2f6b9e4e-0050012026/related/CMO-Historical-Data-Monthly.xlsx,2026-09-28,
orange,WB Pink Sheet: Orange,"World Bank Commodity Price Data (Pink Sheet), monthly, updated 2026-09-02",$/kg,2021-10,0.66,https://thedocs.worldbank.org/en/doc/74e8be41ceb20fa0da750cda2f6b9e4e-0050012026/related/CMO-Historical-Data-Monthly.xlsx,2026-09-28,
orange,WB Pink Sheet: Orange,"World Bank Commodity Price Data (Pink Sheet), monthly, updated 2026-09-02",$/kg,2021-11,0.66,https://thedocs.worldbank.org/en/doc/74e8be41ceb20fa0da750cda2f6b9e4e-0050012026/related/CMO-Historical-Data-Monthly.xlsx,2026-09-28,
orange,WB Pink Sheet: Orange,"World Bank Commodity Price Data (Pink Sheet), monthly, updated 2026-09-02",$/kg,2021-12,0.71,https://thedocs.worldbank.org/en/doc/74e8be41ceb20fa0da750cda2f6b9e4e-0050012026/related/CMO-Historical-Data-Monthly.xlsx,2026-09-28,
orange,WB Pink Sheet: Orange,"World Bank Commodity Price Data (Pink Sheet), monthly, updated 2026-09-02",$/kg,2022-01,0.79,https://thedocs.worldbank.org/en/doc/74e8be41ceb20fa0da750cda2f6b9e4e-0050012026/related/CMO-Historical-Data-Monthly.xlsx,2026-09-28,
orange,WB Pink Sheet: Orange,"World Bank Commodity Price Data (Pink Sheet), monthly, updated 2026-09-02",$/kg,2022-02,0.73,https://thedocs.worldbank.org/en/doc/74e8be41ceb20fa0da750cda2f6b9e4e-0050012026/related/CMO-Historical-Data-Monthly.xlsx,2026-09-28,
orange,WB Pink Sheet: Orange,"World Bank Commodity Price Data (Pink Sheet), monthly, updated 2026-09-02",$/kg,2022-03,0.77,https://thedocs.worldbank.org/en/doc/74e8be41ceb20fa0da750cda2f6b9e4e-0050012026/related/CMO-Historical-Data-Monthly.xlsx,2026-09-28,
orange,WB Pink Sheet: Orange,"World Bank Commodity Price Data (Pink Sheet), monthly, updated 2026-09-02",$/kg,2022-04,0.91,https://thedocs.worldbank.org/en/doc/74e8be41ceb20fa0da750cda2f6b9e4e-0050012026/related/CMO-Historical-Data-Monthly.xlsx,2026-09-28,
orange,WB Pink Sheet: Orange,"World Bank Commodity Price Data (Pink Sheet), monthly, updated 2026-09-02",$/kg,2022-05,0.92,https://thedocs.worldbank.org/en/doc/74e8be41ceb20fa0da750cda2f6b9e4e-0050012026/related/CMO-Historical-Data-Monthly.xlsx,2026-09-28,
orange,WB Pink Sheet: Orange,"World Bank Commodity Price Data (Pink Sheet), monthly, updated 2026-09-02",$/kg,2022-06,0.94,https://thedocs.worldbank.org/en/doc/74e8be41ceb20fa0da750cda2f6b9e4e-0050012026/related/CMO-Historical-Data-Monthly.xlsx,2026-09-28,
orange,WB Pink Sheet: Orange,"World Bank Commodity Price Data (Pink Sheet), monthly, updated 2026-09-02",$/kg,2022-07,0.84,https://thedocs.worldbank.org/en/doc/74e8be41ceb20fa0da750cda2f6b9e4e-0050012026/related/CMO-Historical-Data-Monthly.xlsx,2026-09-28,
orange,WB Pink Sheet: Orange,"World Bank Commodity Price Data (Pink Sheet), monthly, updated 2026-09-02",$/kg,2022-08,0.93,https://thedocs.worldbank.org/en/doc/74e8be41ceb20fa0da750cda2f6b9e4e-0050012026/related/CMO-Historical-Data-Monthly.xlsx,2026-09-28,
orange,WB Pink Sheet: Orange,"World Bank Commodity Price Data (Pink Sheet), monthly, updated 2026-09-02",$/kg,2022-09,0.93,https://thedocs.worldbank.org/en/doc/74e8be41ceb20fa0da750cda2f6b9e4e-0050012026/related/CMO-Historical-Data-Monthly.xlsx,2026-09-28,
orange,WB Pink Sheet: Orange,"World Bank Commodity Price Data (Pink Sheet), monthly, updated 2026-09-02",$/kg,2022-10,1.07,https://thedocs.worldbank.org/en/doc/74e8be41ceb20fa0da750cda2f6b9e4e-0050012026/related/CMO-Historical-Data-Monthly.xlsx,2026-09-28,
orange,WB Pink Sheet: Orange,"World Bank Commodity Price Data (Pink Sheet), monthly, updated 2026-09-02",$/kg,2022-11,1.09,https://thedocs.worldbank.org/en/doc/74e8be41ceb20fa0da750cda2f6b9e4e-0050012026/related/CMO-Historical-Data-Monthly.xlsx,2026-09-28,
orange,WB Pink Sheet: Orange,"World Bank Commodity Price Data (Pink Sheet), monthly, updated 2026-09-02",$/kg,2022-12,1.10,https://thedocs.worldbank.org/en/doc/74e8be41ceb20fa0da750cda2f6b9e4e-0050012026/related/CMO-Historical-Data-Monthly.xlsx,2026-09-28,
orange,WB Pink Sheet: Orange,"World Bank Commodity Price Data (Pink Sheet), monthly, updated 2026-09-02",$/kg,2023-01,1.09,https://thedocs.worldbank.org/en/doc/74e8be41ceb20fa0da750cda2f6b9e4e-0050012026/related/CMO-Historical-Data-Monthly.xlsx,2026-09-28,
orange,WB Pink Sheet: Orange,"World Bank Commodity Price Data (Pink Sheet), monthly, updated 2026-09-02",$/kg,2023-02,1.30,https://thedocs.worldbank.org/en/doc/74e8be41ceb20fa0da750cda2f6b9e4e-0050012026/related/CMO-Historical-Data-Monthly.xlsx,2026-09-28,
orange,WB Pink Sheet: Orange,"World Bank Commodity Price Data (Pink Sheet), monthly, updated 2026-09-02",$/kg,2023-03,1.29,https://thedocs.worldbank.org/en/doc/74e8be41ceb20fa0da750cda2f6b9e4e-0050012026/related/CMO-Historical-Data-Monthly.xlsx,2026-09-28,
orange,WB Pink Sheet: Orange,"World Bank Commodity Price Data (Pink Sheet), monthly, updated 2026-09-02",$/kg,2023-04,1.46,https://thedocs.worldbank.org/en/doc/74e8be41ceb20fa0da750cda2f6b9e4e-0050012026/related/CMO-Historical-Data-Monthly.xlsx,2026-09-28,
orange,WB Pink Sheet: Orange,"World Bank Commodity Price Data (Pink Sheet), monthly, updated 2026-09-02",$/kg,2023-05,1.41,https://thedocs.worldbank.org/en/doc/74e8be41ceb20fa0da750cda2f6b9e4e-0050012026/related/CMO-Historical-Data-Monthly.xlsx,2026-09-28,
orange,WB Pink Sheet: Orange,"World Bank Commodity Price Data (Pink Sheet), monthly, updated 2026-09-02",$/kg,2023-06,1.40,https://thedocs.worldbank.org/en/doc/74e8be41ceb20fa0da750cda2f6b9e4e-0050012026/related/CMO-Historical-Data-Monthly.xlsx,2026-09-28,
orange,WB Pink Sheet: Orange,"World Bank Commodity Price Data (Pink Sheet), monthly, updated 2026-09-02",$/kg,2023-07,1.51,https://thedocs.worldbank.org/en/doc/74e8be41ceb20fa0da750cda2f6b9e4e-0050012026/related/CMO-Historical-Data-Monthly.xlsx,2026-09-28,
orange,WB Pink Sheet: Orange,"World Bank Commodity Price Data (Pink Sheet), monthly, updated 2026-09-02",$/kg,2023-08,1.66,https://thedocs.worldbank.org/en/doc/74e8be41ceb20fa0da750cda2f6b9e4e-0050012026/related/CMO-Historical-Data-Monthly.xlsx,2026-09-28,
orange,WB Pink Sheet: Orange,"World Bank Commodity Price Data (Pink Sheet), monthly, updated 2026-09-02",$/kg,2023-09,1.77,https://thedocs.worldbank.org/en/doc/74e8be41ceb20fa0da750cda2f6b9e4e-0050012026/related/CMO-Historical-Data-Monthly.xlsx,2026-09-28,
orange,WB Pink Sheet: Orange,"World Bank Commodity Price Data (Pink Sheet), monthly, updated 2026-09-02",$/kg,2023-10,2.03,https://thedocs.worldbank.org/en/doc/74e8be41ceb20fa0da750cda2f6b9e4e-0050012026/related/CMO-Historical-Data-Monthly.xlsx,2026-09-28,
orange,WB Pink Sheet: Orange,"World Bank Commodity Price Data (Pink Sheet), monthly, updated 2026-09-02",$/kg,2023-11,2.06,https://thedocs.worldbank.org/en/doc/74e8be41ceb20fa0da750cda2f6b9e4e-0050012026/related/CMO-Historical-Data-Monthly.xlsx,2026-09-28,
orange,WB Pink Sheet: Orange,"World Bank Commodity Price Data (Pink Sheet), monthly, updated 2026-09-02",$/kg,2023-12,1.90,https://thedocs.worldbank.org/en/doc/74e8be41ceb20fa0da750cda2f6b9e4e-0050012026/related/CMO-Historical-Data-Monthly.xlsx,2026-09-28,
orange,WB Pink Sheet: Orange,"World Bank Commodity Price Data (Pink Sheet), monthly, updated 2026-09-02",$/kg,2024-01,1.67,https://thedocs.worldbank.org/en/doc/74e8be41ceb20fa0da750cda2f6b9e4e-0050012026/related/CMO-Historical-Data-Monthly.xlsx,2026-09-28,
orange,WB Pink Sheet: Orange,"World Bank Commodity Price Data (Pink Sheet), monthly, updated 2026-09-02",$/kg,2024-02,1.95,https://thedocs.worldbank.org/en/doc/74e8be41ceb20fa0da750cda2f6b9e4e-0050012026/related/CMO-Historical-Data-Monthly.xlsx,2026-09-28,
orange,WB Pink Sheet: Orange,"World Bank Commodity Price Data (Pink Sheet), monthly, updated 2026-09-02",$/kg,2024-03,1.92,https://thedocs.worldbank.org/en/doc/74e8be41ceb20fa0da750cda2f6b9e4e-0050012026/related/CMO-Historical-Data-Monthly.xlsx,2026-09-28,
orange,WB Pink Sheet: Orange,"World Bank Commodity Price Data (Pink Sheet), monthly, updated 2026-09-02",$/kg,2024-04,1.95,https://thedocs.worldbank.org/en/doc/74e8be41ceb20fa0da750cda2f6b9e4e-0050012026/related/CMO-Historical-Data-Monthly.xlsx,2026-09-28,
orange,WB Pink Sheet: Orange,"World Bank Commodity Price Data (Pink Sheet), monthly, updated 2026-09-02",$/kg,2024-05,2.24,https://thedocs.worldbank.org/en/doc/74e8be41ceb20fa0da750cda2f6b9e4e-0050012026/related/CMO-Historical-Data-Monthly.xlsx,2026-09-28,
orange,WB Pink Sheet: Orange,"World Bank Commodity Price Data (Pink Sheet), monthly, updated 2026-09-02",$/kg,2024-06,2.26,https://thedocs.worldbank.org/en/doc/74e8be41ceb20fa0da750cda2f6b9e4e-0050012026/related/CMO-Historical-Data-Monthly.xlsx,2026-09-28,
orange,WB Pink Sheet: Orange,"World Bank Commodity Price Data (Pink Sheet), monthly, updated 2026-09-02",$/kg,2024-07,2.30,https://thedocs.worldbank.org/en/doc/74e8be41ceb20fa0da750cda2f6b9e4e-0050012026/related/CMO-Historical-Data-Monthly.xlsx,2026-09-28,
orange,WB Pink Sheet: Orange,"World Bank Commodity Price Data (Pink Sheet), monthly, updated 2026-09-02",$/kg,2024-08,2.41,https://thedocs.worldbank.org/en/doc/74e8be41ceb20fa0da750cda2f6b9e4e-0050012026/related/CMO-Historical-Data-Monthly.xlsx,2026-09-28,
orange,WB Pink Sheet: Orange,"World Bank Commodity Price Data (Pink Sheet), monthly, updated 2026-09-02",$/kg,2024-09,2.55,https://thedocs.worldbank.org/en/doc/74e8be41ceb20fa0da750cda2f6b9e4e-0050012026/related/CMO-Historical-Data-Monthly.xlsx,2026-09-28,
orange,WB Pink Sheet: Orange,"World Bank Commodity Price Data (Pink Sheet), monthly, updated 2026-09-02",$/kg,2024-10,2.60,https://thedocs.worldbank.org/en/doc/74e8be41ceb20fa0da750cda2f6b9e4e-0050012026/related/CMO-Historical-Data-Monthly.xlsx,2026-09-28,
orange,WB Pink Sheet: Orange,"World Bank Commodity Price Data (Pink Sheet), monthly, updated 2026-09-02",$/kg,2024-11,2.57,https://thedocs.worldbank.org/en/doc/74e8be41ceb20fa0da750cda2f6b9e4e-0050012026/related/CMO-Historical-Data-Monthly.xlsx,2026-09-28,
orange,WB Pink Sheet: Orange,"World Bank Commodity Price Data (Pink Sheet), monthly, updated 2026-09-02",$/kg,2024-12,2.70,https://thedocs.worldbank.org/en/doc/74e8be41ceb20fa0da750cda2f6b9e4e-0050012026/related/CMO-Historical-Data-Monthly.xlsx,2026-09-28,
orange,WB Pink Sheet: Orange,"World Bank Commodity Price Data (Pink Sheet), monthly, updated 2026-09-02",$/kg,2025-01,2.57,https://thedocs.worldbank.org/en/doc/74e8be41ceb20fa0da750cda2f6b9e4e-0050012026/related/CMO-Historical-Data-Monthly.xlsx,2026-09-28,
orange,WB Pink Sheet: Orange,"World Bank Commodity Price Data (Pink Sheet), monthly, updated 2026-09-02",$/kg,2025-02,1.91,https://thedocs.worldbank.org/en/doc/74e8be41ceb20fa0da750cda2f6b9e4e-0050012026/related/CMO-Historical-Data-Monthly.xlsx,2026-09-28,
orange,WB Pink Sheet: Orange,"World Bank Commodity Price Data (Pink Sheet), monthly, updated 2026-09-02",$/kg,2025-03,1.44,https://thedocs.worldbank.org/en/doc/74e8be41ceb20fa0da750cda2f6b9e4e-0050012026/related/CMO-Historical-Data-Monthly.xlsx,2026-09-28,
orange,WB Pink Sheet: Orange,"World Bank Commodity Price Data (Pink Sheet), monthly, updated 2026-09-02",$/kg,2025-04,1.41,https://thedocs.worldbank.org/en/doc/74e8be41ceb20fa0da750cda2f6b9e4e-0050012026/related/CMO-Historical-Data-Monthly.xlsx,2026-09-28,
orange,WB Pink Sheet: Orange,"World Bank Commodity Price Data (Pink Sheet), monthly, updated 2026-09-02",$/kg,2025-05,1.38,https://thedocs.worldbank.org/en/doc/74e8be41ceb20fa0da750cda2f6b9e4e-0050012026/related/CMO-Historical-Data-Monthly.xlsx,2026-09-28,
orange,WB Pink Sheet: Orange,"World Bank Commodity Price Data (Pink Sheet), monthly, updated 2026-09-02",$/kg,2025-06,1.36,https://thedocs.worldbank.org/en/doc/74e8be41ceb20fa0da750cda2f6b9e4e-0050012026/related/CMO-Historical-Data-Monthly.xlsx,2026-09-28,
orange,WB Pink Sheet: Orange,"World Bank Commodity Price Data (Pink Sheet), monthly, updated 2026-09-02",$/kg,2025-07,1.52,https://thedocs.worldbank.org/en/doc/74e8be41ceb20fa0da750cda2f6b9e4e-0050012026/related/CMO-Historical-Data-Monthly.xlsx,2026-09-28,
orange,WB Pink Sheet: Orange,"World Bank Commodity Price Data (Pink Sheet), monthly, updated 2026-09-02",$/kg,2025-08,1.28,https://thedocs.worldbank.org/en/doc/74e8be41ceb20fa0da750cda2f6b9e4e-0050012026/related/CMO-Historical-Data-Monthly.xlsx,2026-09-28,
orange,WB Pink Sheet: Orange,"World Bank Commodity Price Data (Pink Sheet), monthly, updated 2026-09-02",$/kg,2025-09,1.29,https://thedocs.worldbank.org/en/doc/74e8be41ceb20fa0da750cda2f6b9e4e-0050012026/related/CMO-Historical-Data-Monthly.xlsx,2026-09-28,
orange,WB Pink Sheet: Orange,"World Bank Commodity Price Data (Pink Sheet), monthly, updated 2026-09-02",$/kg,2025-10,1.05,https://thedocs.worldbank.org/en/doc/74e8be41ceb20fa0da750cda2f6b9e4e-0050012026/related/CMO-Historical-Data-Monthly.xlsx,2026-09-28,
orange,WB Pink Sheet: Orange,"World Bank Commodity Price Data (Pink Sheet), monthly, updated 2026-09-02",$/kg,2025-11,0.86,https://thedocs.worldbank.org/en/doc/74e8be41ceb20fa0da750cda2f6b9e4e-0050012026/related/CMO-Historical-Data-Monthly.xlsx,2026-09-28,
orange,WB Pink Sheet: Orange,"World Bank Commodity Price Data (Pink Sheet), monthly, updated 2026-09-02",$/kg,2025-12,0.92,https://thedocs.worldbank.org/en/doc/74e8be41ceb20fa0da750cda2f6b9e4e-0050012026/related/CMO-Historical-Data-Monthly.xlsx,2026-09-28,
orange,WB Pink Sheet: Orange,"World Bank Commodity Price Data (Pink Sheet), monthly, updated 2026-09-02",$/kg,2026-01,1.11,https://thedocs.worldbank.org/en/doc/74e8be41ceb20fa0da750cda2f6b9e4e-0050012026/related/CMO-Historical-Data-Monthly.xlsx,2026-09-28,
orange,WB Pink Sheet: Orange,"World Bank Commodity Price Data (Pink Sheet), monthly, updated 2026-09-02",$/kg,2026-02,0.94,https://thedocs.worldbank.org/en/doc/74e8be41ceb20fa0da750cda2f6b9e4e-0050012026/related/CMO-Historical-Data-Monthly.xlsx,2026-09-28,
orange,WB Pink Sheet: Orange,"World Bank Commodity Price Data (Pink Sheet), monthly, updated 2026-09-02",$/kg,2026-03,0.97,https://thedocs.worldbank.org/en/doc/74e8be41ceb20fa0da750cda2f6b9e4e-0050012026/related/CMO-Historical-Data-Monthly.xlsx,2026-09-28,
orange,WB Pink Sheet: Orange,"World Bank Commodity Price Data (Pink Sheet), monthly, updated 2026-09-02",$/kg,2026-04,0.95,https://thedocs.worldbank.org/en/doc/74e8be41ceb20fa0da750cda2f6b9e4e-0050012026/related/CMO-Historical-Data-Monthly.xlsx,2026-09-28,
orange,WB Pink Sheet: Orange,"World Bank Commodity Price Data (Pink Sheet), monthly, updated 2026-09-02",$/kg,2026-05,0.92,https://thedocs.worldbank.org/en/doc/74e8be41ceb20fa0da750cda2f6b9e4e-0050012026/related/CMO-Historical-Data-Monthly.xlsx,2026-09-28,
orange,WB Pink Sheet: Orange,"World Bank Commodity Price Data (Pink Sheet), monthly, updated 2026-09-02",$/kg,2026-06,0.82,https://thedocs.worldbank.org/en/doc/74e8be41ceb20fa0da750cda2f6b9e4e-0050012026/related/CMO-Historical-Data-Monthly.xlsx,2026-09-28,
orange,WB Pink Sheet: Orange,"World Bank Commodity Price Data (Pink Sheet), monthly, updated 2026-09-02",$/kg,2026-07,0.78,https://thedocs.worldbank.org/en/doc/74e8be41ceb20fa0da750cda2f6b9e4e-0050012026/related/CMO-Historical-Data-Monthly.xlsx,2026-09-28,
orange,WB Pink Sheet: Orange,"World Bank Commodity Price Data (Pink Sheet), monthly, updated 2026-09-02",$/kg,2026-08,0.77,https://thedocs.worldbank.org/en/doc/74e8be41ceb20fa0da750cda2f6b9e4e-0050012026/related/CMO-Historical-Data-Monthly.xlsx,2026-09-28,
palm_oil,WB Pink Sheet: Palm oil,"World Bank Commodity Price Data (Pink Sheet), monthly, updated 2026-09-02",$/mt,2020-01,810,https://thedocs.worldbank.org/en/doc/74e8be41ceb20fa0da750cda2f6b9e4e-0050012026/related/CMO-Historical-Data-Monthly.xlsx,2026-09-28,
palm_oil,WB Pink Sheet: Palm oil,"World Bank Commodity Price Data (Pink Sheet), monthly, updated 2026-09-02",$/mt,2020-02,729,https://thedocs.worldbank.org/en/doc/74e8be41ceb20fa0da750cda2f6b9e4e-0050012026/related/CMO-Historical-Data-Monthly.xlsx,2026-09-28,
palm_oil,WB Pink Sheet: Palm oil,"World Bank Commodity Price Data (Pink Sheet), monthly, updated 2026-09-02",$/mt,2020-03,636,https://thedocs.worldbank.org/en/doc/74e8be41ceb20fa0da750cda2f6b9e4e-0050012026/related/CMO-Historical-Data-Monthly.xlsx,2026-09-28,
palm_oil,WB Pink Sheet: Palm oil,"World Bank Commodity Price Data (Pink Sheet), monthly, updated 2026-09-02",$/mt,2020-04,609,https://thedocs.worldbank.org/en/doc/74e8be41ceb20fa0da750cda2f6b9e4e-0050012026/related/CMO-Historical-Data-Monthly.xlsx,2026-09-28,
palm_oil,WB Pink Sheet: Palm oil,"World Bank Commodity Price Data (Pink Sheet), monthly, updated 2026-09-02",$/mt,2020-05,577,https://thedocs.worldbank.org/en/doc/74e8be41ceb20fa0da750cda2f6b9e4e-0050012026/related/CMO-Historical-Data-Monthly.xlsx,2026-09-28,
palm_oil,WB Pink Sheet: Palm oil,"World Bank Commodity Price Data (Pink Sheet), monthly, updated 2026-09-02",$/mt,2020-06,656,https://thedocs.worldbank.org/en/doc/74e8be41ceb20fa0da750cda2f6b9e4e-0050012026/related/CMO-Historical-Data-Monthly.xlsx,2026-09-28,
palm_oil,WB Pink Sheet: Palm oil,"World Bank Commodity Price Data (Pink Sheet), monthly, updated 2026-09-02",$/mt,2020-07,694,https://thedocs.worldbank.org/en/doc/74e8be41ceb20fa0da750cda2f6b9e4e-0050012026/related/CMO-Historical-Data-Monthly.xlsx,2026-09-28,
palm_oil,WB Pink Sheet: Palm oil,"World Bank Commodity Price Data (Pink Sheet), monthly, updated 2026-09-02",$/mt,2020-08,760,https://thedocs.worldbank.org/en/doc/74e8be41ceb20fa0da750cda2f6b9e4e-0050012026/related/CMO-Historical-Data-Monthly.xlsx,2026-09-28,
palm_oil,WB Pink Sheet: Palm oil,"World Bank Commodity Price Data (Pink Sheet), monthly, updated 2026-09-02",$/mt,2020-09,796,https://thedocs.worldbank.org/en/doc/74e8be41ceb20fa0da750cda2f6b9e4e-0050012026/related/CMO-Historical-Data-Monthly.xlsx,2026-09-28,
palm_oil,WB Pink Sheet: Palm oil,"World Bank Commodity Price Data (Pink Sheet), monthly, updated 2026-09-02",$/mt,2020-10,819,https://thedocs.worldbank.org/en/doc/74e8be41ceb20fa0da750cda2f6b9e4e-0050012026/related/CMO-Historical-Data-Monthly.xlsx,2026-09-28,
palm_oil,WB Pink Sheet: Palm oil,"World Bank Commodity Price Data (Pink Sheet), monthly, updated 2026-09-02",$/mt,2020-11,918,https://thedocs.worldbank.org/en/doc/74e8be41ceb20fa0da750cda2f6b9e4e-0050012026/related/CMO-Historical-Data-Monthly.xlsx,2026-09-28,
palm_oil,WB Pink Sheet: Palm oil,"World Bank Commodity Price Data (Pink Sheet), monthly, updated 2026-09-02",$/mt,2020-12,1016,https://thedocs.worldbank.org/en/doc/74e8be41ceb20fa0da750cda2f6b9e4e-0050012026/related/CMO-Historical-Data-Monthly.xlsx,2026-09-28,
palm_oil,WB Pink Sheet: Palm oil,"World Bank Commodity Price Data (Pink Sheet), monthly, updated 2026-09-02",$/mt,2021-01,990,https://thedocs.worldbank.org/en/doc/74e8be41ceb20fa0da750cda2f6b9e4e-0050012026/related/CMO-Historical-Data-Monthly.xlsx,2026-09-28,
palm_oil,WB Pink Sheet: Palm oil,"World Bank Commodity Price Data (Pink Sheet), monthly, updated 2026-09-02",$/mt,2021-02,1020,https://thedocs.worldbank.org/en/doc/74e8be41ceb20fa0da750cda2f6b9e4e-0050012026/related/CMO-Historical-Data-Monthly.xlsx,2026-09-28,
palm_oil,WB Pink Sheet: Palm oil,"World Bank Commodity Price Data (Pink Sheet), monthly, updated 2026-09-02",$/mt,2021-03,1030,https://thedocs.worldbank.org/en/doc/74e8be41ceb20fa0da750cda2f6b9e4e-0050012026/related/CMO-Historical-Data-Monthly.xlsx,2026-09-28,
palm_oil,WB Pink Sheet: Palm oil,"World Bank Commodity Price Data (Pink Sheet), monthly, updated 2026-09-02",$/mt,2021-04,1078,https://thedocs.worldbank.org/en/doc/74e8be41ceb20fa0da750cda2f6b9e4e-0050012026/related/CMO-Historical-Data-Monthly.xlsx,2026-09-28,
palm_oil,WB Pink Sheet: Palm oil,"World Bank Commodity Price Data (Pink Sheet), monthly, updated 2026-09-02",$/mt,2021-05,1136,https://thedocs.worldbank.org/en/doc/74e8be41ceb20fa0da750cda2f6b9e4e-0050012026/related/CMO-Historical-Data-Monthly.xlsx,2026-09-28,
palm_oil,WB Pink Sheet: Palm oil,"World Bank Commodity Price Data (Pink Sheet), monthly, updated 2026-09-02",$/mt,2021-06,1004,https://thedocs.worldbank.org/en/doc/74e8be41ceb20fa0da750cda2f6b9e4e-0050012026/related/CMO-Historical-Data-Monthly.xlsx,2026-09-28,
palm_oil,WB Pink Sheet: Palm oil,"World Bank Commodity Price Data (Pink Sheet), monthly, updated 2026-09-02",$/mt,2021-07,1063,https://thedocs.worldbank.org/en/doc/74e8be41ceb20fa0da750cda2f6b9e4e-0050012026/related/CMO-Historical-Data-Monthly.xlsx,2026-09-28,
palm_oil,WB Pink Sheet: Palm oil,"World Bank Commodity Price Data (Pink Sheet), monthly, updated 2026-09-02",$/mt,2021-08,1142,https://thedocs.worldbank.org/en/doc/74e8be41ceb20fa0da750cda2f6b9e4e-0050012026/related/CMO-Historical-Data-Monthly.xlsx,2026-09-28,
palm_oil,WB Pink Sheet: Palm oil,"World Bank Commodity Price Data (Pink Sheet), monthly, updated 2026-09-02",$/mt,2021-09,1181,https://thedocs.worldbank.org/en/doc/74e8be41ceb20fa0da750cda2f6b9e4e-0050012026/related/CMO-Historical-Data-Monthly.xlsx,2026-09-28,
palm_oil,WB Pink Sheet: Palm oil,"World Bank Commodity Price Data (Pink Sheet), monthly, updated 2026-09-02",$/mt,2021-10,1310,https://thedocs.worldbank.org/en/doc/74e8be41ceb20fa0da750cda2f6b9e4e-0050012026/related/CMO-Historical-Data-Monthly.xlsx,2026-09-28,
palm_oil,WB Pink Sheet: Palm oil,"World Bank Commodity Price Data (Pink Sheet), monthly, updated 2026-09-02",$/mt,2021-11,1341,https://thedocs.worldbank.org/en/doc/74e8be41ceb20fa0da750cda2f6b9e4e-0050012026/related/CMO-Historical-Data-Monthly.xlsx,2026-09-28,
palm_oil,WB Pink Sheet: Palm oil,"World Bank Commodity Price Data (Pink Sheet), monthly, updated 2026-09-02",$/mt,2021-12,1270,https://thedocs.worldbank.org/en/doc/74e8be41ceb20fa0da750cda2f6b9e4e-0050012026/related/CMO-Historical-Data-Monthly.xlsx,2026-09-28,
palm_oil,WB Pink Sheet: Palm oil,"World Bank Commodity Price Data (Pink Sheet), monthly, updated 2026-09-02",$/mt,2022-01,1345,https://thedocs.worldbank.org/en/doc/74e8be41ceb20fa0da750cda2f6b9e4e-0050012026/related/CMO-Historical-Data-Monthly.xlsx,2026-09-28,
palm_oil,WB Pink Sheet: Palm oil,"World Bank Commodity Price Data (Pink Sheet), monthly, updated 2026-09-02",$/mt,2022-02,1522,https://thedocs.worldbank.org/en/doc/74e8be41ceb20fa0da750cda2f6b9e4e-0050012026/related/CMO-Historical-Data-Monthly.xlsx,2026-09-28,
palm_oil,WB Pink Sheet: Palm oil,"World Bank Commodity Price Data (Pink Sheet), monthly, updated 2026-09-02",$/mt,2022-03,1777,https://thedocs.worldbank.org/en/doc/74e8be41ceb20fa0da750cda2f6b9e4e-0050012026/related/CMO-Historical-Data-Monthly.xlsx,2026-09-28,
palm_oil,WB Pink Sheet: Palm oil,"World Bank Commodity Price Data (Pink Sheet), monthly, updated 2026-09-02",$/mt,2022-04,1683,https://thedocs.worldbank.org/en/doc/74e8be41ceb20fa0da750cda2f6b9e4e-0050012026/related/CMO-Historical-Data-Monthly.xlsx,2026-09-28,
palm_oil,WB Pink Sheet: Palm oil,"World Bank Commodity Price Data (Pink Sheet), monthly, updated 2026-09-02",$/mt,2022-05,1717,https://thedocs.worldbank.org/en/doc/74e8be41ceb20fa0da750cda2f6b9e4e-0050012026/related/CMO-Historical-Data-Monthly.xlsx,2026-09-28,
palm_oil,WB Pink Sheet: Palm oil,"World Bank Commodity Price Data (Pink Sheet), monthly, updated 2026-09-02",$/mt,2022-06,1501,https://thedocs.worldbank.org/en/doc/74e8be41ceb20fa0da750cda2f6b9e4e-0050012026/related/CMO-Historical-Data-Monthly.xlsx,2026-09-28,
palm_oil,WB Pink Sheet: Palm oil,"World Bank Commodity Price Data (Pink Sheet), monthly, updated 2026-09-02",$/mt,2022-07,1057,https://thedocs.worldbank.org/en/doc/74e8be41ceb20fa0da750cda2f6b9e4e-0050012026/related/CMO-Historical-Data-Monthly.xlsx,2026-09-28,
palm_oil,WB Pink Sheet: Palm oil,"World Bank Commodity Price Data (Pink Sheet), monthly, updated 2026-09-02",$/mt,2022-08,1026,https://thedocs.worldbank.org/en/doc/74e8be41ceb20fa0da750cda2f6b9e4e-0050012026/related/CMO-Historical-Data-Monthly.xlsx,2026-09-28,
palm_oil,WB Pink Sheet: Palm oil,"World Bank Commodity Price Data (Pink Sheet), monthly, updated 2026-09-02",$/mt,2022-09,909,https://thedocs.worldbank.org/en/doc/74e8be41ceb20fa0da750cda2f6b9e4e-0050012026/related/CMO-Historical-Data-Monthly.xlsx,2026-09-28,
palm_oil,WB Pink Sheet: Palm oil,"World Bank Commodity Price Data (Pink Sheet), monthly, updated 2026-09-02",$/mt,2022-10,889,https://thedocs.worldbank.org/en/doc/74e8be41ceb20fa0da750cda2f6b9e4e-0050012026/related/CMO-Historical-Data-Monthly.xlsx,2026-09-28,
palm_oil,WB Pink Sheet: Palm oil,"World Bank Commodity Price Data (Pink Sheet), monthly, updated 2026-09-02",$/mt,2022-11,946,https://thedocs.worldbank.org/en/doc/74e8be41ceb20fa0da750cda2f6b9e4e-0050012026/related/CMO-Historical-Data-Monthly.xlsx,2026-09-28,
palm_oil,WB Pink Sheet: Palm oil,"World Bank Commodity Price Data (Pink Sheet), monthly, updated 2026-09-02",$/mt,2022-12,940,https://thedocs.worldbank.org/en/doc/74e8be41ceb20fa0da750cda2f6b9e4e-0050012026/related/CMO-Historical-Data-Monthly.xlsx,2026-09-28,
palm_oil,WB Pink Sheet: Palm oil,"World Bank Commodity Price Data (Pink Sheet), monthly, updated 2026-09-02",$/mt,2023-01,942,https://thedocs.worldbank.org/en/doc/74e8be41ceb20fa0da750cda2f6b9e4e-0050012026/related/CMO-Historical-Data-Monthly.xlsx,2026-09-28,
palm_oil,WB Pink Sheet: Palm oil,"World Bank Commodity Price Data (Pink Sheet), monthly, updated 2026-09-02",$/mt,2023-02,950,https://thedocs.worldbank.org/en/doc/74e8be41ceb20fa0da750cda2f6b9e4e-0050012026/related/CMO-Historical-Data-Monthly.xlsx,2026-09-28,
palm_oil,WB Pink Sheet: Palm oil,"World Bank Commodity Price Data (Pink Sheet), monthly, updated 2026-09-02",$/mt,2023-03,972,https://thedocs.worldbank.org/en/doc/74e8be41ceb20fa0da750cda2f6b9e4e-0050012026/related/CMO-Historical-Data-Monthly.xlsx,2026-09-28,
palm_oil,WB Pink Sheet: Palm oil,"World Bank Commodity Price Data (Pink Sheet), monthly, updated 2026-09-02",$/mt,2023-04,1005,https://thedocs.worldbank.org/en/doc/74e8be41ceb20fa0da750cda2f6b9e4e-0050012026/related/CMO-Historical-Data-Monthly.xlsx,2026-09-28,
palm_oil,WB Pink Sheet: Palm oil,"World Bank Commodity Price Data (Pink Sheet), monthly, updated 2026-09-02",$/mt,2023-05,934,https://thedocs.worldbank.org/en/doc/74e8be41ceb20fa0da750cda2f6b9e4e-0050012026/related/CMO-Historical-Data-Monthly.xlsx,2026-09-28,
palm_oil,WB Pink Sheet: Palm oil,"World Bank Commodity Price Data (Pink Sheet), monthly, updated 2026-09-02",$/mt,2023-06,817,https://thedocs.worldbank.org/en/doc/74e8be41ceb20fa0da750cda2f6b9e4e-0050012026/related/CMO-Historical-Data-Monthly.xlsx,2026-09-28,
palm_oil,WB Pink Sheet: Palm oil,"World Bank Commodity Price Data (Pink Sheet), monthly, updated 2026-09-02",$/mt,2023-07,879,https://thedocs.worldbank.org/en/doc/74e8be41ceb20fa0da750cda2f6b9e4e-0050012026/related/CMO-Historical-Data-Monthly.xlsx,2026-09-28,
palm_oil,WB Pink Sheet: Palm oil,"World Bank Commodity Price Data (Pink Sheet), monthly, updated 2026-09-02",$/mt,2023-08,861,https://thedocs.worldbank.org/en/doc/74e8be41ceb20fa0da750cda2f6b9e4e-0050012026/related/CMO-Historical-Data-Monthly.xlsx,2026-09-28,
palm_oil,WB Pink Sheet: Palm oil,"World Bank Commodity Price Data (Pink Sheet), monthly, updated 2026-09-02",$/mt,2023-09,830,https://thedocs.worldbank.org/en/doc/74e8be41ceb20fa0da750cda2f6b9e4e-0050012026/related/CMO-Historical-Data-Monthly.xlsx,2026-09-28,
palm_oil,WB Pink Sheet: Palm oil,"World Bank Commodity Price Data (Pink Sheet), monthly, updated 2026-09-02",$/mt,2023-10,804,https://thedocs.worldbank.org/en/doc/74e8be41ceb20fa0da750cda2f6b9e4e-0050012026/related/CMO-Historical-Data-Monthly.xlsx,2026-09-28,
palm_oil,WB Pink Sheet: Palm oil,"World Bank Commodity Price Data (Pink Sheet), monthly, updated 2026-09-02",$/mt,2023-11,830,https://thedocs.worldbank.org/en/doc/74e8be41ceb20fa0da750cda2f6b9e4e-0050012026/related/CMO-Historical-Data-Monthly.xlsx,2026-09-28,
palm_oil,WB Pink Sheet: Palm oil,"World Bank Commodity Price Data (Pink Sheet), monthly, updated 2026-09-02",$/mt,2023-12,814,https://thedocs.worldbank.org/en/doc/74e8be41ceb20fa0da750cda2f6b9e4e-0050012026/related/CMO-Historical-Data-Monthly.xlsx,2026-09-28,
palm_oil,WB Pink Sheet: Palm oil,"World Bank Commodity Price Data (Pink Sheet), monthly, updated 2026-09-02",$/mt,2024-01,845,https://thedocs.worldbank.org/en/doc/74e8be41ceb20fa0da750cda2f6b9e4e-0050012026/related/CMO-Historical-Data-Monthly.xlsx,2026-09-28,
palm_oil,WB Pink Sheet: Palm oil,"World Bank Commodity Price Data (Pink Sheet), monthly, updated 2026-09-02",$/mt,2024-02,857,https://thedocs.worldbank.org/en/doc/74e8be41ceb20fa0da750cda2f6b9e4e-0050012026/related/CMO-Historical-Data-Monthly.xlsx,2026-09-28,
palm_oil,WB Pink Sheet: Palm oil,"World Bank Commodity Price Data (Pink Sheet), monthly, updated 2026-09-02",$/mt,2024-03,943,https://thedocs.worldbank.org/en/doc/74e8be41ceb20fa0da750cda2f6b9e4e-0050012026/related/CMO-Historical-Data-Monthly.xlsx,2026-09-28,
palm_oil,WB Pink Sheet: Palm oil,"World Bank Commodity Price Data (Pink Sheet), monthly, updated 2026-09-02",$/mt,2024-04,936,https://thedocs.worldbank.org/en/doc/74e8be41ceb20fa0da750cda2f6b9e4e-0050012026/related/CMO-Historical-Data-Monthly.xlsx,2026-09-28,
palm_oil,WB Pink Sheet: Palm oil,"World Bank Commodity Price Data (Pink Sheet), monthly, updated 2026-09-02",$/mt,2024-05,859,https://thedocs.worldbank.org/en/doc/74e8be41ceb20fa0da750cda2f6b9e4e-0050012026/related/CMO-Historical-Data-Monthly.xlsx,2026-09-28,
palm_oil,WB Pink Sheet: Palm oil,"World Bank Commodity Price Data (Pink Sheet), monthly, updated 2026-09-02",$/mt,2024-06,874,https://thedocs.worldbank.org/en/doc/74e8be41ceb20fa0da750cda2f6b9e4e-0050012026/related/CMO-Historical-Data-Monthly.xlsx,2026-09-28,
palm_oil,WB Pink Sheet: Palm oil,"World Bank Commodity Price Data (Pink Sheet), monthly, updated 2026-09-02",$/mt,2024-07,896,https://thedocs.worldbank.org/en/doc/74e8be41ceb20fa0da750cda2f6b9e4e-0050012026/related/CMO-Historical-Data-Monthly.xlsx,2026-09-28,
palm_oil,WB Pink Sheet: Palm oil,"World Bank Commodity Price Data (Pink Sheet), monthly, updated 2026-09-02",$/mt,2024-08,933,https://thedocs.worldbank.org/en/doc/74e8be41ceb20fa0da750cda2f6b9e4e-0050012026/related/CMO-Historical-Data-Monthly.xlsx,2026-09-28,
palm_oil,WB Pink Sheet: Palm oil,"World Bank Commodity Price Data (Pink Sheet), monthly, updated 2026-09-02",$/mt,2024-09,983,https://thedocs.worldbank.org/en/doc/74e8be41ceb20fa0da750cda2f6b9e4e-0050012026/related/CMO-Historical-Data-Monthly.xlsx,2026-09-28,
palm_oil,WB Pink Sheet: Palm oil,"World Bank Commodity Price Data (Pink Sheet), monthly, updated 2026-09-02",$/mt,2024-10,1077,https://thedocs.worldbank.org/en/doc/74e8be41ceb20fa0da750cda2f6b9e4e-0050012026/related/CMO-Historical-Data-Monthly.xlsx,2026-09-28,
palm_oil,WB Pink Sheet: Palm oil,"World Bank Commodity Price Data (Pink Sheet), monthly, updated 2026-09-02",$/mt,2024-11,1169,https://thedocs.worldbank.org/en/doc/74e8be41ceb20fa0da750cda2f6b9e4e-0050012026/related/CMO-Historical-Data-Monthly.xlsx,2026-09-28,
palm_oil,WB Pink Sheet: Palm oil,"World Bank Commodity Price Data (Pink Sheet), monthly, updated 2026-09-02",$/mt,2024-12,1190,https://thedocs.worldbank.org/en/doc/74e8be41ceb20fa0da750cda2f6b9e4e-0050012026/related/CMO-Historical-Data-Monthly.xlsx,2026-09-28,
palm_oil,WB Pink Sheet: Palm oil,"World Bank Commodity Price Data (Pink Sheet), monthly, updated 2026-09-02",$/mt,2025-01,1070,https://thedocs.worldbank.org/en/doc/74e8be41ceb20fa0da750cda2f6b9e4e-0050012026/related/CMO-Historical-Data-Monthly.xlsx,2026-09-28,
palm_oil,WB Pink Sheet: Palm oil,"World Bank Commodity Price Data (Pink Sheet), monthly, updated 2026-09-02",$/mt,2025-02,1067,https://thedocs.worldbank.org/en/doc/74e8be41ceb20fa0da750cda2f6b9e4e-0050012026/related/CMO-Historical-Data-Monthly.xlsx,2026-09-28,
palm_oil,WB Pink Sheet: Palm oil,"World Bank Commodity Price Data (Pink Sheet), monthly, updated 2026-09-02",$/mt,2025-03,1068,https://thedocs.worldbank.org/en/doc/74e8be41ceb20fa0da750cda2f6b9e4e-0050012026/related/CMO-Historical-Data-Monthly.xlsx,2026-09-28,
palm_oil,WB Pink Sheet: Palm oil,"World Bank Commodity Price Data (Pink Sheet), monthly, updated 2026-09-02",$/mt,2025-04,994,https://thedocs.worldbank.org/en/doc/74e8be41ceb20fa0da750cda2f6b9e4e-0050012026/related/CMO-Historical-Data-Monthly.xlsx,2026-09-28,
palm_oil,WB Pink Sheet: Palm oil,"World Bank Commodity Price Data (Pink Sheet), monthly, updated 2026-09-02",$/mt,2025-05,908,https://thedocs.worldbank.org/en/doc/74e8be41ceb20fa0da750cda2f6b9e4e-0050012026/related/CMO-Historical-Data-Monthly.xlsx,2026-09-28,
palm_oil,WB Pink Sheet: Palm oil,"World Bank Commodity Price Data (Pink Sheet), monthly, updated 2026-09-02",$/mt,2025-06,935,https://thedocs.worldbank.org/en/doc/74e8be41ceb20fa0da750cda2f6b9e4e-0050012026/related/CMO-Historical-Data-Monthly.xlsx,2026-09-28,
palm_oil,WB Pink Sheet: Palm oil,"World Bank Commodity Price Data (Pink Sheet), monthly, updated 2026-09-02",$/mt,2025-07,976,https://thedocs.worldbank.org/en/doc/74e8be41ceb20fa0da750cda2f6b9e4e-0050012026/related/CMO-Historical-Data-Monthly.xlsx,2026-09-28,
palm_oil,WB Pink Sheet: Palm oil,"World Bank Commodity Price Data (Pink Sheet), monthly, updated 2026-09-02",$/mt,2025-08,1026,https://thedocs.worldbank.org/en/doc/74e8be41ceb20fa0da750cda2f6b9e4e-0050012026/related/CMO-Historical-Data-Monthly.xlsx,2026-09-28,
palm_oil,WB Pink Sheet: Palm oil,"World Bank Commodity Price Data (Pink Sheet), monthly, updated 2026-09-02",$/mt,2025-09,1037,https://thedocs.worldbank.org/en/doc/74e8be41ceb20fa0da750cda2f6b9e4e-0050012026/related/CMO-Historical-Data-Monthly.xlsx,2026-09-28,
palm_oil,WB Pink Sheet: Palm oil,"World Bank Commodity Price Data (Pink Sheet), monthly, updated 2026-09-02",$/mt,2025-10,1038,https://thedocs.worldbank.org/en/doc/74e8be41ceb20fa0da750cda2f6b9e4e-0050012026/related/CMO-Historical-Data-Monthly.xlsx,2026-09-28,
palm_oil,WB Pink Sheet: Palm oil,"World Bank Commodity Price Data (Pink Sheet), monthly, updated 2026-09-02",$/mt,2025-11,983,https://thedocs.worldbank.org/en/doc/74e8be41ceb20fa0da750cda2f6b9e4e-0050012026/related/CMO-Historical-Data-Monthly.xlsx,2026-09-28,
palm_oil,WB Pink Sheet: Palm oil,"World Bank Commodity Price Data (Pink Sheet), monthly, updated 2026-09-02",$/mt,2025-12,980,https://thedocs.worldbank.org/en/doc/74e8be41ceb20fa0da750cda2f6b9e4e-0050012026/related/CMO-Historical-Data-Monthly.xlsx,2026-09-28,
palm_oil,WB Pink Sheet: Palm oil,"World Bank Commodity Price Data (Pink Sheet), monthly, updated 2026-09-02",$/mt,2026-01,1005,https://thedocs.worldbank.org/en/doc/74e8be41ceb20fa0da750cda2f6b9e4e-0050012026/related/CMO-Historical-Data-Monthly.xlsx,2026-09-28,
palm_oil,WB Pink Sheet: Palm oil,"World Bank Commodity Price Data (Pink Sheet), monthly, updated 2026-09-02",$/mt,2026-02,1039,https://thedocs.worldbank.org/en/doc/74e8be41ceb20fa0da750cda2f6b9e4e-0050012026/related/CMO-Historical-Data-Monthly.xlsx,2026-09-28,
palm_oil,WB Pink Sheet: Palm oil,"World Bank Commodity Price Data (Pink Sheet), monthly, updated 2026-09-02",$/mt,2026-03,1109,https://thedocs.worldbank.org/en/doc/74e8be41ceb20fa0da750cda2f6b9e4e-0050012026/related/CMO-Historical-Data-Monthly.xlsx,2026-09-28,
palm_oil,WB Pink Sheet: Palm oil,"World Bank Commodity Price Data (Pink Sheet), monthly, updated 2026-09-02",$/mt,2026-04,1146,https://thedocs.worldbank.org/en/doc/74e8be41ceb20fa0da750cda2f6b9e4e-0050012026/related/CMO-Historical-Data-Monthly.xlsx,2026-09-28,
palm_oil,WB Pink Sheet: Palm oil,"World Bank Commodity Price Data (Pink Sheet), monthly, updated 2026-09-02",$/mt,2026-05,1136,https://thedocs.worldbank.org/en/doc/74e8be41ceb20fa0da750cda2f6b9e4e-0050012026/related/CMO-Historical-Data-Monthly.xlsx,2026-09-28,
palm_oil,WB Pink Sheet: Palm oil,"World Bank Commodity Price Data (Pink Sheet), monthly, updated 2026-09-02",$/mt,2026-06,1104,https://thedocs.worldbank.org/en/doc/74e8be41ceb20fa0da750cda2f6b9e4e-0050012026/related/CMO-Historical-Data-Monthly.xlsx,2026-09-28,
palm_oil,WB Pink Sheet: Palm oil,"World Bank Commodity Price Data (Pink Sheet), monthly, updated 2026-09-02",$/mt,2026-07,1101,https://thedocs.worldbank.org/en/doc/74e8be41ceb20fa0da750cda2f6b9e4e-0050012026/related/CMO-Historical-Data-Monthly.xlsx,2026-09-28,
palm_oil,WB Pink Sheet: Palm oil,"World Bank Commodity Price Data (Pink Sheet), monthly, updated 2026-09-02",$/mt,2026-08,1117,https://thedocs.worldbank.org/en/doc/74e8be41ceb20fa0da750cda2f6b9e4e-0050012026/related/CMO-Historical-Data-Monthly.xlsx,2026-09-28,
olive_oil,"IMF PCPS POLVOIL: Olive Oil, extra virgin less than 1% free fatty acid, ex-tanker price U.K., US$ per metric ton",IMF Primary Commodity Prices (external-data.xlsx),USD/metric ton,2020-01,2687.32,https://www.imf.org/-/media/files/research/commodityprices/monthly/external-data.xlsx,2026-09-28,
olive_oil,"IMF PCPS POLVOIL: Olive Oil, extra virgin less than 1% free fatty acid, ex-tanker price U.K., US$ per metric ton",IMF Primary Commodity Prices (external-data.xlsx),USD/metric ton,2020-02,2737.94,https://www.imf.org/-/media/files/research/commodityprices/monthly/external-data.xlsx,2026-09-28,
olive_oil,"IMF PCPS POLVOIL: Olive Oil, extra virgin less than 1% free fatty acid, ex-tanker price U.K., US$ per metric ton",IMF Primary Commodity Prices (external-data.xlsx),USD/metric ton,2020-03,2796.26,https://www.imf.org/-/media/files/research/commodityprices/monthly/external-data.xlsx,2026-09-28,
olive_oil,"IMF PCPS POLVOIL: Olive Oil, extra virgin less than 1% free fatty acid, ex-tanker price U.K., US$ per metric ton",IMF Primary Commodity Prices (external-data.xlsx),USD/metric ton,2020-04,2775.09,https://www.imf.org/-/media/files/research/commodityprices/monthly/external-data.xlsx,2026-09-28,
olive_oil,"IMF PCPS POLVOIL: Olive Oil, extra virgin less than 1% free fatty acid, ex-tanker price U.K., US$ per metric ton",IMF Primary Commodity Prices (external-data.xlsx),USD/metric ton,2020-05,2754.38,https://www.imf.org/-/media/files/research/commodityprices/monthly/external-data.xlsx,2026-09-28,
olive_oil,"IMF PCPS POLVOIL: Olive Oil, extra virgin less than 1% free fatty acid, ex-tanker price U.K., US$ per metric ton",IMF Primary Commodity Prices (external-data.xlsx),USD/metric ton,2020-06,2842.24,https://www.imf.org/-/media/files/research/commodityprices/monthly/external-data.xlsx,2026-09-28,
olive_oil,"IMF PCPS POLVOIL: Olive Oil, extra virgin less than 1% free fatty acid, ex-tanker price U.K., US$ per metric ton",IMF Primary Commodity Prices (external-data.xlsx),USD/metric ton,2020-07,2868.08,https://www.imf.org/-/media/files/research/commodityprices/monthly/external-data.xlsx,2026-09-28,
olive_oil,"IMF PCPS POLVOIL: Olive Oil, extra virgin less than 1% free fatty acid, ex-tanker price U.K., US$ per metric ton",IMF Primary Commodity Prices (external-data.xlsx),USD/metric ton,2020-08,2995.76,https://www.imf.org/-/media/files/research/commodityprices/monthly/external-data.xlsx,2026-09-28,
olive_oil,"IMF PCPS POLVOIL: Olive Oil, extra virgin less than 1% free fatty acid, ex-tanker price U.K., US$ per metric ton",IMF Primary Commodity Prices (external-data.xlsx),USD/metric ton,2020-09,3094.02,https://www.imf.org/-/media/files/research/commodityprices/monthly/external-data.xlsx,2026-09-28,
olive_oil,"IMF PCPS POLVOIL: Olive Oil, extra virgin less than 1% free fatty acid, ex-tanker price U.K., US$ per metric ton",IMF Primary Commodity Prices (external-data.xlsx),USD/metric ton,2020-10,3285.64,https://www.imf.org/-/media/files/research/commodityprices/monthly/external-data.xlsx,2026-09-28,
olive_oil,"IMF PCPS POLVOIL: Olive Oil, extra virgin less than 1% free fatty acid, ex-tanker price U.K., US$ per metric ton",IMF Primary Commodity Prices (external-data.xlsx),USD/metric ton,2020-11,1389.97,https://www.imf.org/-/media/files/research/commodityprices/monthly/external-data.xlsx,2026-09-28,
olive_oil,"IMF PCPS POLVOIL: Olive Oil, extra virgin less than 1% free fatty acid, ex-tanker price U.K., US$ per metric ton",IMF Primary Commodity Prices (external-data.xlsx),USD/metric ton,2020-12,1313.41,https://www.imf.org/-/media/files/research/commodityprices/monthly/external-data.xlsx,2026-09-28,
olive_oil,"IMF PCPS POLVOIL: Olive Oil, extra virgin less than 1% free fatty acid, ex-tanker price U.K., US$ per metric ton",IMF Primary Commodity Prices (external-data.xlsx),USD/metric ton,2021-01,3468.29,https://www.imf.org/-/media/files/research/commodityprices/monthly/external-data.xlsx,2026-09-28,
olive_oil,"IMF PCPS POLVOIL: Olive Oil, extra virgin less than 1% free fatty acid, ex-tanker price U.K., US$ per metric ton",IMF Primary Commodity Prices (external-data.xlsx),USD/metric ton,2021-02,3898.12,https://www.imf.org/-/media/files/research/commodityprices/monthly/external-data.xlsx,2026-09-28,
olive_oil,"IMF PCPS POLVOIL: Olive Oil, extra virgin less than 1% free fatty acid, ex-tanker price U.K., US$ per metric ton",IMF Primary Commodity Prices (external-data.xlsx),USD/metric ton,2021-03,3933.92,https://www.imf.org/-/media/files/research/commodityprices/monthly/external-data.xlsx,2026-09-28,
olive_oil,"IMF PCPS POLVOIL: Olive Oil, extra virgin less than 1% free fatty acid, ex-tanker price U.K., US$ per metric ton",IMF Primary Commodity Prices (external-data.xlsx),USD/metric ton,2021-04,4124.21,https://www.imf.org/-/media/files/research/commodityprices/monthly/external-data.xlsx,2026-09-28,
olive_oil,"IMF PCPS POLVOIL: Olive Oil, extra virgin less than 1% free fatty acid, ex-tanker price U.K., US$ per metric ton",IMF Primary Commodity Prices (external-data.xlsx),USD/metric ton,2021-05,4397.94,https://www.imf.org/-/media/files/research/commodityprices/monthly/external-data.xlsx,2026-09-28,
olive_oil,"IMF PCPS POLVOIL: Olive Oil, extra virgin less than 1% free fatty acid, ex-tanker price U.K., US$ per metric ton",IMF Primary Commodity Prices (external-data.xlsx),USD/metric ton,2021-06,4489.52,https://www.imf.org/-/media/files/research/commodityprices/monthly/external-data.xlsx,2026-09-28,
olive_oil,"IMF PCPS POLVOIL: Olive Oil, extra virgin less than 1% free fatty acid, ex-tanker price U.K., US$ per metric ton",IMF Primary Commodity Prices (external-data.xlsx),USD/metric ton,2021-07,4402.40,https://www.imf.org/-/media/files/research/commodityprices/monthly/external-data.xlsx,2026-09-28,
olive_oil,"IMF PCPS POLVOIL: Olive Oil, extra virgin less than 1% free fatty acid, ex-tanker price U.K., US$ per metric ton",IMF Primary Commodity Prices (external-data.xlsx),USD/metric ton,2021-08,4383.35,https://www.imf.org/-/media/files/research/commodityprices/monthly/external-data.xlsx,2026-09-28,
olive_oil,"IMF PCPS POLVOIL: Olive Oil, extra virgin less than 1% free fatty acid, ex-tanker price U.K., US$ per metric ton",IMF Primary Commodity Prices (external-data.xlsx),USD/metric ton,2021-09,4441.54,https://www.imf.org/-/media/files/research/commodityprices/monthly/external-data.xlsx,2026-09-28,
olive_oil,"IMF PCPS POLVOIL: Olive Oil, extra virgin less than 1% free fatty acid, ex-tanker price U.K., US$ per metric ton",IMF Primary Commodity Prices (external-data.xlsx),USD/metric ton,2021-10,4366.58,https://www.imf.org/-/media/files/research/commodityprices/monthly/external-data.xlsx,2026-09-28,
olive_oil,"IMF PCPS POLVOIL: Olive Oil, extra virgin less than 1% free fatty acid, ex-tanker price U.K., US$ per metric ton",IMF Primary Commodity Prices (external-data.xlsx),USD/metric ton,2021-11,4186.37,https://www.imf.org/-/media/files/research/commodityprices/monthly/external-data.xlsx,2026-09-28,
olive_oil,"IMF PCPS POLVOIL: Olive Oil, extra virgin less than 1% free fatty acid, ex-tanker price U.K., US$ per metric ton",IMF Primary Commodity Prices (external-data.xlsx),USD/metric ton,2021-12,4124.93,https://www.imf.org/-/media/files/research/commodityprices/monthly/external-data.xlsx,2026-09-28,
olive_oil,"IMF PCPS POLVOIL: Olive Oil, extra virgin less than 1% free fatty acid, ex-tanker price U.K., US$ per metric ton",IMF Primary Commodity Prices (external-data.xlsx),USD/metric ton,2022-01,4250.13,https://www.imf.org/-/media/files/research/commodityprices/monthly/external-data.xlsx,2026-09-28,
olive_oil,"IMF PCPS POLVOIL: Olive Oil, extra virgin less than 1% free fatty acid, ex-tanker price U.K., US$ per metric ton",IMF Primary Commodity Prices (external-data.xlsx),USD/metric ton,2022-02,4233.02,https://www.imf.org/-/media/files/research/commodityprices/monthly/external-data.xlsx,2026-09-28,
olive_oil,"IMF PCPS POLVOIL: Olive Oil, extra virgin less than 1% free fatty acid, ex-tanker price U.K., US$ per metric ton",IMF Primary Commodity Prices (external-data.xlsx),USD/metric ton,2022-03,4398.57,https://www.imf.org/-/media/files/research/commodityprices/monthly/external-data.xlsx,2026-09-28,
olive_oil,"IMF PCPS POLVOIL: Olive Oil, extra virgin less than 1% free fatty acid, ex-tanker price U.K., US$ per metric ton",IMF Primary Commodity Prices (external-data.xlsx),USD/metric ton,2022-04,4284.61,https://www.imf.org/-/media/files/research/commodityprices/monthly/external-data.xlsx,2026-09-28,
olive_oil,"IMF PCPS POLVOIL: Olive Oil, extra virgin less than 1% free fatty acid, ex-tanker price U.K., US$ per metric ton",IMF Primary Commodity Prices (external-data.xlsx),USD/metric ton,2022-05,4098.48,https://www.imf.org/-/media/files/research/commodityprices/monthly/external-data.xlsx,2026-09-28,
olive_oil,"IMF PCPS POLVOIL: Olive Oil, extra virgin less than 1% free fatty acid, ex-tanker price U.K., US$ per metric ton",IMF Primary Commodity Prices (external-data.xlsx),USD/metric ton,2022-06,4030.65,https://www.imf.org/-/media/files/research/commodityprices/monthly/external-data.xlsx,2026-09-28,
olive_oil,"IMF PCPS POLVOIL: Olive Oil, extra virgin less than 1% free fatty acid, ex-tanker price U.K., US$ per metric ton",IMF Primary Commodity Prices (external-data.xlsx),USD/metric ton,2022-07,4065.02,https://www.imf.org/-/media/files/research/commodityprices/monthly/external-data.xlsx,2026-09-28,
olive_oil,"IMF PCPS POLVOIL: Olive Oil, extra virgin less than 1% free fatty acid, ex-tanker price U.K., US$ per metric ton",IMF Primary Commodity Prices (external-data.xlsx),USD/metric ton,2022-08,4247.09,https://www.imf.org/-/media/files/research/commodityprices/monthly/external-data.xlsx,2026-09-28,
olive_oil,"IMF PCPS POLVOIL: Olive Oil, extra virgin less than 1% free fatty acid, ex-tanker price U.K., US$ per metric ton",IMF Primary Commodity Prices (external-data.xlsx),USD/metric ton,2022-09,4316.42,https://www.imf.org/-/media/files/research/commodityprices/monthly/external-data.xlsx,2026-09-28,
olive_oil,"IMF PCPS POLVOIL: Olive Oil, extra virgin less than 1% free fatty acid, ex-tanker price U.K., US$ per metric ton",IMF Primary Commodity Prices (external-data.xlsx),USD/metric ton,2022-10,4777.18,https://www.imf.org/-/media/files/research/commodityprices/monthly/external-data.xlsx,2026-09-28,
olive_oil,"IMF PCPS POLVOIL: Olive Oil, extra virgin less than 1% free fatty acid, ex-tanker price U.K., US$ per metric ton",IMF Primary Commodity Prices (external-data.xlsx),USD/metric ton,2022-11,5145.09,https://www.imf.org/-/media/files/research/commodityprices/monthly/external-data.xlsx,2026-09-28,
olive_oil,"IMF PCPS POLVOIL: Olive Oil, extra virgin less than 1% free fatty acid, ex-tanker price U.K., US$ per metric ton",IMF Primary Commodity Prices (external-data.xlsx),USD/metric ton,2022-12,5792.37,https://www.imf.org/-/media/files/research/commodityprices/monthly/external-data.xlsx,2026-09-28,
olive_oil,"IMF PCPS POLVOIL: Olive Oil, extra virgin less than 1% free fatty acid, ex-tanker price U.K., US$ per metric ton",IMF Primary Commodity Prices (external-data.xlsx),USD/metric ton,2023-01,5893.30,https://www.imf.org/-/media/files/research/commodityprices/monthly/external-data.xlsx,2026-09-28,
olive_oil,"IMF PCPS POLVOIL: Olive Oil, extra virgin less than 1% free fatty acid, ex-tanker price U.K., US$ per metric ton",IMF Primary Commodity Prices (external-data.xlsx),USD/metric ton,2023-02,5895.82,https://www.imf.org/-/media/files/research/commodityprices/monthly/external-data.xlsx,2026-09-28,
olive_oil,"IMF PCPS POLVOIL: Olive Oil, extra virgin less than 1% free fatty acid, ex-tanker price U.K., US$ per metric ton",IMF Primary Commodity Prices (external-data.xlsx),USD/metric ton,2023-03,5989.73,https://www.imf.org/-/media/files/research/commodityprices/monthly/external-data.xlsx,2026-09-28,
olive_oil,"IMF PCPS POLVOIL: Olive Oil, extra virgin less than 1% free fatty acid, ex-tanker price U.K., US$ per metric ton",IMF Primary Commodity Prices (external-data.xlsx),USD/metric ton,2023-04,6269.63,https://www.imf.org/-/media/files/research/commodityprices/monthly/external-data.xlsx,2026-09-28,
olive_oil,"IMF PCPS POLVOIL: Olive Oil, extra virgin less than 1% free fatty acid, ex-tanker price U.K., US$ per metric ton",IMF Primary Commodity Prices (external-data.xlsx),USD/metric ton,2023-05,6727.53,https://www.imf.org/-/media/files/research/commodityprices/monthly/external-data.xlsx,2026-09-28,
olive_oil,"IMF PCPS POLVOIL: Olive Oil, extra virgin less than 1% free fatty acid, ex-tanker price U.K., US$ per metric ton",IMF Primary Commodity Prices (external-data.xlsx),USD/metric ton,2023-06,7235.79,https://www.imf.org/-/media/files/research/commodityprices/monthly/external-data.xlsx,2026-09-28,
olive_oil,"IMF PCPS POLVOIL: Olive Oil, extra virgin less than 1% free fatty acid, ex-tanker price U.K., US$ per metric ton",IMF Primary Commodity Prices (external-data.xlsx),USD/metric ton,2023-07,8599.04,https://www.imf.org/-/media/files/research/commodityprices/monthly/external-data.xlsx,2026-09-28,
olive_oil,"IMF PCPS POLVOIL: Olive Oil, extra virgin less than 1% free fatty acid, ex-tanker price U.K., US$ per metric ton",IMF Primary Commodity Prices (external-data.xlsx),USD/metric ton,2023-08,9034.55,https://www.imf.org/-/media/files/research/commodityprices/monthly/external-data.xlsx,2026-09-28,
olive_oil,"IMF PCPS POLVOIL: Olive Oil, extra virgin less than 1% free fatty acid, ex-tanker price U.K., US$ per metric ton",IMF Primary Commodity Prices (external-data.xlsx),USD/metric ton,2023-09,9364.94,https://www.imf.org/-/media/files/research/commodityprices/monthly/external-data.xlsx,2026-09-28,
olive_oil,"IMF PCPS POLVOIL: Olive Oil, extra virgin less than 1% free fatty acid, ex-tanker price U.K., US$ per metric ton",IMF Primary Commodity Prices (external-data.xlsx),USD/metric ton,2023-10,9145.12,https://www.imf.org/-/media/files/research/commodityprices/monthly/external-data.xlsx,2026-09-28,
olive_oil,"IMF PCPS POLVOIL: Olive Oil, extra virgin less than 1% free fatty acid, ex-tanker price U.K., US$ per metric ton",IMF Primary Commodity Prices (external-data.xlsx),USD/metric ton,2023-11,8891.23,https://www.imf.org/-/media/files/research/commodityprices/monthly/external-data.xlsx,2026-09-28,
olive_oil,"IMF PCPS POLVOIL: Olive Oil, extra virgin less than 1% free fatty acid, ex-tanker price U.K., US$ per metric ton",IMF Primary Commodity Prices (external-data.xlsx),USD/metric ton,2023-12,9468.73,https://www.imf.org/-/media/files/research/commodityprices/monthly/external-data.xlsx,2026-09-28,
olive_oil,"IMF PCPS POLVOIL: Olive Oil, extra virgin less than 1% free fatty acid, ex-tanker price U.K., US$ per metric ton",IMF Primary Commodity Prices (external-data.xlsx),USD/metric ton,2024-01,10281.37,https://www.imf.org/-/media/files/research/commodityprices/monthly/external-data.xlsx,2026-09-28,
olive_oil,"IMF PCPS POLVOIL: Olive Oil, extra virgin less than 1% free fatty acid, ex-tanker price U.K., US$ per metric ton",IMF Primary Commodity Prices (external-data.xlsx),USD/metric ton,2024-02,10067.17,https://www.imf.org/-/media/files/research/commodityprices/monthly/external-data.xlsx,2026-09-28,
olive_oil,"IMF PCPS POLVOIL: Olive Oil, extra virgin less than 1% free fatty acid, ex-tanker price U.K., US$ per metric ton",IMF Primary Commodity Prices (external-data.xlsx),USD/metric ton,2024-03,9915.87,https://www.imf.org/-/media/files/research/commodityprices/monthly/external-data.xlsx,2026-09-28,
olive_oil,"IMF PCPS POLVOIL: Olive Oil, extra virgin less than 1% free fatty acid, ex-tanker price U.K., US$ per metric ton",IMF Primary Commodity Prices (external-data.xlsx),USD/metric ton,2024-04,9069.79,https://www.imf.org/-/media/files/research/commodityprices/monthly/external-data.xlsx,2026-09-28,
olive_oil,"IMF PCPS POLVOIL: Olive Oil, extra virgin less than 1% free fatty acid, ex-tanker price U.K., US$ per metric ton",IMF Primary Commodity Prices (external-data.xlsx),USD/metric ton,2024-05,9127.83,https://www.imf.org/-/media/files/research/commodityprices/monthly/external-data.xlsx,2026-09-28,
olive_oil,"IMF PCPS POLVOIL: Olive Oil, extra virgin less than 1% free fatty acid, ex-tanker price U.K., US$ per metric ton",IMF Primary Commodity Prices (external-data.xlsx),USD/metric ton,2024-06,9157.50,https://www.imf.org/-/media/files/research/commodityprices/monthly/external-data.xlsx,2026-09-28,
olive_oil,"IMF PCPS POLVOIL: Olive Oil, extra virgin less than 1% free fatty acid, ex-tanker price U.K., US$ per metric ton",IMF Primary Commodity Prices (external-data.xlsx),USD/metric ton,2024-07,8856.58,https://www.imf.org/-/media/files/research/commodityprices/monthly/external-data.xlsx,2026-09-28,
olive_oil,"IMF PCPS POLVOIL: Olive Oil, extra virgin less than 1% free fatty acid, ex-tanker price U.K., US$ per metric ton",IMF Primary Commodity Prices (external-data.xlsx),USD/metric ton,2024-08,8703.63,https://www.imf.org/-/media/files/research/commodityprices/monthly/external-data.xlsx,2026-09-28,
olive_oil,"IMF PCPS POLVOIL: Olive Oil, extra virgin less than 1% free fatty acid, ex-tanker price U.K., US$ per metric ton",IMF Primary Commodity Prices (external-data.xlsx),USD/metric ton,2024-09,8923.68,https://www.imf.org/-/media/files/research/commodityprices/monthly/external-data.xlsx,2026-09-28,
olive_oil,"IMF PCPS POLVOIL: Olive Oil, extra virgin less than 1% free fatty acid, ex-tanker price U.K., US$ per metric ton",IMF Primary Commodity Prices (external-data.xlsx),USD/metric ton,2024-10,8776.47,https://www.imf.org/-/media/files/research/commodityprices/monthly/external-data.xlsx,2026-09-28,
olive_oil,"IMF PCPS POLVOIL: Olive Oil, extra virgin less than 1% free fatty acid, ex-tanker price U.K., US$ per metric ton",IMF Primary Commodity Prices (external-data.xlsx),USD/metric ton,2024-11,7634.72,https://www.imf.org/-/media/files/research/commodityprices/monthly/external-data.xlsx,2026-09-28,
olive_oil,"IMF PCPS POLVOIL: Olive Oil, extra virgin less than 1% free fatty acid, ex-tanker price U.K., US$ per metric ton",IMF Primary Commodity Prices (external-data.xlsx),USD/metric ton,2024-12,5809.50,https://www.imf.org/-/media/files/research/commodityprices/monthly/external-data.xlsx,2026-09-28,
olive_oil,"IMF PCPS POLVOIL: Olive Oil, extra virgin less than 1% free fatty acid, ex-tanker price U.K., US$ per metric ton",IMF Primary Commodity Prices (external-data.xlsx),USD/metric ton,2025-01,5448.73,https://www.imf.org/-/media/files/research/commodityprices/monthly/external-data.xlsx,2026-09-28,
olive_oil,"IMF PCPS POLVOIL: Olive Oil, extra virgin less than 1% free fatty acid, ex-tanker price U.K., US$ per metric ton",IMF Primary Commodity Prices (external-data.xlsx),USD/metric ton,2025-02,5261.21,https://www.imf.org/-/media/files/research/commodityprices/monthly/external-data.xlsx,2026-09-28,
olive_oil,"IMF PCPS POLVOIL: Olive Oil, extra virgin less than 1% free fatty acid, ex-tanker price U.K., US$ per metric ton",IMF Primary Commodity Prices (external-data.xlsx),USD/metric ton,2025-03,5309.71,https://www.imf.org/-/media/files/research/commodityprices/monthly/external-data.xlsx,2026-09-28,
olive_oil,"IMF PCPS POLVOIL: Olive Oil, extra virgin less than 1% free fatty acid, ex-tanker price U.K., US$ per metric ton",IMF Primary Commodity Prices (external-data.xlsx),USD/metric ton,2025-04,5191.17,https://www.imf.org/-/media/files/research/commodityprices/monthly/external-data.xlsx,2026-09-28,
olive_oil,"IMF PCPS POLVOIL: Olive Oil, extra virgin less than 1% free fatty acid, ex-tanker price U.K., US$ per metric ton",IMF Primary Commodity Prices (external-data.xlsx),USD/metric ton,2025-05,5031.68,https://www.imf.org/-/media/files/research/commodityprices/monthly/external-data.xlsx,2026-09-28,
olive_oil,"IMF PCPS POLVOIL: Olive Oil, extra virgin less than 1% free fatty acid, ex-tanker price U.K., US$ per metric ton",IMF Primary Commodity Prices (external-data.xlsx),USD/metric ton,2025-06,5075.41,https://www.imf.org/-/media/files/research/commodityprices/monthly/external-data.xlsx,2026-09-28,
olive_oil,"IMF PCPS POLVOIL: Olive Oil, extra virgin less than 1% free fatty acid, ex-tanker price U.K., US$ per metric ton",IMF Primary Commodity Prices (external-data.xlsx),USD/metric ton,2025-07,5279.04,https://www.imf.org/-/media/files/research/commodityprices/monthly/external-data.xlsx,2026-09-28,
olive_oil,"IMF PCPS POLVOIL: Olive Oil, extra virgin less than 1% free fatty acid, ex-tanker price U.K., US$ per metric ton",IMF Primary Commodity Prices (external-data.xlsx),USD/metric ton,2025-08,5364.82,https://www.imf.org/-/media/files/research/commodityprices/monthly/external-data.xlsx,2026-09-28,
olive_oil,"IMF PCPS POLVOIL: Olive Oil, extra virgin less than 1% free fatty acid, ex-tanker price U.K., US$ per metric ton",IMF Primary Commodity Prices (external-data.xlsx),USD/metric ton,2025-09,5821.49,https://www.imf.org/-/media/files/research/commodityprices/monthly/external-data.xlsx,2026-09-28,
olive_oil,"IMF PCPS POLVOIL: Olive Oil, extra virgin less than 1% free fatty acid, ex-tanker price U.K., US$ per metric ton",IMF Primary Commodity Prices (external-data.xlsx),USD/metric ton,2025-10,5929.22,https://www.imf.org/-/media/files/research/commodityprices/monthly/external-data.xlsx,2026-09-28,
olive_oil,"IMF PCPS POLVOIL: Olive Oil, extra virgin less than 1% free fatty acid, ex-tanker price U.K., US$ per metric ton",IMF Primary Commodity Prices (external-data.xlsx),USD/metric ton,2025-11,5856.75,https://www.imf.org/-/media/files/research/commodityprices/monthly/external-data.xlsx,2026-09-28,
olive_oil,"IMF PCPS POLVOIL: Olive Oil, extra virgin less than 1% free fatty acid, ex-tanker price U.K., US$ per metric ton",IMF Primary Commodity Prices (external-data.xlsx),USD/metric ton,2025-12,6005.29,https://www.imf.org/-/media/files/research/commodityprices/monthly/external-data.xlsx,2026-09-28,
olive_oil,"IMF PCPS POLVOIL: Olive Oil, extra virgin less than 1% free fatty acid, ex-tanker price U.K., US$ per metric ton",IMF Primary Commodity Prices (external-data.xlsx),USD/metric ton,2026-01,6092.93,https://www.imf.org/-/media/files/research/commodityprices/monthly/external-data.xlsx,2026-09-28,
olive_oil,"IMF PCPS POLVOIL: Olive Oil, extra virgin less than 1% free fatty acid, ex-tanker price U.K., US$ per metric ton",IMF Primary Commodity Prices (external-data.xlsx),USD/metric ton,2026-02,6150.12,https://www.imf.org/-/media/files/research/commodityprices/monthly/external-data.xlsx,2026-09-28,
olive_oil,"IMF PCPS POLVOIL: Olive Oil, extra virgin less than 1% free fatty acid, ex-tanker price U.K., US$ per metric ton",IMF Primary Commodity Prices (external-data.xlsx),USD/metric ton,2026-03,6068.96,https://www.imf.org/-/media/files/research/commodityprices/monthly/external-data.xlsx,2026-09-28,
olive_oil,"IMF PCPS POLVOIL: Olive Oil, extra virgin less than 1% free fatty acid, ex-tanker price U.K., US$ per metric ton",IMF Primary Commodity Prices (external-data.xlsx),USD/metric ton,2026-04,6142.47,https://www.imf.org/-/media/files/research/commodityprices/monthly/external-data.xlsx,2026-09-28,
olive_oil,"IMF PCPS POLVOIL: Olive Oil, extra virgin less than 1% free fatty acid, ex-tanker price U.K., US$ per metric ton",IMF Primary Commodity Prices (external-data.xlsx),USD/metric ton,2026-05,6195.91,https://www.imf.org/-/media/files/research/commodityprices/monthly/external-data.xlsx,2026-09-28,
olive_oil,"IMF PCPS POLVOIL: Olive Oil, extra virgin less than 1% free fatty acid, ex-tanker price U.K., US$ per metric ton",IMF Primary Commodity Prices (external-data.xlsx),USD/metric ton,2026-06,6153.58,https://www.imf.org/-/media/files/research/commodityprices/monthly/external-data.xlsx,2026-09-28,
olive_oil,"IMF PCPS POLVOIL: Olive Oil, extra virgin less than 1% free fatty acid, ex-tanker price U.K., US$ per metric ton",IMF Primary Commodity Prices (external-data.xlsx),USD/metric ton,2026-07,6185.22,https://www.imf.org/-/media/files/research/commodityprices/monthly/external-data.xlsx,2026-09-28,
olive_oil,"IMF PCPS POLVOIL: Olive Oil, extra virgin less than 1% free fatty acid, ex-tanker price U.K., US$ per metric ton",IMF Primary Commodity Prices (external-data.xlsx),USD/metric ton,2026-08,6261.79,https://www.imf.org/-/media/files/research/commodityprices/monthly/external-data.xlsx,2026-09-28,
cocoa,"IMF PCPS PCOCO: Cocoa beans, International Cocoa Organization cash price, CIF US and European ports, US$ per metric ton",IMF Primary Commodity Prices (external-data.xlsx),USD/metric ton,2020-01,2603.08,https://www.imf.org/-/media/files/research/commodityprices/monthly/external-data.xlsx,2026-09-28,
cocoa,"IMF PCPS PCOCO: Cocoa beans, International Cocoa Organization cash price, CIF US and European ports, US$ per metric ton",IMF Primary Commodity Prices (external-data.xlsx),USD/metric ton,2020-02,2716.21,https://www.imf.org/-/media/files/research/commodityprices/monthly/external-data.xlsx,2026-09-28,
cocoa,"IMF PCPS PCOCO: Cocoa beans, International Cocoa Organization cash price, CIF US and European ports, US$ per metric ton",IMF Primary Commodity Prices (external-data.xlsx),USD/metric ton,2020-03,2338.47,https://www.imf.org/-/media/files/research/commodityprices/monthly/external-data.xlsx,2026-09-28,
cocoa,"IMF PCPS PCOCO: Cocoa beans, International Cocoa Organization cash price, CIF US and European ports, US$ per metric ton",IMF Primary Commodity Prices (external-data.xlsx),USD/metric ton,2020-04,2270.24,https://www.imf.org/-/media/files/research/commodityprices/monthly/external-data.xlsx,2026-09-28,
cocoa,"IMF PCPS PCOCO: Cocoa beans, International Cocoa Organization cash price, CIF US and European ports, US$ per metric ton",IMF Primary Commodity Prices (external-data.xlsx),USD/metric ton,2020-05,2317.45,https://www.imf.org/-/media/files/research/commodityprices/monthly/external-data.xlsx,2026-09-28,
cocoa,"IMF PCPS PCOCO: Cocoa beans, International Cocoa Organization cash price, CIF US and European ports, US$ per metric ton",IMF Primary Commodity Prices (external-data.xlsx),USD/metric ton,2020-06,2228.62,https://www.imf.org/-/media/files/research/commodityprices/monthly/external-data.xlsx,2026-09-28,
cocoa,"IMF PCPS PCOCO: Cocoa beans, International Cocoa Organization cash price, CIF US and European ports, US$ per metric ton",IMF Primary Commodity Prices (external-data.xlsx),USD/metric ton,2020-07,2102.08,https://www.imf.org/-/media/files/research/commodityprices/monthly/external-data.xlsx,2026-09-28,
cocoa,"IMF PCPS PCOCO: Cocoa beans, International Cocoa Organization cash price, CIF US and European ports, US$ per metric ton",IMF Primary Commodity Prices (external-data.xlsx),USD/metric ton,2020-08,2348.68,https://www.imf.org/-/media/files/research/commodityprices/monthly/external-data.xlsx,2026-09-28,
cocoa,"IMF PCPS PCOCO: Cocoa beans, International Cocoa Organization cash price, CIF US and European ports, US$ per metric ton",IMF Primary Commodity Prices (external-data.xlsx),USD/metric ton,2020-09,2457.61,https://www.imf.org/-/media/files/research/commodityprices/monthly/external-data.xlsx,2026-09-28,
cocoa,"IMF PCPS PCOCO: Cocoa beans, International Cocoa Organization cash price, CIF US and European ports, US$ per metric ton",IMF Primary Commodity Prices (external-data.xlsx),USD/metric ton,2020-10,2292.05,https://www.imf.org/-/media/files/research/commodityprices/monthly/external-data.xlsx,2026-09-28,
cocoa,"IMF PCPS PCOCO: Cocoa beans, International Cocoa Organization cash price, CIF US and European ports, US$ per metric ton",IMF Primary Commodity Prices (external-data.xlsx),USD/metric ton,2020-11,2359.24,https://www.imf.org/-/media/files/research/commodityprices/monthly/external-data.xlsx,2026-09-28,
cocoa,"IMF PCPS PCOCO: Cocoa beans, International Cocoa Organization cash price, CIF US and European ports, US$ per metric ton",IMF Primary Commodity Prices (external-data.xlsx),USD/metric ton,2020-12,2405.76,https://www.imf.org/-/media/files/research/commodityprices/monthly/external-data.xlsx,2026-09-28,
cocoa,"IMF PCPS PCOCO: Cocoa beans, International Cocoa Organization cash price, CIF US and European ports, US$ per metric ton",IMF Primary Commodity Prices (external-data.xlsx),USD/metric ton,2021-01,2392.97,https://www.imf.org/-/media/files/research/commodityprices/monthly/external-data.xlsx,2026-09-28,
cocoa,"IMF PCPS PCOCO: Cocoa beans, International Cocoa Organization cash price, CIF US and European ports, US$ per metric ton",IMF Primary Commodity Prices (external-data.xlsx),USD/metric ton,2021-02,2383.03,https://www.imf.org/-/media/files/research/commodityprices/monthly/external-data.xlsx,2026-09-28,
cocoa,"IMF PCPS PCOCO: Cocoa beans, International Cocoa Organization cash price, CIF US and European ports, US$ per metric ton",IMF Primary Commodity Prices (external-data.xlsx),USD/metric ton,2021-03,2471.20,https://www.imf.org/-/media/files/research/commodityprices/monthly/external-data.xlsx,2026-09-28,
cocoa,"IMF PCPS PCOCO: Cocoa beans, International Cocoa Organization cash price, CIF US and European ports, US$ per metric ton",IMF Primary Commodity Prices (external-data.xlsx),USD/metric ton,2021-04,2366.49,https://www.imf.org/-/media/files/research/commodityprices/monthly/external-data.xlsx,2026-09-28,
cocoa,"IMF PCPS PCOCO: Cocoa beans, International Cocoa Organization cash price, CIF US and European ports, US$ per metric ton",IMF Primary Commodity Prices (external-data.xlsx),USD/metric ton,2021-05,2409.36,https://www.imf.org/-/media/files/research/commodityprices/monthly/external-data.xlsx,2026-09-28,
cocoa,"IMF PCPS PCOCO: Cocoa beans, International Cocoa Organization cash price, CIF US and European ports, US$ per metric ton",IMF Primary Commodity Prices (external-data.xlsx),USD/metric ton,2021-06,2366.29,https://www.imf.org/-/media/files/research/commodityprices/monthly/external-data.xlsx,2026-09-28,
cocoa,"IMF PCPS PCOCO: Cocoa beans, International Cocoa Organization cash price, CIF US and European ports, US$ per metric ton",IMF Primary Commodity Prices (external-data.xlsx),USD/metric ton,2021-07,2328.28,https://www.imf.org/-/media/files/research/commodityprices/monthly/external-data.xlsx,2026-09-28,
cocoa,"IMF PCPS PCOCO: Cocoa beans, International Cocoa Organization cash price, CIF US and European ports, US$ per metric ton",IMF Primary Commodity Prices (external-data.xlsx),USD/metric ton,2021-08,2477.50,https://www.imf.org/-/media/files/research/commodityprices/monthly/external-data.xlsx,2026-09-28,
cocoa,"IMF PCPS PCOCO: Cocoa beans, International Cocoa Organization cash price, CIF US and European ports, US$ per metric ton",IMF Primary Commodity Prices (external-data.xlsx),USD/metric ton,2021-09,2552.76,https://www.imf.org/-/media/files/research/commodityprices/monthly/external-data.xlsx,2026-09-28,
cocoa,"IMF PCPS PCOCO: Cocoa beans, International Cocoa Organization cash price, CIF US and European ports, US$ per metric ton",IMF Primary Commodity Prices (external-data.xlsx),USD/metric ton,2021-10,2573.73,https://www.imf.org/-/media/files/research/commodityprices/monthly/external-data.xlsx,2026-09-28,
cocoa,"IMF PCPS PCOCO: Cocoa beans, International Cocoa Organization cash price, CIF US and European ports, US$ per metric ton",IMF Primary Commodity Prices (external-data.xlsx),USD/metric ton,2021-11,2405.87,https://www.imf.org/-/media/files/research/commodityprices/monthly/external-data.xlsx,2026-09-28,
cocoa,"IMF PCPS PCOCO: Cocoa beans, International Cocoa Organization cash price, CIF US and European ports, US$ per metric ton",IMF Primary Commodity Prices (external-data.xlsx),USD/metric ton,2021-12,2378.73,https://www.imf.org/-/media/files/research/commodityprices/monthly/external-data.xlsx,2026-09-28,
cocoa,"IMF PCPS PCOCO: Cocoa beans, International Cocoa Organization cash price, CIF US and European ports, US$ per metric ton",IMF Primary Commodity Prices (external-data.xlsx),USD/metric ton,2022-01,2467.36,https://www.imf.org/-/media/files/research/commodityprices/monthly/external-data.xlsx,2026-09-28,
cocoa,"IMF PCPS PCOCO: Cocoa beans, International Cocoa Organization cash price, CIF US and European ports, US$ per metric ton",IMF Primary Commodity Prices (external-data.xlsx),USD/metric ton,2022-02,2551.33,https://www.imf.org/-/media/files/research/commodityprices/monthly/external-data.xlsx,2026-09-28,
cocoa,"IMF PCPS PCOCO: Cocoa beans, International Cocoa Organization cash price, CIF US and European ports, US$ per metric ton",IMF Primary Commodity Prices (external-data.xlsx),USD/metric ton,2022-03,2459.40,https://www.imf.org/-/media/files/research/commodityprices/monthly/external-data.xlsx,2026-09-28,
cocoa,"IMF PCPS PCOCO: Cocoa beans, International Cocoa Organization cash price, CIF US and European ports, US$ per metric ton",IMF Primary Commodity Prices (external-data.xlsx),USD/metric ton,2022-04,2457.38,https://www.imf.org/-/media/files/research/commodityprices/monthly/external-data.xlsx,2026-09-28,
cocoa,"IMF PCPS PCOCO: Cocoa beans, International Cocoa Organization cash price, CIF US and European ports, US$ per metric ton",IMF Primary Commodity Prices (external-data.xlsx),USD/metric ton,2022-05,2363.87,https://www.imf.org/-/media/files/research/commodityprices/monthly/external-data.xlsx,2026-09-28,
cocoa,"IMF PCPS PCOCO: Cocoa beans, International Cocoa Organization cash price, CIF US and European ports, US$ per metric ton",IMF Primary Commodity Prices (external-data.xlsx),USD/metric ton,2022-06,2323.12,https://www.imf.org/-/media/files/research/commodityprices/monthly/external-data.xlsx,2026-09-28,
cocoa,"IMF PCPS PCOCO: Cocoa beans, International Cocoa Organization cash price, CIF US and European ports, US$ per metric ton",IMF Primary Commodity Prices (external-data.xlsx),USD/metric ton,2022-07,2239.40,https://www.imf.org/-/media/files/research/commodityprices/monthly/external-data.xlsx,2026-09-28,
cocoa,"IMF PCPS PCOCO: Cocoa beans, International Cocoa Organization cash price, CIF US and European ports, US$ per metric ton",IMF Primary Commodity Prices (external-data.xlsx),USD/metric ton,2022-08,2270.10,https://www.imf.org/-/media/files/research/commodityprices/monthly/external-data.xlsx,2026-09-28,
cocoa,"IMF PCPS PCOCO: Cocoa beans, International Cocoa Organization cash price, CIF US and European ports, US$ per metric ton",IMF Primary Commodity Prices (external-data.xlsx),USD/metric ton,2022-09,2220.21,https://www.imf.org/-/media/files/research/commodityprices/monthly/external-data.xlsx,2026-09-28,
cocoa,"IMF PCPS PCOCO: Cocoa beans, International Cocoa Organization cash price, CIF US and European ports, US$ per metric ton",IMF Primary Commodity Prices (external-data.xlsx),USD/metric ton,2022-10,2243.63,https://www.imf.org/-/media/files/research/commodityprices/monthly/external-data.xlsx,2026-09-28,
cocoa,"IMF PCPS PCOCO: Cocoa beans, International Cocoa Organization cash price, CIF US and European ports, US$ per metric ton",IMF Primary Commodity Prices (external-data.xlsx),USD/metric ton,2022-11,2380.80,https://www.imf.org/-/media/files/research/commodityprices/monthly/external-data.xlsx,2026-09-28,
cocoa,"IMF PCPS PCOCO: Cocoa beans, International Cocoa Organization cash price, CIF US and European ports, US$ per metric ton",IMF Primary Commodity Prices (external-data.xlsx),USD/metric ton,2022-12,2456.23,https://www.imf.org/-/media/files/research/commodityprices/monthly/external-data.xlsx,2026-09-28,
cocoa,"IMF PCPS PCOCO: Cocoa beans, International Cocoa Organization cash price, CIF US and European ports, US$ per metric ton",IMF Primary Commodity Prices (external-data.xlsx),USD/metric ton,2023-01,2540.08,https://www.imf.org/-/media/files/research/commodityprices/monthly/external-data.xlsx,2026-09-28,
cocoa,"IMF PCPS PCOCO: Cocoa beans, International Cocoa Organization cash price, CIF US and European ports, US$ per metric ton",IMF Primary Commodity Prices (external-data.xlsx),USD/metric ton,2023-02,2586.53,https://www.imf.org/-/media/files/research/commodityprices/monthly/external-data.xlsx,2026-09-28,
cocoa,"IMF PCPS PCOCO: Cocoa beans, International Cocoa Organization cash price, CIF US and European ports, US$ per metric ton",IMF Primary Commodity Prices (external-data.xlsx),USD/metric ton,2023-03,2665.79,https://www.imf.org/-/media/files/research/commodityprices/monthly/external-data.xlsx,2026-09-28,
cocoa,"IMF PCPS PCOCO: Cocoa beans, International Cocoa Organization cash price, CIF US and European ports, US$ per metric ton",IMF Primary Commodity Prices (external-data.xlsx),USD/metric ton,2023-04,2823.27,https://www.imf.org/-/media/files/research/commodityprices/monthly/external-data.xlsx,2026-09-28,
cocoa,"IMF PCPS PCOCO: Cocoa beans, International Cocoa Organization cash price, CIF US and European ports, US$ per metric ton",IMF Primary Commodity Prices (external-data.xlsx),USD/metric ton,2023-05,2905.34,https://www.imf.org/-/media/files/research/commodityprices/monthly/external-data.xlsx,2026-09-28,
cocoa,"IMF PCPS PCOCO: Cocoa beans, International Cocoa Organization cash price, CIF US and European ports, US$ per metric ton",IMF Primary Commodity Prices (external-data.xlsx),USD/metric ton,2023-06,3124.44,https://www.imf.org/-/media/files/research/commodityprices/monthly/external-data.xlsx,2026-09-28,
cocoa,"IMF PCPS PCOCO: Cocoa beans, International Cocoa Organization cash price, CIF US and European ports, US$ per metric ton",IMF Primary Commodity Prices (external-data.xlsx),USD/metric ton,2023-07,3346.63,https://www.imf.org/-/media/files/research/commodityprices/monthly/external-data.xlsx,2026-09-28,
cocoa,"IMF PCPS PCOCO: Cocoa beans, International Cocoa Organization cash price, CIF US and European ports, US$ per metric ton",IMF Primary Commodity Prices (external-data.xlsx),USD/metric ton,2023-08,3434.41,https://www.imf.org/-/media/files/research/commodityprices/monthly/external-data.xlsx,2026-09-28,
cocoa,"IMF PCPS PCOCO: Cocoa beans, International Cocoa Organization cash price, CIF US and European ports, US$ per metric ton",IMF Primary Commodity Prices (external-data.xlsx),USD/metric ton,2023-09,3629.17,https://www.imf.org/-/media/files/research/commodityprices/monthly/external-data.xlsx,2026-09-28,
cocoa,"IMF PCPS PCOCO: Cocoa beans, International Cocoa Organization cash price, CIF US and European ports, US$ per metric ton",IMF Primary Commodity Prices (external-data.xlsx),USD/metric ton,2023-10,3691.61,https://www.imf.org/-/media/files/research/commodityprices/monthly/external-data.xlsx,2026-09-28,
cocoa,"IMF PCPS PCOCO: Cocoa beans, International Cocoa Organization cash price, CIF US and European ports, US$ per metric ton",IMF Primary Commodity Prices (external-data.xlsx),USD/metric ton,2023-11,4095.36,https://www.imf.org/-/media/files/research/commodityprices/monthly/external-data.xlsx,2026-09-28,
cocoa,"IMF PCPS PCOCO: Cocoa beans, International Cocoa Organization cash price, CIF US and European ports, US$ per metric ton",IMF Primary Commodity Prices (external-data.xlsx),USD/metric ton,2023-12,4253.90,https://www.imf.org/-/media/files/research/commodityprices/monthly/external-data.xlsx,2026-09-28,
cocoa,"IMF PCPS PCOCO: Cocoa beans, International Cocoa Organization cash price, CIF US and European ports, US$ per metric ton",IMF Primary Commodity Prices (external-data.xlsx),USD/metric ton,2024-01,4442.92,https://www.imf.org/-/media/files/research/commodityprices/monthly/external-data.xlsx,2026-09-28,
cocoa,"IMF PCPS PCOCO: Cocoa beans, International Cocoa Organization cash price, CIF US and European ports, US$ per metric ton",IMF Primary Commodity Prices (external-data.xlsx),USD/metric ton,2024-02,5640.09,https://www.imf.org/-/media/files/research/commodityprices/monthly/external-data.xlsx,2026-09-28,
cocoa,"IMF PCPS PCOCO: Cocoa beans, International Cocoa Organization cash price, CIF US and European ports, US$ per metric ton",IMF Primary Commodity Prices (external-data.xlsx),USD/metric ton,2024-03,7297.55,https://www.imf.org/-/media/files/research/commodityprices/monthly/external-data.xlsx,2026-09-28,
cocoa,"IMF PCPS PCOCO: Cocoa beans, International Cocoa Organization cash price, CIF US and European ports, US$ per metric ton",IMF Primary Commodity Prices (external-data.xlsx),USD/metric ton,2024-04,9865.21,https://www.imf.org/-/media/files/research/commodityprices/monthly/external-data.xlsx,2026-09-28,
cocoa,"IMF PCPS PCOCO: Cocoa beans, International Cocoa Organization cash price, CIF US and European ports, US$ per metric ton",IMF Primary Commodity Prices (external-data.xlsx),USD/metric ton,2024-05,7768.10,https://www.imf.org/-/media/files/research/commodityprices/monthly/external-data.xlsx,2026-09-28,
cocoa,"IMF PCPS PCOCO: Cocoa beans, International Cocoa Organization cash price, CIF US and European ports, US$ per metric ton",IMF Primary Commodity Prices (external-data.xlsx),USD/metric ton,2024-06,8380.13,https://www.imf.org/-/media/files/research/commodityprices/monthly/external-data.xlsx,2026-09-28,
cocoa,"IMF PCPS PCOCO: Cocoa beans, International Cocoa Organization cash price, CIF US and European ports, US$ per metric ton",IMF Primary Commodity Prices (external-data.xlsx),USD/metric ton,2024-07,7164.63,https://www.imf.org/-/media/files/research/commodityprices/monthly/external-data.xlsx,2026-09-28,
cocoa,"IMF PCPS PCOCO: Cocoa beans, International Cocoa Organization cash price, CIF US and European ports, US$ per metric ton",IMF Primary Commodity Prices (external-data.xlsx),USD/metric ton,2024-08,6791.95,https://www.imf.org/-/media/files/research/commodityprices/monthly/external-data.xlsx,2026-09-28,
cocoa,"IMF PCPS PCOCO: Cocoa beans, International Cocoa Organization cash price, CIF US and European ports, US$ per metric ton",IMF Primary Commodity Prices (external-data.xlsx),USD/metric ton,2024-09,6421.83,https://www.imf.org/-/media/files/research/commodityprices/monthly/external-data.xlsx,2026-09-28,
cocoa,"IMF PCPS PCOCO: Cocoa beans, International Cocoa Organization cash price, CIF US and European ports, US$ per metric ton",IMF Primary Commodity Prices (external-data.xlsx),USD/metric ton,2024-10,6582.86,https://www.imf.org/-/media/files/research/commodityprices/monthly/external-data.xlsx,2026-09-28,
cocoa,"IMF PCPS PCOCO: Cocoa beans, International Cocoa Organization cash price, CIF US and European ports, US$ per metric ton",IMF Primary Commodity Prices (external-data.xlsx),USD/metric ton,2024-11,7919.33,https://www.imf.org/-/media/files/research/commodityprices/monthly/external-data.xlsx,2026-09-28,
cocoa,"IMF PCPS PCOCO: Cocoa beans, International Cocoa Organization cash price, CIF US and European ports, US$ per metric ton",IMF Primary Commodity Prices (external-data.xlsx),USD/metric ton,2024-12,10412.19,https://www.imf.org/-/media/files/research/commodityprices/monthly/external-data.xlsx,2026-09-28,
cocoa,"IMF PCPS PCOCO: Cocoa beans, International Cocoa Organization cash price, CIF US and European ports, US$ per metric ton",IMF Primary Commodity Prices (external-data.xlsx),USD/metric ton,2025-01,10710.35,https://www.imf.org/-/media/files/research/commodityprices/monthly/external-data.xlsx,2026-09-28,
cocoa,"IMF PCPS PCOCO: Cocoa beans, International Cocoa Organization cash price, CIF US and European ports, US$ per metric ton",IMF Primary Commodity Prices (external-data.xlsx),USD/metric ton,2025-02,9792.66,https://www.imf.org/-/media/files/research/commodityprices/monthly/external-data.xlsx,2026-09-28,
cocoa,"IMF PCPS PCOCO: Cocoa beans, International Cocoa Organization cash price, CIF US and European ports, US$ per metric ton",IMF Primary Commodity Prices (external-data.xlsx),USD/metric ton,2025-03,8079.56,https://www.imf.org/-/media/files/research/commodityprices/monthly/external-data.xlsx,2026-09-28,
cocoa,"IMF PCPS PCOCO: Cocoa beans, International Cocoa Organization cash price, CIF US and European ports, US$ per metric ton",IMF Primary Commodity Prices (external-data.xlsx),USD/metric ton,2025-04,8132.22,https://www.imf.org/-/media/files/research/commodityprices/monthly/external-data.xlsx,2026-09-28,
cocoa,"IMF PCPS PCOCO: Cocoa beans, International Cocoa Organization cash price, CIF US and European ports, US$ per metric ton",IMF Primary Commodity Prices (external-data.xlsx),USD/metric ton,2025-05,9000.79,https://www.imf.org/-/media/files/research/commodityprices/monthly/external-data.xlsx,2026-09-28,
cocoa,"IMF PCPS PCOCO: Cocoa beans, International Cocoa Organization cash price, CIF US and European ports, US$ per metric ton",IMF Primary Commodity Prices (external-data.xlsx),USD/metric ton,2025-06,8401.95,https://www.imf.org/-/media/files/research/commodityprices/monthly/external-data.xlsx,2026-09-28,
cocoa,"IMF PCPS PCOCO: Cocoa beans, International Cocoa Organization cash price, CIF US and European ports, US$ per metric ton",IMF Primary Commodity Prices (external-data.xlsx),USD/metric ton,2025-07,7371.89,https://www.imf.org/-/media/files/research/commodityprices/monthly/external-data.xlsx,2026-09-28,
cocoa,"IMF PCPS PCOCO: Cocoa beans, International Cocoa Organization cash price, CIF US and European ports, US$ per metric ton",IMF Primary Commodity Prices (external-data.xlsx),USD/metric ton,2025-08,7604.12,https://www.imf.org/-/media/files/research/commodityprices/monthly/external-data.xlsx,2026-09-28,
cocoa,"IMF PCPS PCOCO: Cocoa beans, International Cocoa Organization cash price, CIF US and European ports, US$ per metric ton",IMF Primary Commodity Prices (external-data.xlsx),USD/metric ton,2025-09,7006.53,https://www.imf.org/-/media/files/research/commodityprices/monthly/external-data.xlsx,2026-09-28,
cocoa,"IMF PCPS PCOCO: Cocoa beans, International Cocoa Organization cash price, CIF US and European ports, US$ per metric ton",IMF Primary Commodity Prices (external-data.xlsx),USD/metric ton,2025-10,5953.57,https://www.imf.org/-/media/files/research/commodityprices/monthly/external-data.xlsx,2026-09-28,
cocoa,"IMF PCPS PCOCO: Cocoa beans, International Cocoa Organization cash price, CIF US and European ports, US$ per metric ton",IMF Primary Commodity Prices (external-data.xlsx),USD/metric ton,2025-11,5590.71,https://www.imf.org/-/media/files/research/commodityprices/monthly/external-data.xlsx,2026-09-28,
cocoa,"IMF PCPS PCOCO: Cocoa beans, International Cocoa Organization cash price, CIF US and European ports, US$ per metric ton",IMF Primary Commodity Prices (external-data.xlsx),USD/metric ton,2025-12,5814.86,https://www.imf.org/-/media/files/research/commodityprices/monthly/external-data.xlsx,2026-09-28,
cocoa,"IMF PCPS PCOCO: Cocoa beans, International Cocoa Organization cash price, CIF US and European ports, US$ per metric ton",IMF Primary Commodity Prices (external-data.xlsx),USD/metric ton,2026-01,5018.13,https://www.imf.org/-/media/files/research/commodityprices/monthly/external-data.xlsx,2026-09-28,
cocoa,"IMF PCPS PCOCO: Cocoa beans, International Cocoa Organization cash price, CIF US and European ports, US$ per metric ton",IMF Primary Commodity Prices (external-data.xlsx),USD/metric ton,2026-02,3587.19,https://www.imf.org/-/media/files/research/commodityprices/monthly/external-data.xlsx,2026-09-28,
cocoa,"IMF PCPS PCOCO: Cocoa beans, International Cocoa Organization cash price, CIF US and European ports, US$ per metric ton",IMF Primary Commodity Prices (external-data.xlsx),USD/metric ton,2026-03,3241.49,https://www.imf.org/-/media/files/research/commodityprices/monthly/external-data.xlsx,2026-09-28,
cocoa,"IMF PCPS PCOCO: Cocoa beans, International Cocoa Organization cash price, CIF US and European ports, US$ per metric ton",IMF Primary Commodity Prices (external-data.xlsx),USD/metric ton,2026-04,3392.14,https://www.imf.org/-/media/files/research/commodityprices/monthly/external-data.xlsx,2026-09-28,
cocoa,"IMF PCPS PCOCO: Cocoa beans, International Cocoa Organization cash price, CIF US and European ports, US$ per metric ton",IMF Primary Commodity Prices (external-data.xlsx),USD/metric ton,2026-05,4142.97,https://www.imf.org/-/media/files/research/commodityprices/monthly/external-data.xlsx,2026-09-28,
cocoa,"IMF PCPS PCOCO: Cocoa beans, International Cocoa Organization cash price, CIF US and European ports, US$ per metric ton",IMF Primary Commodity Prices (external-data.xlsx),USD/metric ton,2026-06,4395.46,https://www.imf.org/-/media/files/research/commodityprices/monthly/external-data.xlsx,2026-09-28,
cocoa,"IMF PCPS PCOCO: Cocoa beans, International Cocoa Organization cash price, CIF US and European ports, US$ per metric ton",IMF Primary Commodity Prices (external-data.xlsx),USD/metric ton,2026-07,5619.19,https://www.imf.org/-/media/files/research/commodityprices/monthly/external-data.xlsx,2026-09-28,
cocoa,"IMF PCPS PCOCO: Cocoa beans, International Cocoa Organization cash price, CIF US and European ports, US$ per metric ton",IMF Primary Commodity Prices (external-data.xlsx),USD/metric ton,2026-08,5950.99,https://www.imf.org/-/media/files/research/commodityprices/monthly/external-data.xlsx,2026-09-28,
coffee_arabica,"IMF PCPS PCOFFOTM: Coffee, Other Mild Arabicas, International Coffee Organization New York cash price, ex-dock New York, US cents per pound",IMF Primary Commodity Prices (external-data.xlsx),US cents/lb,2020-01,142.94,https://www.imf.org/-/media/files/research/commodityprices/monthly/external-data.xlsx,2026-09-28,
coffee_arabica,"IMF PCPS PCOFFOTM: Coffee, Other Mild Arabicas, International Coffee Organization New York cash price, ex-dock New York, US cents per pound",IMF Primary Commodity Prices (external-data.xlsx),US cents/lb,2020-02,135.50,https://www.imf.org/-/media/files/research/commodityprices/monthly/external-data.xlsx,2026-09-28,
coffee_arabica,"IMF PCPS PCOFFOTM: Coffee, Other Mild Arabicas, International Coffee Organization New York cash price, ex-dock New York, US cents per pound",IMF Primary Commodity Prices (external-data.xlsx),US cents/lb,2020-03,148.33,https://www.imf.org/-/media/files/research/commodityprices/monthly/external-data.xlsx,2026-09-28,
coffee_arabica,"IMF PCPS PCOFFOTM: Coffee, Other Mild Arabicas, International Coffee Organization New York cash price, ex-dock New York, US cents per pound",IMF Primary Commodity Prices (external-data.xlsx),US cents/lb,2020-04,154.63,https://www.imf.org/-/media/files/research/commodityprices/monthly/external-data.xlsx,2026-09-28,
coffee_arabica,"IMF PCPS PCOFFOTM: Coffee, Other Mild Arabicas, International Coffee Organization New York cash price, ex-dock New York, US cents per pound",IMF Primary Commodity Prices (external-data.xlsx),US cents/lb,2020-05,149.92,https://www.imf.org/-/media/files/research/commodityprices/monthly/external-data.xlsx,2026-09-28,
coffee_arabica,"IMF PCPS PCOFFOTM: Coffee, Other Mild Arabicas, International Coffee Organization New York cash price, ex-dock New York, US cents per pound",IMF Primary Commodity Prices (external-data.xlsx),US cents/lb,2020-06,141.52,https://www.imf.org/-/media/files/research/commodityprices/monthly/external-data.xlsx,2026-09-28,
coffee_arabica,"IMF PCPS PCOFFOTM: Coffee, Other Mild Arabicas, International Coffee Organization New York cash price, ex-dock New York, US cents per pound",IMF Primary Commodity Prices (external-data.xlsx),US cents/lb,2020-07,146.78,https://www.imf.org/-/media/files/research/commodityprices/monthly/external-data.xlsx,2026-09-28,
coffee_arabica,"IMF PCPS PCOFFOTM: Coffee, Other Mild Arabicas, International Coffee Organization New York cash price, ex-dock New York, US cents per pound",IMF Primary Commodity Prices (external-data.xlsx),US cents/lb,2020-08,163.07,https://www.imf.org/-/media/files/research/commodityprices/monthly/external-data.xlsx,2026-09-28,
coffee_arabica,"IMF PCPS PCOFFOTM: Coffee, Other Mild Arabicas, International Coffee Organization New York cash price, ex-dock New York, US cents per pound",IMF Primary Commodity Prices (external-data.xlsx),US cents/lb,2020-09,166.56,https://www.imf.org/-/media/files/research/commodityprices/monthly/external-data.xlsx,2026-09-28,
coffee_arabica,"IMF PCPS PCOFFOTM: Coffee, Other Mild Arabicas, International Coffee Organization New York cash price, ex-dock New York, US cents per pound",IMF Primary Commodity Prices (external-data.xlsx),US cents/lb,2020-10,152.06,https://www.imf.org/-/media/files/research/commodityprices/monthly/external-data.xlsx,2026-09-28,
coffee_arabica,"IMF PCPS PCOFFOTM: Coffee, Other Mild Arabicas, International Coffee Organization New York cash price, ex-dock New York, US cents per pound",IMF Primary Commodity Prices (external-data.xlsx),US cents/lb,2020-11,150.73,https://www.imf.org/-/media/files/research/commodityprices/monthly/external-data.xlsx,2026-09-28,
coffee_arabica,"IMF PCPS PCOFFOTM: Coffee, Other Mild Arabicas, International Coffee Organization New York cash price, ex-dock New York, US cents per pound",IMF Primary Commodity Prices (external-data.xlsx),US cents/lb,2020-12,157.95,https://www.imf.org/-/media/files/research/commodityprices/monthly/external-data.xlsx,2026-09-28,
coffee_arabica,"IMF PCPS PCOFFOTM: Coffee, Other Mild Arabicas, International Coffee Organization New York cash price, ex-dock New York, US cents per pound",IMF Primary Commodity Prices (external-data.xlsx),US cents/lb,2021-01,160.82,https://www.imf.org/-/media/files/research/commodityprices/monthly/external-data.xlsx,2026-09-28,
coffee_arabica,"IMF PCPS PCOFFOTM: Coffee, Other Mild Arabicas, International Coffee Organization New York cash price, ex-dock New York, US cents per pound",IMF Primary Commodity Prices (external-data.xlsx),US cents/lb,2021-02,166.43,https://www.imf.org/-/media/files/research/commodityprices/monthly/external-data.xlsx,2026-09-28,
coffee_arabica,"IMF PCPS PCOFFOTM: Coffee, Other Mild Arabicas, International Coffee Organization New York cash price, ex-dock New York, US cents per pound",IMF Primary Commodity Prices (external-data.xlsx),US cents/lb,2021-03,167.05,https://www.imf.org/-/media/files/research/commodityprices/monthly/external-data.xlsx,2026-09-28,
coffee_arabica,"IMF PCPS PCOFFOTM: Coffee, Other Mild Arabicas, International Coffee Organization New York cash price, ex-dock New York, US cents per pound",IMF Primary Commodity Prices (external-data.xlsx),US cents/lb,2021-04,168.65,https://www.imf.org/-/media/files/research/commodityprices/monthly/external-data.xlsx,2026-09-28,
coffee_arabica,"IMF PCPS PCOFFOTM: Coffee, Other Mild Arabicas, International Coffee Organization New York cash price, ex-dock New York, US cents per pound",IMF Primary Commodity Prices (external-data.xlsx),US cents/lb,2021-05,186.46,https://www.imf.org/-/media/files/research/commodityprices/monthly/external-data.xlsx,2026-09-28,
coffee_arabica,"IMF PCPS PCOFFOTM: Coffee, Other Mild Arabicas, International Coffee Organization New York cash price, ex-dock New York, US cents per pound",IMF Primary Commodity Prices (external-data.xlsx),US cents/lb,2021-06,192.06,https://www.imf.org/-/media/files/research/commodityprices/monthly/external-data.xlsx,2026-09-28,
coffee_arabica,"IMF PCPS PCOFFOTM: Coffee, Other Mild Arabicas, International Coffee Organization New York cash price, ex-dock New York, US cents per pound",IMF Primary Commodity Prices (external-data.xlsx),US cents/lb,2021-07,204.50,https://www.imf.org/-/media/files/research/commodityprices/monthly/external-data.xlsx,2026-09-28,
coffee_arabica,"IMF PCPS PCOFFOTM: Coffee, Other Mild Arabicas, International Coffee Organization New York cash price, ex-dock New York, US cents per pound",IMF Primary Commodity Prices (external-data.xlsx),US cents/lb,2021-08,216.43,https://www.imf.org/-/media/files/research/commodityprices/monthly/external-data.xlsx,2026-09-28,
coffee_arabica,"IMF PCPS PCOFFOTM: Coffee, Other Mild Arabicas, International Coffee Organization New York cash price, ex-dock New York, US cents per pound",IMF Primary Commodity Prices (external-data.xlsx),US cents/lb,2021-09,225.54,https://www.imf.org/-/media/files/research/commodityprices/monthly/external-data.xlsx,2026-09-28,
coffee_arabica,"IMF PCPS PCOFFOTM: Coffee, Other Mild Arabicas, International Coffee Organization New York cash price, ex-dock New York, US cents per pound",IMF Primary Commodity Prices (external-data.xlsx),US cents/lb,2021-10,241.07,https://www.imf.org/-/media/files/research/commodityprices/monthly/external-data.xlsx,2026-09-28,
coffee_arabica,"IMF PCPS PCOFFOTM: Coffee, Other Mild Arabicas, International Coffee Organization New York cash price, ex-dock New York, US cents per pound",IMF Primary Commodity Prices (external-data.xlsx),US cents/lb,2021-11,258.98,https://www.imf.org/-/media/files/research/commodityprices/monthly/external-data.xlsx,2026-09-28,
coffee_arabica,"IMF PCPS PCOFFOTM: Coffee, Other Mild Arabicas, International Coffee Organization New York cash price, ex-dock New York, US cents per pound",IMF Primary Commodity Prices (external-data.xlsx),US cents/lb,2021-12,268.33,https://www.imf.org/-/media/files/research/commodityprices/monthly/external-data.xlsx,2026-09-28,
coffee_arabica,"IMF PCPS PCOFFOTM: Coffee, Other Mild Arabicas, International Coffee Organization New York cash price, ex-dock New York, US cents per pound",IMF Primary Commodity Prices (external-data.xlsx),US cents/lb,2022-01,271.08,https://www.imf.org/-/media/files/research/commodityprices/monthly/external-data.xlsx,2026-09-28,
coffee_arabica,"IMF PCPS PCOFFOTM: Coffee, Other Mild Arabicas, International Coffee Organization New York cash price, ex-dock New York, US cents per pound",IMF Primary Commodity Prices (external-data.xlsx),US cents/lb,2022-02,279.83,https://www.imf.org/-/media/files/research/commodityprices/monthly/external-data.xlsx,2026-09-28,
coffee_arabica,"IMF PCPS PCOFFOTM: Coffee, Other Mild Arabicas, International Coffee Organization New York cash price, ex-dock New York, US cents per pound",IMF Primary Commodity Prices (external-data.xlsx),US cents/lb,2022-03,258.99,https://www.imf.org/-/media/files/research/commodityprices/monthly/external-data.xlsx,2026-09-28,
coffee_arabica,"IMF PCPS PCOFFOTM: Coffee, Other Mild Arabicas, International Coffee Organization New York cash price, ex-dock New York, US cents per pound",IMF Primary Commodity Prices (external-data.xlsx),US cents/lb,2022-04,265.40,https://www.imf.org/-/media/files/research/commodityprices/monthly/external-data.xlsx,2026-09-28,
coffee_arabica,"IMF PCPS PCOFFOTM: Coffee, Other Mild Arabicas, International Coffee Organization New York cash price, ex-dock New York, US cents per pound",IMF Primary Commodity Prices (external-data.xlsx),US cents/lb,2022-05,260.45,https://www.imf.org/-/media/files/research/commodityprices/monthly/external-data.xlsx,2026-09-28,
coffee_arabica,"IMF PCPS PCOFFOTM: Coffee, Other Mild Arabicas, International Coffee Organization New York cash price, ex-dock New York, US cents per pound",IMF Primary Commodity Prices (external-data.xlsx),US cents/lb,2022-06,273.76,https://www.imf.org/-/media/files/research/commodityprices/monthly/external-data.xlsx,2026-09-28,
coffee_arabica,"IMF PCPS PCOFFOTM: Coffee, Other Mild Arabicas, International Coffee Organization New York cash price, ex-dock New York, US cents per pound",IMF Primary Commodity Prices (external-data.xlsx),US cents/lb,2022-07,255.91,https://www.imf.org/-/media/files/research/commodityprices/monthly/external-data.xlsx,2026-09-28,
coffee_arabica,"IMF PCPS PCOFFOTM: Coffee, Other Mild Arabicas, International Coffee Organization New York cash price, ex-dock New York, US cents per pound",IMF Primary Commodity Prices (external-data.xlsx),US cents/lb,2022-08,268.48,https://www.imf.org/-/media/files/research/commodityprices/monthly/external-data.xlsx,2026-09-28,
coffee_arabica,"IMF PCPS PCOFFOTM: Coffee, Other Mild Arabicas, International Coffee Organization New York cash price, ex-dock New York, US cents per pound",IMF Primary Commodity Prices (external-data.xlsx),US cents/lb,2022-09,267.49,https://www.imf.org/-/media/files/research/commodityprices/monthly/external-data.xlsx,2026-09-28,
coffee_arabica,"IMF PCPS PCOFFOTM: Coffee, Other Mild Arabicas, International Coffee Organization New York cash price, ex-dock New York, US cents per pound",IMF Primary Commodity Prices (external-data.xlsx),US cents/lb,2022-10,240.08,https://www.imf.org/-/media/files/research/commodityprices/monthly/external-data.xlsx,2026-09-28,
coffee_arabica,"IMF PCPS PCOFFOTM: Coffee, Other Mild Arabicas, International Coffee Organization New York cash price, ex-dock New York, US cents per pound",IMF Primary Commodity Prices (external-data.xlsx),US cents/lb,2022-11,213.72,https://www.imf.org/-/media/files/research/commodityprices/monthly/external-data.xlsx,2026-09-28,
coffee_arabica,"IMF PCPS PCOFFOTM: Coffee, Other Mild Arabicas, International Coffee Organization New York cash price, ex-dock New York, US cents per pound",IMF Primary Commodity Prices (external-data.xlsx),US cents/lb,2022-12,210.39,https://www.imf.org/-/media/files/research/commodityprices/monthly/external-data.xlsx,2026-09-28,
coffee_arabica,"IMF PCPS PCOFFOTM: Coffee, Other Mild Arabicas, International Coffee Organization New York cash price, ex-dock New York, US cents per pound",IMF Primary Commodity Prices (external-data.xlsx),US cents/lb,2023-01,206.76,https://www.imf.org/-/media/files/research/commodityprices/monthly/external-data.xlsx,2026-09-28,
coffee_arabica,"IMF PCPS PCOFFOTM: Coffee, Other Mild Arabicas, International Coffee Organization New York cash price, ex-dock New York, US cents per pound",IMF Primary Commodity Prices (external-data.xlsx),US cents/lb,2023-02,229.51,https://www.imf.org/-/media/files/research/commodityprices/monthly/external-data.xlsx,2026-09-28,
coffee_arabica,"IMF PCPS PCOFFOTM: Coffee, Other Mild Arabicas, International Coffee Organization New York cash price, ex-dock New York, US cents per pound",IMF Primary Commodity Prices (external-data.xlsx),US cents/lb,2023-03,222.66,https://www.imf.org/-/media/files/research/commodityprices/monthly/external-data.xlsx,2026-09-28,
coffee_arabica,"IMF PCPS PCOFFOTM: Coffee, Other Mild Arabicas, International Coffee Organization New York cash price, ex-dock New York, US cents per pound",IMF Primary Commodity Prices (external-data.xlsx),US cents/lb,2023-04,229.96,https://www.imf.org/-/media/files/research/commodityprices/monthly/external-data.xlsx,2026-09-28,
coffee_arabica,"IMF PCPS PCOFFOTM: Coffee, Other Mild Arabicas, International Coffee Organization New York cash price, ex-dock New York, US cents per pound",IMF Primary Commodity Prices (external-data.xlsx),US cents/lb,2023-05,220.12,https://www.imf.org/-/media/files/research/commodityprices/monthly/external-data.xlsx,2026-09-28,
coffee_arabica,"IMF PCPS PCOFFOTM: Coffee, Other Mild Arabicas, International Coffee Organization New York cash price, ex-dock New York, US cents per pound",IMF Primary Commodity Prices (external-data.xlsx),US cents/lb,2023-06,207.39,https://www.imf.org/-/media/files/research/commodityprices/monthly/external-data.xlsx,2026-09-28,
coffee_arabica,"IMF PCPS PCOFFOTM: Coffee, Other Mild Arabicas, International Coffee Organization New York cash price, ex-dock New York, US cents per pound",IMF Primary Commodity Prices (external-data.xlsx),US cents/lb,2023-07,193.49,https://www.imf.org/-/media/files/research/commodityprices/monthly/external-data.xlsx,2026-09-28,
coffee_arabica,"IMF PCPS PCOFFOTM: Coffee, Other Mild Arabicas, International Coffee Organization New York cash price, ex-dock New York, US cents per pound",IMF Primary Commodity Prices (external-data.xlsx),US cents/lb,2023-08,186.35,https://www.imf.org/-/media/files/research/commodityprices/monthly/external-data.xlsx,2026-09-28,
coffee_arabica,"IMF PCPS PCOFFOTM: Coffee, Other Mild Arabicas, International Coffee Organization New York cash price, ex-dock New York, US cents per pound",IMF Primary Commodity Prices (external-data.xlsx),US cents/lb,2023-09,183.59,https://www.imf.org/-/media/files/research/commodityprices/monthly/external-data.xlsx,2026-09-28,
coffee_arabica,"IMF PCPS PCOFFOTM: Coffee, Other Mild Arabicas, International Coffee Organization New York cash price, ex-dock New York, US cents per pound",IMF Primary Commodity Prices (external-data.xlsx),US cents/lb,2023-10,183.95,https://www.imf.org/-/media/files/research/commodityprices/monthly/external-data.xlsx,2026-09-28,
coffee_arabica,"IMF PCPS PCOFFOTM: Coffee, Other Mild Arabicas, International Coffee Organization New York cash price, ex-dock New York, US cents per pound",IMF Primary Commodity Prices (external-data.xlsx),US cents/lb,2023-11,197.43,https://www.imf.org/-/media/files/research/commodityprices/monthly/external-data.xlsx,2026-09-28,
coffee_arabica,"IMF PCPS PCOFFOTM: Coffee, Other Mild Arabicas, International Coffee Organization New York cash price, ex-dock New York, US cents per pound",IMF Primary Commodity Prices (external-data.xlsx),US cents/lb,2023-12,210.31,https://www.imf.org/-/media/files/research/commodityprices/monthly/external-data.xlsx,2026-09-28,
coffee_arabica,"IMF PCPS PCOFFOTM: Coffee, Other Mild Arabicas, International Coffee Organization New York cash price, ex-dock New York, US cents per pound",IMF Primary Commodity Prices (external-data.xlsx),US cents/lb,2024-01,203.88,https://www.imf.org/-/media/files/research/commodityprices/monthly/external-data.xlsx,2026-09-28,
coffee_arabica,"IMF PCPS PCOFFOTM: Coffee, Other Mild Arabicas, International Coffee Organization New York cash price, ex-dock New York, US cents per pound",IMF Primary Commodity Prices (external-data.xlsx),US cents/lb,2024-02,208.78,https://www.imf.org/-/media/files/research/commodityprices/monthly/external-data.xlsx,2026-09-28,
coffee_arabica,"IMF PCPS PCOFFOTM: Coffee, Other Mild Arabicas, International Coffee Organization New York cash price, ex-dock New York, US cents per pound",IMF Primary Commodity Prices (external-data.xlsx),US cents/lb,2024-03,208.91,https://www.imf.org/-/media/files/research/commodityprices/monthly/external-data.xlsx,2026-09-28,
coffee_arabica,"IMF PCPS PCOFFOTM: Coffee, Other Mild Arabicas, International Coffee Organization New York cash price, ex-dock New York, US cents per pound",IMF Primary Commodity Prices (external-data.xlsx),US cents/lb,2024-04,239.87,https://www.imf.org/-/media/files/research/commodityprices/monthly/external-data.xlsx,2026-09-28,
coffee_arabica,"IMF PCPS PCOFFOTM: Coffee, Other Mild Arabicas, International Coffee Organization New York cash price, ex-dock New York, US cents per pound",IMF Primary Commodity Prices (external-data.xlsx),US cents/lb,2024-05,232.34,https://www.imf.org/-/media/files/research/commodityprices/monthly/external-data.xlsx,2026-09-28,
coffee_arabica,"IMF PCPS PCOFFOTM: Coffee, Other Mild Arabicas, International Coffee Organization New York cash price, ex-dock New York, US cents per pound",IMF Primary Commodity Prices (external-data.xlsx),US cents/lb,2024-06,248.41,https://www.imf.org/-/media/files/research/commodityprices/monthly/external-data.xlsx,2026-09-28,
coffee_arabica,"IMF PCPS PCOFFOTM: Coffee, Other Mild Arabicas, International Coffee Organization New York cash price, ex-dock New York, US cents per pound",IMF Primary Commodity Prices (external-data.xlsx),US cents/lb,2024-07,257.10,https://www.imf.org/-/media/files/research/commodityprices/monthly/external-data.xlsx,2026-09-28,
coffee_arabica,"IMF PCPS PCOFFOTM: Coffee, Other Mild Arabicas, International Coffee Organization New York cash price, ex-dock New York, US cents per pound",IMF Primary Commodity Prices (external-data.xlsx),US cents/lb,2024-08,261.44,https://www.imf.org/-/media/files/research/commodityprices/monthly/external-data.xlsx,2026-09-28,
coffee_arabica,"IMF PCPS PCOFFOTM: Coffee, Other Mild Arabicas, International Coffee Organization New York cash price, ex-dock New York, US cents per pound",IMF Primary Commodity Prices (external-data.xlsx),US cents/lb,2024-09,278.76,https://www.imf.org/-/media/files/research/commodityprices/monthly/external-data.xlsx,2026-09-28,
coffee_arabica,"IMF PCPS PCOFFOTM: Coffee, Other Mild Arabicas, International Coffee Organization New York cash price, ex-dock New York, US cents per pound",IMF Primary Commodity Prices (external-data.xlsx),US cents/lb,2024-10,276.78,https://www.imf.org/-/media/files/research/commodityprices/monthly/external-data.xlsx,2026-09-28,
coffee_arabica,"IMF PCPS PCOFFOTM: Coffee, Other Mild Arabicas, International Coffee Organization New York cash price, ex-dock New York, US cents per pound",IMF Primary Commodity Prices (external-data.xlsx),US cents/lb,2024-11,304.95,https://www.imf.org/-/media/files/research/commodityprices/monthly/external-data.xlsx,2026-09-28,
coffee_arabica,"IMF PCPS PCOFFOTM: Coffee, Other Mild Arabicas, International Coffee Organization New York cash price, ex-dock New York, US cents per pound",IMF Primary Commodity Prices (external-data.xlsx),US cents/lb,2024-12,344.12,https://www.imf.org/-/media/files/research/commodityprices/monthly/external-data.xlsx,2026-09-28,
coffee_arabica,"IMF PCPS PCOFFOTM: Coffee, Other Mild Arabicas, International Coffee Organization New York cash price, ex-dock New York, US cents per pound",IMF Primary Commodity Prices (external-data.xlsx),US cents/lb,2025-01,353.93,https://www.imf.org/-/media/files/research/commodityprices/monthly/external-data.xlsx,2026-09-28,
coffee_arabica,"IMF PCPS PCOFFOTM: Coffee, Other Mild Arabicas, International Coffee Organization New York cash price, ex-dock New York, US cents per pound",IMF Primary Commodity Prices (external-data.xlsx),US cents/lb,2025-02,409.52,https://www.imf.org/-/media/files/research/commodityprices/monthly/external-data.xlsx,2026-09-28,
coffee_arabica,"IMF PCPS PCOFFOTM: Coffee, Other Mild Arabicas, International Coffee Organization New York cash price, ex-dock New York, US cents per pound",IMF Primary Commodity Prices (external-data.xlsx),US cents/lb,2025-03,404.21,https://www.imf.org/-/media/files/research/commodityprices/monthly/external-data.xlsx,2026-09-28,
coffee_arabica,"IMF PCPS PCOFFOTM: Coffee, Other Mild Arabicas, International Coffee Organization New York cash price, ex-dock New York, US cents per pound",IMF Primary Commodity Prices (external-data.xlsx),US cents/lb,2025-04,392.91,https://www.imf.org/-/media/files/research/commodityprices/monthly/external-data.xlsx,2026-09-28,
coffee_arabica,"IMF PCPS PCOFFOTM: Coffee, Other Mild Arabicas, International Coffee Organization New York cash price, ex-dock New York, US cents per pound",IMF Primary Commodity Prices (external-data.xlsx),US cents/lb,2025-05,397.59,https://www.imf.org/-/media/files/research/commodityprices/monthly/external-data.xlsx,2026-09-28,
coffee_arabica,"IMF PCPS PCOFFOTM: Coffee, Other Mild Arabicas, International Coffee Organization New York cash price, ex-dock New York, US cents per pound",IMF Primary Commodity Prices (external-data.xlsx),US cents/lb,2025-06,363.16,https://www.imf.org/-/media/files/research/commodityprices/monthly/external-data.xlsx,2026-09-28,
coffee_arabica,"IMF PCPS PCOFFOTM: Coffee, Other Mild Arabicas, International Coffee Organization New York cash price, ex-dock New York, US cents per pound",IMF Primary Commodity Prices (external-data.xlsx),US cents/lb,2025-07,316.73,https://www.imf.org/-/media/files/research/commodityprices/monthly/external-data.xlsx,2026-09-28,
coffee_arabica,"IMF PCPS PCOFFOTM: Coffee, Other Mild Arabicas, International Coffee Organization New York cash price, ex-dock New York, US cents per pound",IMF Primary Commodity Prices (external-data.xlsx),US cents/lb,2025-08,365.69,https://www.imf.org/-/media/files/research/commodityprices/monthly/external-data.xlsx,2026-09-28,
coffee_arabica,"IMF PCPS PCOFFOTM: Coffee, Other Mild Arabicas, International Coffee Organization New York cash price, ex-dock New York, US cents per pound",IMF Primary Commodity Prices (external-data.xlsx),US cents/lb,2025-09,399.55,https://www.imf.org/-/media/files/research/commodityprices/monthly/external-data.xlsx,2026-09-28,
coffee_arabica,"IMF PCPS PCOFFOTM: Coffee, Other Mild Arabicas, International Coffee Organization New York cash price, ex-dock New York, US cents per pound",IMF Primary Commodity Prices (external-data.xlsx),US cents/lb,2025-10,403.79,https://www.imf.org/-/media/files/research/commodityprices/monthly/external-data.xlsx,2026-09-28,
coffee_arabica,"IMF PCPS PCOFFOTM: Coffee, Other Mild Arabicas, International Coffee Organization New York cash price, ex-dock New York, US cents per pound",IMF Primary Commodity Prices (external-data.xlsx),US cents/lb,2025-11,409.68,https://www.imf.org/-/media/files/research/commodityprices/monthly/external-data.xlsx,2026-09-28,
coffee_arabica,"IMF PCPS PCOFFOTM: Coffee, Other Mild Arabicas, International Coffee Organization New York cash price, ex-dock New York, US cents per pound",IMF Primary Commodity Prices (external-data.xlsx),US cents/lb,2025-12,380.42,https://www.imf.org/-/media/files/research/commodityprices/monthly/external-data.xlsx,2026-09-28,
coffee_arabica,"IMF PCPS PCOFFOTM: Coffee, Other Mild Arabicas, International Coffee Organization New York cash price, ex-dock New York, US cents per pound",IMF Primary Commodity Prices (external-data.xlsx),US cents/lb,2026-01,363.91,https://www.imf.org/-/media/files/research/commodityprices/monthly/external-data.xlsx,2026-09-28,
coffee_arabica,"IMF PCPS PCOFFOTM: Coffee, Other Mild Arabicas, International Coffee Organization New York cash price, ex-dock New York, US cents per pound",IMF Primary Commodity Prices (external-data.xlsx),US cents/lb,2026-02,321.35,https://www.imf.org/-/media/files/research/commodityprices/monthly/external-data.xlsx,2026-09-28,
coffee_arabica,"IMF PCPS PCOFFOTM: Coffee, Other Mild Arabicas, International Coffee Organization New York cash price, ex-dock New York, US cents per pound",IMF Primary Commodity Prices (external-data.xlsx),US cents/lb,2026-03,334.11,https://www.imf.org/-/media/files/research/commodityprices/monthly/external-data.xlsx,2026-09-28,
coffee_arabica,"IMF PCPS PCOFFOTM: Coffee, Other Mild Arabicas, International Coffee Organization New York cash price, ex-dock New York, US cents per pound",IMF Primary Commodity Prices (external-data.xlsx),US cents/lb,2026-04,331.22,https://www.imf.org/-/media/files/research/commodityprices/monthly/external-data.xlsx,2026-09-28,
coffee_arabica,"IMF PCPS PCOFFOTM: Coffee, Other Mild Arabicas, International Coffee Organization New York cash price, ex-dock New York, US cents per pound",IMF Primary Commodity Prices (external-data.xlsx),US cents/lb,2026-05,315.06,https://www.imf.org/-/media/files/research/commodityprices/monthly/external-data.xlsx,2026-09-28,
coffee_arabica,"IMF PCPS PCOFFOTM: Coffee, Other Mild Arabicas, International Coffee Organization New York cash price, ex-dock New York, US cents per pound",IMF Primary Commodity Prices (external-data.xlsx),US cents/lb,2026-06,307.83,https://www.imf.org/-/media/files/research/commodityprices/monthly/external-data.xlsx,2026-09-28,
coffee_arabica,"IMF PCPS PCOFFOTM: Coffee, Other Mild Arabicas, International Coffee Organization New York cash price, ex-dock New York, US cents per pound",IMF Primary Commodity Prices (external-data.xlsx),US cents/lb,2026-07,359.16,https://www.imf.org/-/media/files/research/commodityprices/monthly/external-data.xlsx,2026-09-28,
coffee_arabica,"IMF PCPS PCOFFOTM: Coffee, Other Mild Arabicas, International Coffee Organization New York cash price, ex-dock New York, US cents per pound",IMF Primary Commodity Prices (external-data.xlsx),US cents/lb,2026-08,360.94,https://www.imf.org/-/media/files/research/commodityprices/monthly/external-data.xlsx,2026-09-28,
coffee_robusta,"IMF PCPS PCOFFROB: Coffee, Robusta, International Coffee Organization New York cash price, ex-dock New York, US cents per pound",IMF Primary Commodity Prices (external-data.xlsx),US cents/lb,2020-01,70.58,https://www.imf.org/-/media/files/research/commodityprices/monthly/external-data.xlsx,2026-09-28,
coffee_robusta,"IMF PCPS PCOFFROB: Coffee, Robusta, International Coffee Organization New York cash price, ex-dock New York, US cents per pound",IMF Primary Commodity Prices (external-data.xlsx),US cents/lb,2020-02,68.07,https://www.imf.org/-/media/files/research/commodityprices/monthly/external-data.xlsx,2026-09-28,
coffee_robusta,"IMF PCPS PCOFFROB: Coffee, Robusta, International Coffee Organization New York cash price, ex-dock New York, US cents per pound",IMF Primary Commodity Prices (external-data.xlsx),US cents/lb,2020-03,67.46,https://www.imf.org/-/media/files/research/commodityprices/monthly/external-data.xlsx,2026-09-28,
coffee_robusta,"IMF PCPS PCOFFROB: Coffee, Robusta, International Coffee Organization New York cash price, ex-dock New York, US cents per pound",IMF Primary Commodity Prices (external-data.xlsx),US cents/lb,2020-04,64.02,https://www.imf.org/-/media/files/research/commodityprices/monthly/external-data.xlsx,2026-09-28,
coffee_robusta,"IMF PCPS PCOFFROB: Coffee, Robusta, International Coffee Organization New York cash price, ex-dock New York, US cents per pound",IMF Primary Commodity Prices (external-data.xlsx),US cents/lb,2020-05,64.54,https://www.imf.org/-/media/files/research/commodityprices/monthly/external-data.xlsx,2026-09-28,
coffee_robusta,"IMF PCPS PCOFFROB: Coffee, Robusta, International Coffee Organization New York cash price, ex-dock New York, US cents per pound",IMF Primary Commodity Prices (external-data.xlsx),US cents/lb,2020-06,64.62,https://www.imf.org/-/media/files/research/commodityprices/monthly/external-data.xlsx,2026-09-28,
coffee_robusta,"IMF PCPS PCOFFROB: Coffee, Robusta, International Coffee Organization New York cash price, ex-dock New York, US cents per pound",IMF Primary Commodity Prices (external-data.xlsx),US cents/lb,2020-07,67.69,https://www.imf.org/-/media/files/research/commodityprices/monthly/external-data.xlsx,2026-09-28,
coffee_robusta,"IMF PCPS PCOFFROB: Coffee, Robusta, International Coffee Organization New York cash price, ex-dock New York, US cents per pound",IMF Primary Commodity Prices (external-data.xlsx),US cents/lb,2020-08,72.64,https://www.imf.org/-/media/files/research/commodityprices/monthly/external-data.xlsx,2026-09-28,
coffee_robusta,"IMF PCPS PCOFFROB: Coffee, Robusta, International Coffee Organization New York cash price, ex-dock New York, US cents per pound",IMF Primary Commodity Prices (external-data.xlsx),US cents/lb,2020-09,72.77,https://www.imf.org/-/media/files/research/commodityprices/monthly/external-data.xlsx,2026-09-28,
coffee_robusta,"IMF PCPS PCOFFROB: Coffee, Robusta, International Coffee Organization New York cash price, ex-dock New York, US cents per pound",IMF Primary Commodity Prices (external-data.xlsx),US cents/lb,2020-10,68.36,https://www.imf.org/-/media/files/research/commodityprices/monthly/external-data.xlsx,2026-09-28,
coffee_robusta,"IMF PCPS PCOFFROB: Coffee, Robusta, International Coffee Organization New York cash price, ex-dock New York, US cents per pound",IMF Primary Commodity Prices (external-data.xlsx),US cents/lb,2020-11,72.38,https://www.imf.org/-/media/files/research/commodityprices/monthly/external-data.xlsx,2026-09-28,
coffee_robusta,"IMF PCPS PCOFFROB: Coffee, Robusta, International Coffee Organization New York cash price, ex-dock New York, US cents per pound",IMF Primary Commodity Prices (external-data.xlsx),US cents/lb,2020-12,71.95,https://www.imf.org/-/media/files/research/commodityprices/monthly/external-data.xlsx,2026-09-28,
coffee_robusta,"IMF PCPS PCOFFROB: Coffee, Robusta, International Coffee Organization New York cash price, ex-dock New York, US cents per pound",IMF Primary Commodity Prices (external-data.xlsx),US cents/lb,2021-01,70.81,https://www.imf.org/-/media/files/research/commodityprices/monthly/external-data.xlsx,2026-09-28,
coffee_robusta,"IMF PCPS PCOFFROB: Coffee, Robusta, International Coffee Organization New York cash price, ex-dock New York, US cents per pound",IMF Primary Commodity Prices (external-data.xlsx),US cents/lb,2021-02,73.37,https://www.imf.org/-/media/files/research/commodityprices/monthly/external-data.xlsx,2026-09-28,
coffee_robusta,"IMF PCPS PCOFFROB: Coffee, Robusta, International Coffee Organization New York cash price, ex-dock New York, US cents per pound",IMF Primary Commodity Prices (external-data.xlsx),US cents/lb,2021-03,73.86,https://www.imf.org/-/media/files/research/commodityprices/monthly/external-data.xlsx,2026-09-28,
coffee_robusta,"IMF PCPS PCOFFROB: Coffee, Robusta, International Coffee Organization New York cash price, ex-dock New York, US cents per pound",IMF Primary Commodity Prices (external-data.xlsx),US cents/lb,2021-04,74.47,https://www.imf.org/-/media/files/research/commodityprices/monthly/external-data.xlsx,2026-09-28,
coffee_robusta,"IMF PCPS PCOFFROB: Coffee, Robusta, International Coffee Organization New York cash price, ex-dock New York, US cents per pound",IMF Primary Commodity Prices (external-data.xlsx),US cents/lb,2021-05,79.68,https://www.imf.org/-/media/files/research/commodityprices/monthly/external-data.xlsx,2026-09-28,
coffee_robusta,"IMF PCPS PCOFFROB: Coffee, Robusta, International Coffee Organization New York cash price, ex-dock New York, US cents per pound",IMF Primary Commodity Prices (external-data.xlsx),US cents/lb,2021-06,84.93,https://www.imf.org/-/media/files/research/commodityprices/monthly/external-data.xlsx,2026-09-28,
coffee_robusta,"IMF PCPS PCOFFROB: Coffee, Robusta, International Coffee Organization New York cash price, ex-dock New York, US cents per pound",IMF Primary Commodity Prices (external-data.xlsx),US cents/lb,2021-07,94.09,https://www.imf.org/-/media/files/research/commodityprices/monthly/external-data.xlsx,2026-09-28,
coffee_robusta,"IMF PCPS PCOFFROB: Coffee, Robusta, International Coffee Organization New York cash price, ex-dock New York, US cents per pound",IMF Primary Commodity Prices (external-data.xlsx),US cents/lb,2021-08,94.89,https://www.imf.org/-/media/files/research/commodityprices/monthly/external-data.xlsx,2026-09-28,
coffee_robusta,"IMF PCPS PCOFFROB: Coffee, Robusta, International Coffee Organization New York cash price, ex-dock New York, US cents per pound",IMF Primary Commodity Prices (external-data.xlsx),US cents/lb,2021-09,104.59,https://www.imf.org/-/media/files/research/commodityprices/monthly/external-data.xlsx,2026-09-28,
coffee_robusta,"IMF PCPS PCOFFROB: Coffee, Robusta, International Coffee Organization New York cash price, ex-dock New York, US cents per pound",IMF Primary Commodity Prices (external-data.xlsx),US cents/lb,2021-10,105.30,https://www.imf.org/-/media/files/research/commodityprices/monthly/external-data.xlsx,2026-09-28,
coffee_robusta,"IMF PCPS PCOFFROB: Coffee, Robusta, International Coffee Organization New York cash price, ex-dock New York, US cents per pound",IMF Primary Commodity Prices (external-data.xlsx),US cents/lb,2021-11,109.43,https://www.imf.org/-/media/files/research/commodityprices/monthly/external-data.xlsx,2026-09-28,
coffee_robusta,"IMF PCPS PCOFFROB: Coffee, Robusta, International Coffee Organization New York cash price, ex-dock New York, US cents per pound",IMF Primary Commodity Prices (external-data.xlsx),US cents/lb,2021-12,112.46,https://www.imf.org/-/media/files/research/commodityprices/monthly/external-data.xlsx,2026-09-28,
coffee_robusta,"IMF PCPS PCOFFROB: Coffee, Robusta, International Coffee Organization New York cash price, ex-dock New York, US cents per pound",IMF Primary Commodity Prices (external-data.xlsx),US cents/lb,2022-01,109.71,https://www.imf.org/-/media/files/research/commodityprices/monthly/external-data.xlsx,2026-09-28,
coffee_robusta,"IMF PCPS PCOFFROB: Coffee, Robusta, International Coffee Organization New York cash price, ex-dock New York, US cents per pound",IMF Primary Commodity Prices (external-data.xlsx),US cents/lb,2022-02,109.43,https://www.imf.org/-/media/files/research/commodityprices/monthly/external-data.xlsx,2026-09-28,
coffee_robusta,"IMF PCPS PCOFFROB: Coffee, Robusta, International Coffee Organization New York cash price, ex-dock New York, US cents per pound",IMF Primary Commodity Prices (external-data.xlsx),US cents/lb,2022-03,103.92,https://www.imf.org/-/media/files/research/commodityprices/monthly/external-data.xlsx,2026-09-28,
coffee_robusta,"IMF PCPS PCOFFROB: Coffee, Robusta, International Coffee Organization New York cash price, ex-dock New York, US cents per pound",IMF Primary Commodity Prices (external-data.xlsx),US cents/lb,2022-04,103.96,https://www.imf.org/-/media/files/research/commodityprices/monthly/external-data.xlsx,2026-09-28,
coffee_robusta,"IMF PCPS PCOFFROB: Coffee, Robusta, International Coffee Organization New York cash price, ex-dock New York, US cents per pound",IMF Primary Commodity Prices (external-data.xlsx),US cents/lb,2022-05,103.16,https://www.imf.org/-/media/files/research/commodityprices/monthly/external-data.xlsx,2026-09-28,
coffee_robusta,"IMF PCPS PCOFFROB: Coffee, Robusta, International Coffee Organization New York cash price, ex-dock New York, US cents per pound",IMF Primary Commodity Prices (external-data.xlsx),US cents/lb,2022-06,103.85,https://www.imf.org/-/media/files/research/commodityprices/monthly/external-data.xlsx,2026-09-28,
coffee_robusta,"IMF PCPS PCOFFROB: Coffee, Robusta, International Coffee Organization New York cash price, ex-dock New York, US cents per pound",IMF Primary Commodity Prices (external-data.xlsx),US cents/lb,2022-07,100.44,https://www.imf.org/-/media/files/research/commodityprices/monthly/external-data.xlsx,2026-09-28,
coffee_robusta,"IMF PCPS PCOFFROB: Coffee, Robusta, International Coffee Organization New York cash price, ex-dock New York, US cents per pound",IMF Primary Commodity Prices (external-data.xlsx),US cents/lb,2022-08,109.69,https://www.imf.org/-/media/files/research/commodityprices/monthly/external-data.xlsx,2026-09-28,
coffee_robusta,"IMF PCPS PCOFFROB: Coffee, Robusta, International Coffee Organization New York cash price, ex-dock New York, US cents per pound",IMF Primary Commodity Prices (external-data.xlsx),US cents/lb,2022-09,111.36,https://www.imf.org/-/media/files/research/commodityprices/monthly/external-data.xlsx,2026-09-28,
coffee_robusta,"IMF PCPS PCOFFROB: Coffee, Robusta, International Coffee Organization New York cash price, ex-dock New York, US cents per pound",IMF Primary Commodity Prices (external-data.xlsx),US cents/lb,2022-10,103.01,https://www.imf.org/-/media/files/research/commodityprices/monthly/external-data.xlsx,2026-09-28,
coffee_robusta,"IMF PCPS PCOFFROB: Coffee, Robusta, International Coffee Organization New York cash price, ex-dock New York, US cents per pound",IMF Primary Commodity Prices (external-data.xlsx),US cents/lb,2022-11,92.60,https://www.imf.org/-/media/files/research/commodityprices/monthly/external-data.xlsx,2026-09-28,
coffee_robusta,"IMF PCPS PCOFFROB: Coffee, Robusta, International Coffee Organization New York cash price, ex-dock New York, US cents per pound",IMF Primary Commodity Prices (external-data.xlsx),US cents/lb,2022-12,92.44,https://www.imf.org/-/media/files/research/commodityprices/monthly/external-data.xlsx,2026-09-28,
coffee_robusta,"IMF PCPS PCOFFROB: Coffee, Robusta, International Coffee Organization New York cash price, ex-dock New York, US cents per pound",IMF Primary Commodity Prices (external-data.xlsx),US cents/lb,2023-01,95.98,https://www.imf.org/-/media/files/research/commodityprices/monthly/external-data.xlsx,2026-09-28,
coffee_robusta,"IMF PCPS PCOFFROB: Coffee, Robusta, International Coffee Organization New York cash price, ex-dock New York, US cents per pound",IMF Primary Commodity Prices (external-data.xlsx),US cents/lb,2023-02,103.96,https://www.imf.org/-/media/files/research/commodityprices/monthly/external-data.xlsx,2026-09-28,
coffee_robusta,"IMF PCPS PCOFFROB: Coffee, Robusta, International Coffee Organization New York cash price, ex-dock New York, US cents per pound",IMF Primary Commodity Prices (external-data.xlsx),US cents/lb,2023-03,106.49,https://www.imf.org/-/media/files/research/commodityprices/monthly/external-data.xlsx,2026-09-28,
coffee_robusta,"IMF PCPS PCOFFROB: Coffee, Robusta, International Coffee Organization New York cash price, ex-dock New York, US cents per pound",IMF Primary Commodity Prices (external-data.xlsx),US cents/lb,2023-04,115.58,https://www.imf.org/-/media/files/research/commodityprices/monthly/external-data.xlsx,2026-09-28,
coffee_robusta,"IMF PCPS PCOFFROB: Coffee, Robusta, International Coffee Organization New York cash price, ex-dock New York, US cents per pound",IMF Primary Commodity Prices (external-data.xlsx),US cents/lb,2023-05,122.55,https://www.imf.org/-/media/files/research/commodityprices/monthly/external-data.xlsx,2026-09-28,
coffee_robusta,"IMF PCPS PCOFFROB: Coffee, Robusta, International Coffee Organization New York cash price, ex-dock New York, US cents per pound",IMF Primary Commodity Prices (external-data.xlsx),US cents/lb,2023-06,132.13,https://www.imf.org/-/media/files/research/commodityprices/monthly/external-data.xlsx,2026-09-28,
coffee_robusta,"IMF PCPS PCOFFROB: Coffee, Robusta, International Coffee Organization New York cash price, ex-dock New York, US cents per pound",IMF Primary Commodity Prices (external-data.xlsx),US cents/lb,2023-07,127.58,https://www.imf.org/-/media/files/research/commodityprices/monthly/external-data.xlsx,2026-09-28,
coffee_robusta,"IMF PCPS PCOFFROB: Coffee, Robusta, International Coffee Organization New York cash price, ex-dock New York, US cents per pound",IMF Primary Commodity Prices (external-data.xlsx),US cents/lb,2023-08,124.36,https://www.imf.org/-/media/files/research/commodityprices/monthly/external-data.xlsx,2026-09-28,
coffee_robusta,"IMF PCPS PCOFFROB: Coffee, Robusta, International Coffee Organization New York cash price, ex-dock New York, US cents per pound",IMF Primary Commodity Prices (external-data.xlsx),US cents/lb,2023-09,123.89,https://www.imf.org/-/media/files/research/commodityprices/monthly/external-data.xlsx,2026-09-28,
coffee_robusta,"IMF PCPS PCOFFROB: Coffee, Robusta, International Coffee Organization New York cash price, ex-dock New York, US cents per pound",IMF Primary Commodity Prices (external-data.xlsx),US cents/lb,2023-10,118.84,https://www.imf.org/-/media/files/research/commodityprices/monthly/external-data.xlsx,2026-09-28,
coffee_robusta,"IMF PCPS PCOFFROB: Coffee, Robusta, International Coffee Organization New York cash price, ex-dock New York, US cents per pound",IMF Primary Commodity Prices (external-data.xlsx),US cents/lb,2023-11,122.78,https://www.imf.org/-/media/files/research/commodityprices/monthly/external-data.xlsx,2026-09-28,
coffee_robusta,"IMF PCPS PCOFFROB: Coffee, Robusta, International Coffee Organization New York cash price, ex-dock New York, US cents per pound",IMF Primary Commodity Prices (external-data.xlsx),US cents/lb,2023-12,135.39,https://www.imf.org/-/media/files/research/commodityprices/monthly/external-data.xlsx,2026-09-28,
coffee_robusta,"IMF PCPS PCOFFROB: Coffee, Robusta, International Coffee Organization New York cash price, ex-dock New York, US cents per pound",IMF Primary Commodity Prices (external-data.xlsx),US cents/lb,2024-01,148.13,https://www.imf.org/-/media/files/research/commodityprices/monthly/external-data.xlsx,2026-09-28,
coffee_robusta,"IMF PCPS PCOFFROB: Coffee, Robusta, International Coffee Organization New York cash price, ex-dock New York, US cents per pound",IMF Primary Commodity Prices (external-data.xlsx),US cents/lb,2024-02,153.23,https://www.imf.org/-/media/files/research/commodityprices/monthly/external-data.xlsx,2026-09-28,
coffee_robusta,"IMF PCPS PCOFFROB: Coffee, Robusta, International Coffee Organization New York cash price, ex-dock New York, US cents per pound",IMF Primary Commodity Prices (external-data.xlsx),US cents/lb,2024-03,165.84,https://www.imf.org/-/media/files/research/commodityprices/monthly/external-data.xlsx,2026-09-28,
coffee_robusta,"IMF PCPS PCOFFROB: Coffee, Robusta, International Coffee Organization New York cash price, ex-dock New York, US cents per pound",IMF Primary Commodity Prices (external-data.xlsx),US cents/lb,2024-04,193.68,https://www.imf.org/-/media/files/research/commodityprices/monthly/external-data.xlsx,2026-09-28,
coffee_robusta,"IMF PCPS PCOFFROB: Coffee, Robusta, International Coffee Organization New York cash price, ex-dock New York, US cents per pound",IMF Primary Commodity Prices (external-data.xlsx),US cents/lb,2024-05,186.46,https://www.imf.org/-/media/files/research/commodityprices/monthly/external-data.xlsx,2026-09-28,
coffee_robusta,"IMF PCPS PCOFFROB: Coffee, Robusta, International Coffee Organization New York cash price, ex-dock New York, US cents per pound",IMF Primary Commodity Prices (external-data.xlsx),US cents/lb,2024-06,204.33,https://www.imf.org/-/media/files/research/commodityprices/monthly/external-data.xlsx,2026-09-28,
coffee_robusta,"IMF PCPS PCOFFROB: Coffee, Robusta, International Coffee Organization New York cash price, ex-dock New York, US cents per pound",IMF Primary Commodity Prices (external-data.xlsx),US cents/lb,2024-07,214.54,https://www.imf.org/-/media/files/research/commodityprices/monthly/external-data.xlsx,2026-09-28,
coffee_robusta,"IMF PCPS PCOFFROB: Coffee, Robusta, International Coffee Organization New York cash price, ex-dock New York, US cents per pound",IMF Primary Commodity Prices (external-data.xlsx),US cents/lb,2024-08,214.70,https://www.imf.org/-/media/files/research/commodityprices/monthly/external-data.xlsx,2026-09-28,
coffee_robusta,"IMF PCPS PCOFFROB: Coffee, Robusta, International Coffee Organization New York cash price, ex-dock New York, US cents per pound",IMF Primary Commodity Prices (external-data.xlsx),US cents/lb,2024-09,242.46,https://www.imf.org/-/media/files/research/commodityprices/monthly/external-data.xlsx,2026-09-28,
coffee_robusta,"IMF PCPS PCOFFROB: Coffee, Robusta, International Coffee Organization New York cash price, ex-dock New York, US cents per pound",IMF Primary Commodity Prices (external-data.xlsx),US cents/lb,2024-10,221.90,https://www.imf.org/-/media/files/research/commodityprices/monthly/external-data.xlsx,2026-09-28,
coffee_robusta,"IMF PCPS PCOFFROB: Coffee, Robusta, International Coffee Organization New York cash price, ex-dock New York, US cents per pound",IMF Primary Commodity Prices (external-data.xlsx),US cents/lb,2024-11,226.13,https://www.imf.org/-/media/files/research/commodityprices/monthly/external-data.xlsx,2026-09-28,
coffee_robusta,"IMF PCPS PCOFFROB: Coffee, Robusta, International Coffee Organization New York cash price, ex-dock New York, US cents per pound",IMF Primary Commodity Prices (external-data.xlsx),US cents/lb,2024-12,237.62,https://www.imf.org/-/media/files/research/commodityprices/monthly/external-data.xlsx,2026-09-28,
coffee_robusta,"IMF PCPS PCOFFROB: Coffee, Robusta, International Coffee Organization New York cash price, ex-dock New York, US cents per pound",IMF Primary Commodity Prices (external-data.xlsx),US cents/lb,2025-01,244.94,https://www.imf.org/-/media/files/research/commodityprices/monthly/external-data.xlsx,2026-09-28,
coffee_robusta,"IMF PCPS PCOFFROB: Coffee, Robusta, International Coffee Organization New York cash price, ex-dock New York, US cents per pound",IMF Primary Commodity Prices (external-data.xlsx),US cents/lb,2025-02,263.05,https://www.imf.org/-/media/files/research/commodityprices/monthly/external-data.xlsx,2026-09-28,
coffee_robusta,"IMF PCPS PCOFFROB: Coffee, Robusta, International Coffee Organization New York cash price, ex-dock New York, US cents per pound",IMF Primary Commodity Prices (external-data.xlsx),US cents/lb,2025-03,257.68,https://www.imf.org/-/media/files/research/commodityprices/monthly/external-data.xlsx,2026-09-28,
coffee_robusta,"IMF PCPS PCOFFROB: Coffee, Robusta, International Coffee Organization New York cash price, ex-dock New York, US cents per pound",IMF Primary Commodity Prices (external-data.xlsx),US cents/lb,2025-04,246.55,https://www.imf.org/-/media/files/research/commodityprices/monthly/external-data.xlsx,2026-09-28,
coffee_robusta,"IMF PCPS PCOFFROB: Coffee, Robusta, International Coffee Organization New York cash price, ex-dock New York, US cents per pound",IMF Primary Commodity Prices (external-data.xlsx),US cents/lb,2025-05,237.30,https://www.imf.org/-/media/files/research/commodityprices/monthly/external-data.xlsx,2026-09-28,
coffee_robusta,"IMF PCPS PCOFFROB: Coffee, Robusta, International Coffee Organization New York cash price, ex-dock New York, US cents per pound",IMF Primary Commodity Prices (external-data.xlsx),US cents/lb,2025-06,196.21,https://www.imf.org/-/media/files/research/commodityprices/monthly/external-data.xlsx,2026-09-28,
coffee_robusta,"IMF PCPS PCOFFROB: Coffee, Robusta, International Coffee Organization New York cash price, ex-dock New York, US cents per pound",IMF Primary Commodity Prices (external-data.xlsx),US cents/lb,2025-07,167.17,https://www.imf.org/-/media/files/research/commodityprices/monthly/external-data.xlsx,2026-09-28,
coffee_robusta,"IMF PCPS PCOFFROB: Coffee, Robusta, International Coffee Organization New York cash price, ex-dock New York, US cents per pound",IMF Primary Commodity Prices (external-data.xlsx),US cents/lb,2025-08,198.86,https://www.imf.org/-/media/files/research/commodityprices/monthly/external-data.xlsx,2026-09-28,
coffee_robusta,"IMF PCPS PCOFFROB: Coffee, Robusta, International Coffee Organization New York cash price, ex-dock New York, US cents per pound",IMF Primary Commodity Prices (external-data.xlsx),US cents/lb,2025-09,210.84,https://www.imf.org/-/media/files/research/commodityprices/monthly/external-data.xlsx,2026-09-28,
coffee_robusta,"IMF PCPS PCOFFROB: Coffee, Robusta, International Coffee Organization New York cash price, ex-dock New York, US cents per pound",IMF Primary Commodity Prices (external-data.xlsx),US cents/lb,2025-10,215.06,https://www.imf.org/-/media/files/research/commodityprices/monthly/external-data.xlsx,2026-09-28,
coffee_robusta,"IMF PCPS PCOFFROB: Coffee, Robusta, International Coffee Organization New York cash price, ex-dock New York, US cents per pound",IMF Primary Commodity Prices (external-data.xlsx),US cents/lb,2025-11,214.83,https://www.imf.org/-/media/files/research/commodityprices/monthly/external-data.xlsx,2026-09-28,
coffee_robusta,"IMF PCPS PCOFFROB: Coffee, Robusta, International Coffee Organization New York cash price, ex-dock New York, US cents per pound",IMF Primary Commodity Prices (external-data.xlsx),US cents/lb,2025-12,190.24,https://www.imf.org/-/media/files/research/commodityprices/monthly/external-data.xlsx,2026-09-28,
coffee_robusta,"IMF PCPS PCOFFROB: Coffee, Robusta, International Coffee Organization New York cash price, ex-dock New York, US cents per pound",IMF Primary Commodity Prices (external-data.xlsx),US cents/lb,2026-01,192.29,https://www.imf.org/-/media/files/research/commodityprices/monthly/external-data.xlsx,2026-09-28,
coffee_robusta,"IMF PCPS PCOFFROB: Coffee, Robusta, International Coffee Organization New York cash price, ex-dock New York, US cents per pound",IMF Primary Commodity Prices (external-data.xlsx),US cents/lb,2026-02,179.59,https://www.imf.org/-/media/files/research/commodityprices/monthly/external-data.xlsx,2026-09-28,
coffee_robusta,"IMF PCPS PCOFFROB: Coffee, Robusta, International Coffee Organization New York cash price, ex-dock New York, US cents per pound",IMF Primary Commodity Prices (external-data.xlsx),US cents/lb,2026-03,176.76,https://www.imf.org/-/media/files/research/commodityprices/monthly/external-data.xlsx,2026-09-28,
coffee_robusta,"IMF PCPS PCOFFROB: Coffee, Robusta, International Coffee Organization New York cash price, ex-dock New York, US cents per pound",IMF Primary Commodity Prices (external-data.xlsx),US cents/lb,2026-04,164.65,https://www.imf.org/-/media/files/research/commodityprices/monthly/external-data.xlsx,2026-09-28,
coffee_robusta,"IMF PCPS PCOFFROB: Coffee, Robusta, International Coffee Organization New York cash price, ex-dock New York, US cents per pound",IMF Primary Commodity Prices (external-data.xlsx),US cents/lb,2026-05,166.51,https://www.imf.org/-/media/files/research/commodityprices/monthly/external-data.xlsx,2026-09-28,
coffee_robusta,"IMF PCPS PCOFFROB: Coffee, Robusta, International Coffee Organization New York cash price, ex-dock New York, US cents per pound",IMF Primary Commodity Prices (external-data.xlsx),US cents/lb,2026-06,169.39,https://www.imf.org/-/media/files/research/commodityprices/monthly/external-data.xlsx,2026-09-28,
coffee_robusta,"IMF PCPS PCOFFROB: Coffee, Robusta, International Coffee Organization New York cash price, ex-dock New York, US cents per pound",IMF Primary Commodity Prices (external-data.xlsx),US cents/lb,2026-07,185.23,https://www.imf.org/-/media/files/research/commodityprices/monthly/external-data.xlsx,2026-09-28,
coffee_robusta,"IMF PCPS PCOFFROB: Coffee, Robusta, International Coffee Organization New York cash price, ex-dock New York, US cents per pound",IMF Primary Commodity Prices (external-data.xlsx),US cents/lb,2026-08,180.86,https://www.imf.org/-/media/files/research/commodityprices/monthly/external-data.xlsx,2026-09-28,
black_pepper,"Spices Board: BLACK PEPPER (MG-1) COCHIN, monthly average domestic price (fiscal year Apr-Mar)","Spices Board India, Monthly Average Domestic Prices of Different Spices in India",Rs/kg,2020-01,343.14,https://www.indianspices.com/admin/international_weekly_price/upload/monthly%20domestic%20average%20price%20upto%20September%202024.pdf,2026-09-28,
black_pepper,"Spices Board: BLACK PEPPER (MG-1) COCHIN, monthly average domestic price (fiscal year Apr-Mar)","Spices Board India, Monthly Average Domestic Prices of Different Spices in India",Rs/kg,2020-02,333.37,https://www.indianspices.com/admin/international_weekly_price/upload/monthly%20domestic%20average%20price%20upto%20September%202024.pdf,2026-09-28,
black_pepper,"Spices Board: BLACK PEPPER (MG-1) COCHIN, monthly average domestic price (fiscal year Apr-Mar)","Spices Board India, Monthly Average Domestic Prices of Different Spices in India",Rs/kg,2020-03,321.26,https://www.indianspices.com/admin/international_weekly_price/upload/monthly%20domestic%20average%20price%20upto%20September%202024.pdf,2026-09-28,
black_pepper,"Spices Board: BLACK PEPPER (MG-1) COCHIN, monthly average domestic price (fiscal year Apr-Mar)","Spices Board India, Monthly Average Domestic Prices of Different Spices in India",Rs/kg,2020-04,330.23,https://www.indianspices.com/admin/international_weekly_price/upload/monthly%20domestic%20average%20price%20upto%20September%202024.pdf,2026-09-28,
black_pepper,"Spices Board: BLACK PEPPER (MG-1) COCHIN, monthly average domestic price (fiscal year Apr-Mar)","Spices Board India, Monthly Average Domestic Prices of Different Spices in India",Rs/kg,2020-05,327.64,https://www.indianspices.com/admin/international_weekly_price/upload/monthly%20domestic%20average%20price%20upto%20September%202024.pdf,2026-09-28,
black_pepper,"Spices Board: BLACK PEPPER (MG-1) COCHIN, monthly average domestic price (fiscal year Apr-Mar)","Spices Board India, Monthly Average Domestic Prices of Different Spices in India",Rs/kg,2020-06,334.00,https://www.indianspices.com/admin/international_weekly_price/upload/monthly%20domestic%20average%20price%20upto%20September%202024.pdf,2026-09-28,
black_pepper,"Spices Board: BLACK PEPPER (MG-1) COCHIN, monthly average domestic price (fiscal year Apr-Mar)","Spices Board India, Monthly Average Domestic Prices of Different Spices in India",Rs/kg,2020-07,324.68,https://www.indianspices.com/admin/international_weekly_price/upload/monthly%20domestic%20average%20price%20upto%20September%202024.pdf,2026-09-28,
black_pepper,"Spices Board: BLACK PEPPER (MG-1) COCHIN, monthly average domestic price (fiscal year Apr-Mar)","Spices Board India, Monthly Average Domestic Prices of Different Spices in India",Rs/kg,2020-08,335.33,https://www.indianspices.com/admin/international_weekly_price/upload/monthly%20domestic%20average%20price%20upto%20September%202024.pdf,2026-09-28,
black_pepper,"Spices Board: BLACK PEPPER (MG-1) COCHIN, monthly average domestic price (fiscal year Apr-Mar)","Spices Board India, Monthly Average Domestic Prices of Different Spices in India",Rs/kg,2020-09,344.62,https://www.indianspices.com/admin/international_weekly_price/upload/monthly%20domestic%20average%20price%20upto%20September%202024.pdf,2026-09-28,
black_pepper,"Spices Board: BLACK PEPPER (MG-1) COCHIN, monthly average domestic price (fiscal year Apr-Mar)","Spices Board India, Monthly Average Domestic Prices of Different Spices in India",Rs/kg,2020-10,341.64,https://www.indianspices.com/admin/international_weekly_price/upload/monthly%20domestic%20average%20price%20upto%20September%202024.pdf,2026-09-28,
black_pepper,"Spices Board: BLACK PEPPER (MG-1) COCHIN, monthly average domestic price (fiscal year Apr-Mar)","Spices Board India, Monthly Average Domestic Prices of Different Spices in India",Rs/kg,2020-11,348.00,https://www.indianspices.com/admin/international_weekly_price/upload/monthly%20domestic%20average%20price%20upto%20September%202024.pdf,2026-09-28,
black_pepper,"Spices Board: BLACK PEPPER (MG-1) COCHIN, monthly average domestic price (fiscal year Apr-Mar)","Spices Board India, Monthly Average Domestic Prices of Different Spices in India",Rs/kg,2020-12,353.76,https://www.indianspices.com/admin/international_weekly_price/upload/monthly%20domestic%20average%20price%20upto%20September%202024.pdf,2026-09-28,
black_pepper,"Spices Board: BLACK PEPPER (MG-1) COCHIN, monthly average domestic price (fiscal year Apr-Mar)","Spices Board India, Monthly Average Domestic Prices of Different Spices in India",Rs/kg,2021-01,346.11,https://www.indianspices.com/admin/international_weekly_price/upload/monthly%20domestic%20average%20price%20upto%20September%202024.pdf,2026-09-28,
black_pepper,"Spices Board: BLACK PEPPER (MG-1) COCHIN, monthly average domestic price (fiscal year Apr-Mar)","Spices Board India, Monthly Average Domestic Prices of Different Spices in India",Rs/kg,2021-02,346.67,https://www.indianspices.com/admin/international_weekly_price/upload/monthly%20domestic%20average%20price%20upto%20September%202024.pdf,2026-09-28,
black_pepper,"Spices Board: BLACK PEPPER (MG-1) COCHIN, monthly average domestic price (fiscal year Apr-Mar)","Spices Board India, Monthly Average Domestic Prices of Different Spices in India",Rs/kg,2021-03,375.04,https://www.indianspices.com/admin/international_weekly_price/upload/monthly%20domestic%20average%20price%20upto%20September%202024.pdf,2026-09-28,
black_pepper,"Spices Board: BLACK PEPPER (MG-1) COCHIN, monthly average domestic price (fiscal year Apr-Mar)","Spices Board India, Monthly Average Domestic Prices of Different Spices in India",Rs/kg,2021-04,402.09,https://www.indianspices.com/admin/international_weekly_price/upload/monthly%20domestic%20average%20price%20upto%20FEB%202026.pdf,2026-09-28,
black_pepper,"Spices Board: BLACK PEPPER (MG-1) COCHIN, monthly average domestic price (fiscal year Apr-Mar)","Spices Board India, Monthly Average Domestic Prices of Different Spices in India",Rs/kg,2021-05,396.84,https://www.indianspices.com/admin/international_weekly_price/upload/monthly%20domestic%20average%20price%20upto%20FEB%202026.pdf,2026-09-28,
black_pepper,"Spices Board: BLACK PEPPER (MG-1) COCHIN, monthly average domestic price (fiscal year Apr-Mar)","Spices Board India, Monthly Average Domestic Prices of Different Spices in India",Rs/kg,2021-06,421.26,https://www.indianspices.com/admin/international_weekly_price/upload/monthly%20domestic%20average%20price%20upto%20FEB%202026.pdf,2026-09-28,
black_pepper,"Spices Board: BLACK PEPPER (MG-1) COCHIN, monthly average domestic price (fiscal year Apr-Mar)","Spices Board India, Monthly Average Domestic Prices of Different Spices in India",Rs/kg,2021-07,418.92,https://www.indianspices.com/admin/international_weekly_price/upload/monthly%20domestic%20average%20price%20upto%20FEB%202026.pdf,2026-09-28,
black_pepper,"Spices Board: BLACK PEPPER (MG-1) COCHIN, monthly average domestic price (fiscal year Apr-Mar)","Spices Board India, Monthly Average Domestic Prices of Different Spices in India",Rs/kg,2021-08,415.78,https://www.indianspices.com/admin/international_weekly_price/upload/monthly%20domestic%20average%20price%20upto%20FEB%202026.pdf,2026-09-28,
black_pepper,"Spices Board: BLACK PEPPER (MG-1) COCHIN, monthly average domestic price (fiscal year Apr-Mar)","Spices Board India, Monthly Average Domestic Prices of Different Spices in India",Rs/kg,2021-09,418.45,https://www.indianspices.com/admin/international_weekly_price/upload/monthly%20domestic%20average%20price%20upto%20FEB%202026.pdf,2026-09-28,
black_pepper,"Spices Board: BLACK PEPPER (MG-1) COCHIN, monthly average domestic price (fiscal year Apr-Mar)","Spices Board India, Monthly Average Domestic Prices of Different Spices in India",Rs/kg,2021-10,440.52,https://www.indianspices.com/admin/international_weekly_price/upload/monthly%20domestic%20average%20price%20upto%20FEB%202026.pdf,2026-09-28,
black_pepper,"Spices Board: BLACK PEPPER (MG-1) COCHIN, monthly average domestic price (fiscal year Apr-Mar)","Spices Board India, Monthly Average Domestic Prices of Different Spices in India",Rs/kg,2021-11,515.54,https://www.indianspices.com/admin/international_weekly_price/upload/monthly%20domestic%20average%20price%20upto%20FEB%202026.pdf,2026-09-28,
black_pepper,"Spices Board: BLACK PEPPER (MG-1) COCHIN, monthly average domestic price (fiscal year Apr-Mar)","Spices Board India, Monthly Average Domestic Prices of Different Spices in India",Rs/kg,2021-12,536.38,https://www.indianspices.com/admin/international_weekly_price/upload/monthly%20domestic%20average%20price%20upto%20FEB%202026.pdf,2026-09-28,
black_pepper,"Spices Board: BLACK PEPPER (MG-1) COCHIN, monthly average domestic price (fiscal year Apr-Mar)","Spices Board India, Monthly Average Domestic Prices of Different Spices in India",Rs/kg,2022-01,510.50,https://www.indianspices.com/admin/international_weekly_price/upload/monthly%20domestic%20average%20price%20upto%20FEB%202026.pdf,2026-09-28,
black_pepper,"Spices Board: BLACK PEPPER (MG-1) COCHIN, monthly average domestic price (fiscal year Apr-Mar)","Spices Board India, Monthly Average Domestic Prices of Different Spices in India",Rs/kg,2022-02,518.14,https://www.indianspices.com/admin/international_weekly_price/upload/monthly%20domestic%20average%20price%20upto%20FEB%202026.pdf,2026-09-28,
black_pepper,"Spices Board: BLACK PEPPER (MG-1) COCHIN, monthly average domestic price (fiscal year Apr-Mar)","Spices Board India, Monthly Average Domestic Prices of Different Spices in India",Rs/kg,2022-03,531.95,https://www.indianspices.com/admin/international_weekly_price/upload/monthly%20domestic%20average%20price%20upto%20FEB%202026.pdf,2026-09-28,
black_pepper,"Spices Board: BLACK PEPPER (MG-1) COCHIN, monthly average domestic price (fiscal year Apr-Mar)","Spices Board India, Monthly Average Domestic Prices of Different Spices in India",Rs/kg,2022-04,534.86,https://www.indianspices.com/admin/international_weekly_price/upload/monthly%20domestic%20average%20price%20upto%20FEB%202026.pdf,2026-09-28,
black_pepper,"Spices Board: BLACK PEPPER (MG-1) COCHIN, monthly average domestic price (fiscal year Apr-Mar)","Spices Board India, Monthly Average Domestic Prices of Different Spices in India",Rs/kg,2022-05,523.85,https://www.indianspices.com/admin/international_weekly_price/upload/monthly%20domestic%20average%20price%20upto%20FEB%202026.pdf,2026-09-28,
black_pepper,"Spices Board: BLACK PEPPER (MG-1) COCHIN, monthly average domestic price (fiscal year Apr-Mar)","Spices Board India, Monthly Average Domestic Prices of Different Spices in India",Rs/kg,2022-06,508.95,https://www.indianspices.com/admin/international_weekly_price/upload/monthly%20domestic%20average%20price%20upto%20FEB%202026.pdf,2026-09-28,
black_pepper,"Spices Board: BLACK PEPPER (MG-1) COCHIN, monthly average domestic price (fiscal year Apr-Mar)","Spices Board India, Monthly Average Domestic Prices of Different Spices in India",Rs/kg,2022-07,509.48,https://www.indianspices.com/admin/international_weekly_price/upload/monthly%20domestic%20average%20price%20upto%20FEB%202026.pdf,2026-09-28,
black_pepper,"Spices Board: BLACK PEPPER (MG-1) COCHIN, monthly average domestic price (fiscal year Apr-Mar)","Spices Board India, Monthly Average Domestic Prices of Different Spices in India",Rs/kg,2022-08,516.88,https://www.indianspices.com/admin/international_weekly_price/upload/monthly%20domestic%20average%20price%20upto%20FEB%202026.pdf,2026-09-28,
black_pepper,"Spices Board: BLACK PEPPER (MG-1) COCHIN, monthly average domestic price (fiscal year Apr-Mar)","Spices Board India, Monthly Average Domestic Prices of Different Spices in India",Rs/kg,2022-09,517.88,https://www.indianspices.com/admin/international_weekly_price/upload/monthly%20domestic%20average%20price%20upto%20FEB%202026.pdf,2026-09-28,
black_pepper,"Spices Board: BLACK PEPPER (MG-1) COCHIN, monthly average domestic price (fiscal year Apr-Mar)","Spices Board India, Monthly Average Domestic Prices of Different Spices in India",Rs/kg,2022-10,509.91,https://www.indianspices.com/admin/international_weekly_price/upload/monthly%20domestic%20average%20price%20upto%20FEB%202026.pdf,2026-09-28,
black_pepper,"Spices Board: BLACK PEPPER (MG-1) COCHIN, monthly average domestic price (fiscal year Apr-Mar)","Spices Board India, Monthly Average Domestic Prices of Different Spices in India",Rs/kg,2022-11,503.61,https://www.indianspices.com/admin/international_weekly_price/upload/monthly%20domestic%20average%20price%20upto%20FEB%202026.pdf,2026-09-28,
black_pepper,"Spices Board: BLACK PEPPER (MG-1) COCHIN, monthly average domestic price (fiscal year Apr-Mar)","Spices Board India, Monthly Average Domestic Prices of Different Spices in India",Rs/kg,2022-12,513.51,https://www.indianspices.com/admin/international_weekly_price/upload/monthly%20domestic%20average%20price%20upto%20FEB%202026.pdf,2026-09-28,
black_pepper,"Spices Board: BLACK PEPPER (MG-1) COCHIN, monthly average domestic price (fiscal year Apr-Mar)","Spices Board India, Monthly Average Domestic Prices of Different Spices in India",Rs/kg,2023-01,513.00,https://www.indianspices.com/admin/international_weekly_price/upload/monthly%20domestic%20average%20price%20upto%20FEB%202026.pdf,2026-09-28,
black_pepper,"Spices Board: BLACK PEPPER (MG-1) COCHIN, monthly average domestic price (fiscal year Apr-Mar)","Spices Board India, Monthly Average Domestic Prices of Different Spices in India",Rs/kg,2023-02,508.33,https://www.indianspices.com/admin/international_weekly_price/upload/monthly%20domestic%20average%20price%20upto%20FEB%202026.pdf,2026-09-28,
black_pepper,"Spices Board: BLACK PEPPER (MG-1) COCHIN, monthly average domestic price (fiscal year Apr-Mar)","Spices Board India, Monthly Average Domestic Prices of Different Spices in India",Rs/kg,2023-03,508.08,https://www.indianspices.com/admin/international_weekly_price/upload/monthly%20domestic%20average%20price%20upto%20FEB%202026.pdf,2026-09-28,
black_pepper,"Spices Board: BLACK PEPPER (MG-1) COCHIN, monthly average domestic price (fiscal year Apr-Mar)","Spices Board India, Monthly Average Domestic Prices of Different Spices in India",Rs/kg,2023-04,504.19,https://www.indianspices.com/admin/international_weekly_price/upload/monthly%20domestic%20average%20price%20upto%20FEB%202026.pdf,2026-09-28,
black_pepper,"Spices Board: BLACK PEPPER (MG-1) COCHIN, monthly average domestic price (fiscal year Apr-Mar)","Spices Board India, Monthly Average Domestic Prices of Different Spices in India",Rs/kg,2023-05,508.73,https://www.indianspices.com/admin/international_weekly_price/upload/monthly%20domestic%20average%20price%20upto%20FEB%202026.pdf,2026-09-28,
black_pepper,"Spices Board: BLACK PEPPER (MG-1) COCHIN, monthly average domestic price (fiscal year Apr-Mar)","Spices Board India, Monthly Average Domestic Prices of Different Spices in India",Rs/kg,2023-06,508.03,https://www.indianspices.com/admin/international_weekly_price/upload/monthly%20domestic%20average%20price%20upto%20FEB%202026.pdf,2026-09-28,
black_pepper,"Spices Board: BLACK PEPPER (MG-1) COCHIN, monthly average domestic price (fiscal year Apr-Mar)","Spices Board India, Monthly Average Domestic Prices of Different Spices in India",Rs/kg,2023-07,536.92,https://www.indianspices.com/admin/international_weekly_price/upload/monthly%20domestic%20average%20price%20upto%20FEB%202026.pdf,2026-09-28,
black_pepper,"Spices Board: BLACK PEPPER (MG-1) COCHIN, monthly average domestic price (fiscal year Apr-Mar)","Spices Board India, Monthly Average Domestic Prices of Different Spices in India",Rs/kg,2023-08,627.47,https://www.indianspices.com/admin/international_weekly_price/upload/monthly%20domestic%20average%20price%20upto%20FEB%202026.pdf,2026-09-28,
black_pepper,"Spices Board: BLACK PEPPER (MG-1) COCHIN, monthly average domestic price (fiscal year Apr-Mar)","Spices Board India, Monthly Average Domestic Prices of Different Spices in India",Rs/kg,2023-09,644.03,https://www.indianspices.com/admin/international_weekly_price/upload/monthly%20domestic%20average%20price%20upto%20FEB%202026.pdf,2026-09-28,
black_pepper,"Spices Board: BLACK PEPPER (MG-1) COCHIN, monthly average domestic price (fiscal year Apr-Mar)","Spices Board India, Monthly Average Domestic Prices of Different Spices in India",Rs/kg,2023-10,629.32,https://www.indianspices.com/admin/international_weekly_price/upload/monthly%20domestic%20average%20price%20upto%20FEB%202026.pdf,2026-09-28,
black_pepper,"Spices Board: BLACK PEPPER (MG-1) COCHIN, monthly average domestic price (fiscal year Apr-Mar)","Spices Board India, Monthly Average Domestic Prices of Different Spices in India",Rs/kg,2023-11,613.24,https://www.indianspices.com/admin/international_weekly_price/upload/monthly%20domestic%20average%20price%20upto%20FEB%202026.pdf,2026-09-28,
black_pepper,"Spices Board: BLACK PEPPER (MG-1) COCHIN, monthly average domestic price (fiscal year Apr-Mar)","Spices Board India, Monthly Average Domestic Prices of Different Spices in India",Rs/kg,2023-12,612.58,https://www.indianspices.com/admin/international_weekly_price/upload/monthly%20domestic%20average%20price%20upto%20FEB%202026.pdf,2026-09-28,
black_pepper,"Spices Board: BLACK PEPPER (MG-1) COCHIN, monthly average domestic price (fiscal year Apr-Mar)","Spices Board India, Monthly Average Domestic Prices of Different Spices in India",Rs/kg,2024-01,606.08,https://www.indianspices.com/admin/international_weekly_price/upload/monthly%20domestic%20average%20price%20upto%20FEB%202026.pdf,2026-09-28,
black_pepper,"Spices Board: BLACK PEPPER (MG-1) COCHIN, monthly average domestic price (fiscal year Apr-Mar)","Spices Board India, Monthly Average Domestic Prices of Different Spices in India",Rs/kg,2024-02,558.80,https://www.indianspices.com/admin/international_weekly_price/upload/monthly%20domestic%20average%20price%20upto%20FEB%202026.pdf,2026-09-28,
black_pepper,"Spices Board: BLACK PEPPER (MG-1) COCHIN, monthly average domestic price (fiscal year Apr-Mar)","Spices Board India, Monthly Average Domestic Prices of Different Spices in India",Rs/kg,2024-03,524.56,https://www.indianspices.com/admin/international_weekly_price/upload/monthly%20domestic%20average%20price%20upto%20FEB%202026.pdf,2026-09-28,
black_pepper,"Spices Board: BLACK PEPPER (MG-1) COCHIN, monthly average domestic price (fiscal year Apr-Mar)","Spices Board India, Monthly Average Domestic Prices of Different Spices in India",Rs/kg,2024-04,570.33,https://www.indianspices.com/admin/international_weekly_price/upload/monthly%20domestic%20average%20price%20upto%20FEB%202026.pdf,2026-09-28,
black_pepper,"Spices Board: BLACK PEPPER (MG-1) COCHIN, monthly average domestic price (fiscal year Apr-Mar)","Spices Board India, Monthly Average Domestic Prices of Different Spices in India",Rs/kg,2024-05,602.20,https://www.indianspices.com/admin/international_weekly_price/upload/monthly%20domestic%20average%20price%20upto%20FEB%202026.pdf,2026-09-28,
black_pepper,"Spices Board: BLACK PEPPER (MG-1) COCHIN, monthly average domestic price (fiscal year Apr-Mar)","Spices Board India, Monthly Average Domestic Prices of Different Spices in India",Rs/kg,2024-06,681.12,https://www.indianspices.com/admin/international_weekly_price/upload/monthly%20domestic%20average%20price%20upto%20FEB%202026.pdf,2026-09-28,
black_pepper,"Spices Board: BLACK PEPPER (MG-1) COCHIN, monthly average domestic price (fiscal year Apr-Mar)","Spices Board India, Monthly Average Domestic Prices of Different Spices in India",Rs/kg,2024-07,678.48,https://www.indianspices.com/admin/international_weekly_price/upload/monthly%20domestic%20average%20price%20upto%20FEB%202026.pdf,2026-09-28,
black_pepper,"Spices Board: BLACK PEPPER (MG-1) COCHIN, monthly average domestic price (fiscal year Apr-Mar)","Spices Board India, Monthly Average Domestic Prices of Different Spices in India",Rs/kg,2024-08,671.19,https://www.indianspices.com/admin/international_weekly_price/upload/monthly%20domestic%20average%20price%20upto%20FEB%202026.pdf,2026-09-28,
black_pepper,"Spices Board: BLACK PEPPER (MG-1) COCHIN, monthly average domestic price (fiscal year Apr-Mar)","Spices Board India, Monthly Average Domestic Prices of Different Spices in India",Rs/kg,2024-09,674.64,https://www.indianspices.com/admin/international_weekly_price/upload/monthly%20domestic%20average%20price%20upto%20FEB%202026.pdf,2026-09-28,
black_pepper,"Spices Board: BLACK PEPPER (MG-1) COCHIN, monthly average domestic price (fiscal year Apr-Mar)","Spices Board India, Monthly Average Domestic Prices of Different Spices in India",Rs/kg,2024-10,655.58,https://www.indianspices.com/admin/international_weekly_price/upload/monthly%20domestic%20average%20price%20upto%20FEB%202026.pdf,2026-09-28,
black_pepper,"Spices Board: BLACK PEPPER (MG-1) COCHIN, monthly average domestic price (fiscal year Apr-Mar)","Spices Board India, Monthly Average Domestic Prices of Different Spices in India",Rs/kg,2024-11,651.54,https://www.indianspices.com/admin/international_weekly_price/upload/monthly%20domestic%20average%20price%20upto%20FEB%202026.pdf,2026-09-28,
black_pepper,"Spices Board: BLACK PEPPER (MG-1) COCHIN, monthly average domestic price (fiscal year Apr-Mar)","Spices Board India, Monthly Average Domestic Prices of Different Spices in India",Rs/kg,2024-12,658.72,https://www.indianspices.com/admin/international_weekly_price/upload/monthly%20domestic%20average%20price%20upto%20FEB%202026.pdf,2026-09-28,
black_pepper,"Spices Board: BLACK PEPPER (MG-1) COCHIN, monthly average domestic price (fiscal year Apr-Mar)","Spices Board India, Monthly Average Domestic Prices of Different Spices in India",Rs/kg,2025-01,663.44,https://www.indianspices.com/admin/international_weekly_price/upload/monthly%20domestic%20average%20price%20upto%20FEB%202026.pdf,2026-09-28,
black_pepper,"Spices Board: BLACK PEPPER (MG-1) COCHIN, monthly average domestic price (fiscal year Apr-Mar)","Spices Board India, Monthly Average Domestic Prices of Different Spices in India",Rs/kg,2025-02,676.35,https://www.indianspices.com/admin/international_weekly_price/upload/monthly%20domestic%20average%20price%20upto%20FEB%202026.pdf,2026-09-28,
black_pepper,"Spices Board: BLACK PEPPER (MG-1) COCHIN, monthly average domestic price (fiscal year Apr-Mar)","Spices Board India, Monthly Average Domestic Prices of Different Spices in India",Rs/kg,2025-03,697.80,https://www.indianspices.com/admin/international_weekly_price/upload/monthly%20domestic%20average%20price%20upto%20FEB%202026.pdf,2026-09-28,
black_pepper,"Spices Board: BLACK PEPPER (MG-1) COCHIN, monthly average domestic price (fiscal year Apr-Mar)","Spices Board India, Monthly Average Domestic Prices of Different Spices in India",Rs/kg,2025-04,732.83,https://www.indianspices.com/admin/international_weekly_price/upload/monthly%20domestic%20average%20price%20upto%20FEB%202026.pdf,2026-09-28,
black_pepper,"Spices Board: BLACK PEPPER (MG-1) COCHIN, monthly average domestic price (fiscal year Apr-Mar)","Spices Board India, Monthly Average Domestic Prices of Different Spices in India",Rs/kg,2025-05,701.50,https://www.indianspices.com/admin/international_weekly_price/upload/monthly%20domestic%20average%20price%20upto%20FEB%202026.pdf,2026-09-28,
black_pepper,"Spices Board: BLACK PEPPER (MG-1) COCHIN, monthly average domestic price (fiscal year Apr-Mar)","Spices Board India, Monthly Average Domestic Prices of Different Spices in India",Rs/kg,2025-06,675.43,https://www.indianspices.com/admin/international_weekly_price/upload/monthly%20domestic%20average%20price%20upto%20FEB%202026.pdf,2026-09-28,
black_pepper,"Spices Board: BLACK PEPPER (MG-1) COCHIN, monthly average domestic price (fiscal year Apr-Mar)","Spices Board India, Monthly Average Domestic Prices of Different Spices in India",Rs/kg,2025-07,686.58,https://www.indianspices.com/admin/international_weekly_price/upload/monthly%20domestic%20average%20price%20upto%20FEB%202026.pdf,2026-09-28,
black_pepper,"Spices Board: BLACK PEPPER (MG-1) COCHIN, monthly average domestic price (fiscal year Apr-Mar)","Spices Board India, Monthly Average Domestic Prices of Different Spices in India",Rs/kg,2025-08,698.68,https://www.indianspices.com/admin/international_weekly_price/upload/monthly%20domestic%20average%20price%20upto%20FEB%202026.pdf,2026-09-28,
black_pepper,"Spices Board: BLACK PEPPER (MG-1) COCHIN, monthly average domestic price (fiscal year Apr-Mar)","Spices Board India, Monthly Average Domestic Prices of Different Spices in India",Rs/kg,2025-09,707.60,https://www.indianspices.com/admin/international_weekly_price/upload/monthly%20domestic%20average%20price%20upto%20FEB%202026.pdf,2026-09-28,
black_pepper,"Spices Board: BLACK PEPPER (MG-1) COCHIN, monthly average domestic price (fiscal year Apr-Mar)","Spices Board India, Monthly Average Domestic Prices of Different Spices in India",Rs/kg,2025-10,707.24,https://www.indianspices.com/admin/international_weekly_price/upload/monthly%20domestic%20average%20price%20upto%20FEB%202026.pdf,2026-09-28,
black_pepper,"Spices Board: BLACK PEPPER (MG-1) COCHIN, monthly average domestic price (fiscal year Apr-Mar)","Spices Board India, Monthly Average Domestic Prices of Different Spices in India",Rs/kg,2025-11,707,https://www.indianspices.com/admin/international_weekly_price/upload/monthly%20domestic%20average%20price%20upto%20FEB%202026.pdf,2026-09-28,
black_pepper,"Spices Board: BLACK PEPPER (MG-1) COCHIN, monthly average domestic price (fiscal year Apr-Mar)","Spices Board India, Monthly Average Domestic Prices of Different Spices in India",Rs/kg,2025-12,713.61,https://www.indianspices.com/admin/international_weekly_price/upload/monthly%20domestic%20average%20price%20upto%20FEB%202026.pdf,2026-09-28,
black_pepper,"Spices Board: BLACK PEPPER (MG-1) COCHIN, monthly average domestic price (fiscal year Apr-Mar)","Spices Board India, Monthly Average Domestic Prices of Different Spices in India",Rs/kg,2026-01,715.52,https://www.indianspices.com/admin/international_weekly_price/upload/monthly%20domestic%20average%20price%20upto%20FEB%202026.pdf,2026-09-28,
black_pepper,"Spices Board: BLACK PEPPER (MG-1) COCHIN, monthly average domestic price (fiscal year Apr-Mar)","Spices Board India, Monthly Average Domestic Prices of Different Spices in India",Rs/kg,2026-02,721.40,https://www.indianspices.com/admin/international_weekly_price/upload/monthly%20domestic%20average%20price%20upto%20FEB%202026.pdf,2026-09-28,
cardamom_small,"Spices Board: CARDAMOM (SMALL) UNGRADED, ALL INDIA AUCTION PRICE, monthly average (season Aug-Jul)","Spices Board India, Monthly Average Domestic Prices of Different Spices in India",Rs/kg,2020-01,3802.93,https://www.indianspices.com/admin/international_weekly_price/upload/monthly%20domestic%20average%20price%20upto%20September%202024.pdf,2026-09-28,
cardamom_small,"Spices Board: CARDAMOM (SMALL) UNGRADED, ALL INDIA AUCTION PRICE, monthly average (season Aug-Jul)","Spices Board India, Monthly Average Domestic Prices of Different Spices in India",Rs/kg,2020-02,3312.77,https://www.indianspices.com/admin/international_weekly_price/upload/monthly%20domestic%20average%20price%20upto%20September%202024.pdf,2026-09-28,
cardamom_small,"Spices Board: CARDAMOM (SMALL) UNGRADED, ALL INDIA AUCTION PRICE, monthly average (season Aug-Jul)","Spices Board India, Monthly Average Domestic Prices of Different Spices in India",Rs/kg,2020-03,2677.99,https://www.indianspices.com/admin/international_weekly_price/upload/monthly%20domestic%20average%20price%20upto%20September%202024.pdf,2026-09-28,
cardamom_small,"Spices Board: CARDAMOM (SMALL) UNGRADED, ALL INDIA AUCTION PRICE, monthly average (season Aug-Jul)","Spices Board India, Monthly Average Domestic Prices of Different Spices in India",Rs/kg,2020-05,1812.81,https://www.indianspices.com/admin/international_weekly_price/upload/monthly%20domestic%20average%20price%20upto%20September%202024.pdf,2026-09-28,
cardamom_small,"Spices Board: CARDAMOM (SMALL) UNGRADED, ALL INDIA AUCTION PRICE, monthly average (season Aug-Jul)","Spices Board India, Monthly Average Domestic Prices of Different Spices in India",Rs/kg,2020-06,1504.75,https://www.indianspices.com/admin/international_weekly_price/upload/monthly%20domestic%20average%20price%20upto%20September%202024.pdf,2026-09-28,
cardamom_small,"Spices Board: CARDAMOM (SMALL) UNGRADED, ALL INDIA AUCTION PRICE, monthly average (season Aug-Jul)","Spices Board India, Monthly Average Domestic Prices of Different Spices in India",Rs/kg,2020-07,1627.50,https://www.indianspices.com/admin/international_weekly_price/upload/monthly%20domestic%20average%20price%20upto%20September%202024.pdf,2026-09-28,
cardamom_small,"Spices Board: CARDAMOM (SMALL) UNGRADED, ALL INDIA AUCTION PRICE, monthly average (season Aug-Jul)","Spices Board India, Monthly Average Domestic Prices of Different Spices in India",Rs/kg,2020-08,1687.24,https://www.indianspices.com/admin/international_weekly_price/upload/monthly%20domestic%20average%20price%20upto%20September%202024.pdf,2026-09-28,
cardamom_small,"Spices Board: CARDAMOM (SMALL) UNGRADED, ALL INDIA AUCTION PRICE, monthly average (season Aug-Jul)","Spices Board India, Monthly Average Domestic Prices of Different Spices in India",Rs/kg,2020-09,1633.79,https://www.indianspices.com/admin/international_weekly_price/upload/monthly%20domestic%20average%20price%20upto%20September%202024.pdf,2026-09-28,
cardamom_small,"Spices Board: CARDAMOM (SMALL) UNGRADED, ALL INDIA AUCTION PRICE, monthly average (season Aug-Jul)","Spices Board India, Monthly Average Domestic Prices of Different Spices in India",Rs/kg,2020-10,1463.85,https://www.indianspices.com/admin/international_weekly_price/upload/monthly%20domestic%20average%20price%20upto%20September%202024.pdf,2026-09-28,
cardamom_small,"Spices Board: CARDAMOM (SMALL) UNGRADED, ALL INDIA AUCTION PRICE, monthly average (season Aug-Jul)","Spices Board India, Monthly Average Domestic Prices of Different Spices in India",Rs/kg,2020-11,1487.93,https://www.indianspices.com/admin/international_weekly_price/upload/monthly%20domestic%20average%20price%20upto%20September%202024.pdf,2026-09-28,
cardamom_small,"Spices Board: CARDAMOM (SMALL) UNGRADED, ALL INDIA AUCTION PRICE, monthly average (season Aug-Jul)","Spices Board India, Monthly Average Domestic Prices of Different Spices in India",Rs/kg,2020-12,1734.41,https://www.indianspices.com/admin/international_weekly_price/upload/monthly%20domestic%20average%20price%20upto%20September%202024.pdf,2026-09-28,
cardamom_small,"Spices Board: CARDAMOM (SMALL) UNGRADED, ALL INDIA AUCTION PRICE, monthly average (season Aug-Jul)","Spices Board India, Monthly Average Domestic Prices of Different Spices in India",Rs/kg,2021-01,1587.78,https://www.indianspices.com/admin/international_weekly_price/upload/monthly%20domestic%20average%20price%20upto%20September%202024.pdf,2026-09-28,
cardamom_small,"Spices Board: CARDAMOM (SMALL) UNGRADED, ALL INDIA AUCTION PRICE, monthly average (season Aug-Jul)","Spices Board India, Monthly Average Domestic Prices of Different Spices in India",Rs/kg,2021-02,1451.59,https://www.indianspices.com/admin/international_weekly_price/upload/monthly%20domestic%20average%20price%20upto%20September%202024.pdf,2026-09-28,
cardamom_small,"Spices Board: CARDAMOM (SMALL) UNGRADED, ALL INDIA AUCTION PRICE, monthly average (season Aug-Jul)","Spices Board India, Monthly Average Domestic Prices of Different Spices in India",Rs/kg,2021-03,1358.93,https://www.indianspices.com/admin/international_weekly_price/upload/monthly%20domestic%20average%20price%20upto%20September%202024.pdf,2026-09-28,
cardamom_small,"Spices Board: CARDAMOM (SMALL) UNGRADED, ALL INDIA AUCTION PRICE, monthly average (season Aug-Jul)","Spices Board India, Monthly Average Domestic Prices of Different Spices in India",Rs/kg,2021-04,1191.72,https://www.indianspices.com/admin/international_weekly_price/upload/monthly%20domestic%20average%20price%20upto%20September%202024.pdf,2026-09-28,
cardamom_small,"Spices Board: CARDAMOM (SMALL) UNGRADED, ALL INDIA AUCTION PRICE, monthly average (season Aug-Jul)","Spices Board India, Monthly Average Domestic Prices of Different Spices in India",Rs/kg,2021-05,1007.90,https://www.indianspices.com/admin/international_weekly_price/upload/monthly%20domestic%20average%20price%20upto%20September%202024.pdf,2026-09-28,
cardamom_small,"Spices Board: CARDAMOM (SMALL) UNGRADED, ALL INDIA AUCTION PRICE, monthly average (season Aug-Jul)","Spices Board India, Monthly Average Domestic Prices of Different Spices in India",Rs/kg,2021-06,1046.27,https://www.indianspices.com/admin/international_weekly_price/upload/monthly%20domestic%20average%20price%20upto%20September%202024.pdf,2026-09-28,
cardamom_small,"Spices Board: CARDAMOM (SMALL) UNGRADED, ALL INDIA AUCTION PRICE, monthly average (season Aug-Jul)","Spices Board India, Monthly Average Domestic Prices of Different Spices in India",Rs/kg,2021-07,1077.82,https://www.indianspices.com/admin/international_weekly_price/upload/monthly%20domestic%20average%20price%20upto%20September%202024.pdf,2026-09-28,
cardamom_small,"Spices Board: CARDAMOM (SMALL) UNGRADED, ALL INDIA AUCTION PRICE, monthly average (season Aug-Jul)","Spices Board India, Monthly Average Domestic Prices of Different Spices in India",Rs/kg,2021-08,1066.06,https://www.indianspices.com/admin/international_weekly_price/upload/monthly%20domestic%20average%20price%20upto%20FEB%202026.pdf,2026-09-28,
cardamom_small,"Spices Board: CARDAMOM (SMALL) UNGRADED, ALL INDIA AUCTION PRICE, monthly average (season Aug-Jul)","Spices Board India, Monthly Average Domestic Prices of Different Spices in India",Rs/kg,2021-09,1055.86,https://www.indianspices.com/admin/international_weekly_price/upload/monthly%20domestic%20average%20price%20upto%20FEB%202026.pdf,2026-09-28,
cardamom_small,"Spices Board: CARDAMOM (SMALL) UNGRADED, ALL INDIA AUCTION PRICE, monthly average (season Aug-Jul)","Spices Board India, Monthly Average Domestic Prices of Different Spices in India",Rs/kg,2021-10,1013.06,https://www.indianspices.com/admin/international_weekly_price/upload/monthly%20domestic%20average%20price%20upto%20FEB%202026.pdf,2026-09-28,
cardamom_small,"Spices Board: CARDAMOM (SMALL) UNGRADED, ALL INDIA AUCTION PRICE, monthly average (season Aug-Jul)","Spices Board India, Monthly Average Domestic Prices of Different Spices in India",Rs/kg,2021-11,1045.17,https://www.indianspices.com/admin/international_weekly_price/upload/monthly%20domestic%20average%20price%20upto%20FEB%202026.pdf,2026-09-28,
cardamom_small,"Spices Board: CARDAMOM (SMALL) UNGRADED, ALL INDIA AUCTION PRICE, monthly average (season Aug-Jul)","Spices Board India, Monthly Average Domestic Prices of Different Spices in India",Rs/kg,2021-12,947.16,https://www.indianspices.com/admin/international_weekly_price/upload/monthly%20domestic%20average%20price%20upto%20FEB%202026.pdf,2026-09-28,
cardamom_small,"Spices Board: CARDAMOM (SMALL) UNGRADED, ALL INDIA AUCTION PRICE, monthly average (season Aug-Jul)","Spices Board India, Monthly Average Domestic Prices of Different Spices in India",Rs/kg,2022-01,885.74,https://www.indianspices.com/admin/international_weekly_price/upload/monthly%20domestic%20average%20price%20upto%20FEB%202026.pdf,2026-09-28,
cardamom_small,"Spices Board: CARDAMOM (SMALL) UNGRADED, ALL INDIA AUCTION PRICE, monthly average (season Aug-Jul)","Spices Board India, Monthly Average Domestic Prices of Different Spices in India",Rs/kg,2022-02,919.17,https://www.indianspices.com/admin/international_weekly_price/upload/monthly%20domestic%20average%20price%20upto%20FEB%202026.pdf,2026-09-28,
cardamom_small,"Spices Board: CARDAMOM (SMALL) UNGRADED, ALL INDIA AUCTION PRICE, monthly average (season Aug-Jul)","Spices Board India, Monthly Average Domestic Prices of Different Spices in India",Rs/kg,2022-03,897.04,https://www.indianspices.com/admin/international_weekly_price/upload/monthly%20domestic%20average%20price%20upto%20FEB%202026.pdf,2026-09-28,
cardamom_small,"Spices Board: CARDAMOM (SMALL) UNGRADED, ALL INDIA AUCTION PRICE, monthly average (season Aug-Jul)","Spices Board India, Monthly Average Domestic Prices of Different Spices in India",Rs/kg,2022-04,903.49,https://www.indianspices.com/admin/international_weekly_price/upload/monthly%20domestic%20average%20price%20upto%20FEB%202026.pdf,2026-09-28,
cardamom_small,"Spices Board: CARDAMOM (SMALL) UNGRADED, ALL INDIA AUCTION PRICE, monthly average (season Aug-Jul)","Spices Board India, Monthly Average Domestic Prices of Different Spices in India",Rs/kg,2022-05,816.69,https://www.indianspices.com/admin/international_weekly_price/upload/monthly%20domestic%20average%20price%20upto%20FEB%202026.pdf,2026-09-28,
cardamom_small,"Spices Board: CARDAMOM (SMALL) UNGRADED, ALL INDIA AUCTION PRICE, monthly average (season Aug-Jul)","Spices Board India, Monthly Average Domestic Prices of Different Spices in India",Rs/kg,2022-06,834.44,https://www.indianspices.com/admin/international_weekly_price/upload/monthly%20domestic%20average%20price%20upto%20FEB%202026.pdf,2026-09-28,
cardamom_small,"Spices Board: CARDAMOM (SMALL) UNGRADED, ALL INDIA AUCTION PRICE, monthly average (season Aug-Jul)","Spices Board India, Monthly Average Domestic Prices of Different Spices in India",Rs/kg,2022-07,897.42,https://www.indianspices.com/admin/international_weekly_price/upload/monthly%20domestic%20average%20price%20upto%20FEB%202026.pdf,2026-09-28,
cardamom_small,"Spices Board: CARDAMOM (SMALL) UNGRADED, ALL INDIA AUCTION PRICE, monthly average (season Aug-Jul)","Spices Board India, Monthly Average Domestic Prices of Different Spices in India",Rs/kg,2022-08,973.43,https://www.indianspices.com/admin/international_weekly_price/upload/monthly%20domestic%20average%20price%20upto%20FEB%202026.pdf,2026-09-28,
cardamom_small,"Spices Board: CARDAMOM (SMALL) UNGRADED, ALL INDIA AUCTION PRICE, monthly average (season Aug-Jul)","Spices Board India, Monthly Average Domestic Prices of Different Spices in India",Rs/kg,2022-09,1000.74,https://www.indianspices.com/admin/international_weekly_price/upload/monthly%20domestic%20average%20price%20upto%20FEB%202026.pdf,2026-09-28,
cardamom_small,"Spices Board: CARDAMOM (SMALL) UNGRADED, ALL INDIA AUCTION PRICE, monthly average (season Aug-Jul)","Spices Board India, Monthly Average Domestic Prices of Different Spices in India",Rs/kg,2022-10,945.24,https://www.indianspices.com/admin/international_weekly_price/upload/monthly%20domestic%20average%20price%20upto%20FEB%202026.pdf,2026-09-28,
cardamom_small,"Spices Board: CARDAMOM (SMALL) UNGRADED, ALL INDIA AUCTION PRICE, monthly average (season Aug-Jul)","Spices Board India, Monthly Average Domestic Prices of Different Spices in India",Rs/kg,2022-11,895.73,https://www.indianspices.com/admin/international_weekly_price/upload/monthly%20domestic%20average%20price%20upto%20FEB%202026.pdf,2026-09-28,
cardamom_small,"Spices Board: CARDAMOM (SMALL) UNGRADED, ALL INDIA AUCTION PRICE, monthly average (season Aug-Jul)","Spices Board India, Monthly Average Domestic Prices of Different Spices in India",Rs/kg,2022-12,862.18,https://www.indianspices.com/admin/international_weekly_price/upload/monthly%20domestic%20average%20price%20upto%20FEB%202026.pdf,2026-09-28,
cardamom_small,"Spices Board: CARDAMOM (SMALL) UNGRADED, ALL INDIA AUCTION PRICE, monthly average (season Aug-Jul)","Spices Board India, Monthly Average Domestic Prices of Different Spices in India",Rs/kg,2023-01,1017.20,https://www.indianspices.com/admin/international_weekly_price/upload/monthly%20domestic%20average%20price%20upto%20FEB%202026.pdf,2026-09-28,
cardamom_small,"Spices Board: CARDAMOM (SMALL) UNGRADED, ALL INDIA AUCTION PRICE, monthly average (season Aug-Jul)","Spices Board India, Monthly Average Domestic Prices of Different Spices in India",Rs/kg,2023-02,1326.14,https://www.indianspices.com/admin/international_weekly_price/upload/monthly%20domestic%20average%20price%20upto%20FEB%202026.pdf,2026-09-28,
cardamom_small,"Spices Board: CARDAMOM (SMALL) UNGRADED, ALL INDIA AUCTION PRICE, monthly average (season Aug-Jul)","Spices Board India, Monthly Average Domestic Prices of Different Spices in India",Rs/kg,2023-03,1403.25,https://www.indianspices.com/admin/international_weekly_price/upload/monthly%20domestic%20average%20price%20upto%20FEB%202026.pdf,2026-09-28,
cardamom_small,"Spices Board: CARDAMOM (SMALL) UNGRADED, ALL INDIA AUCTION PRICE, monthly average (season Aug-Jul)","Spices Board India, Monthly Average Domestic Prices of Different Spices in India",Rs/kg,2023-04,1276.65,https://www.indianspices.com/admin/international_weekly_price/upload/monthly%20domestic%20average%20price%20upto%20FEB%202026.pdf,2026-09-28,
cardamom_small,"Spices Board: CARDAMOM (SMALL) UNGRADED, ALL INDIA AUCTION PRICE, monthly average (season Aug-Jul)","Spices Board India, Monthly Average Domestic Prices of Different Spices in India",Rs/kg,2023-05,1061.78,https://www.indianspices.com/admin/international_weekly_price/upload/monthly%20domestic%20average%20price%20upto%20FEB%202026.pdf,2026-09-28,
cardamom_small,"Spices Board: CARDAMOM (SMALL) UNGRADED, ALL INDIA AUCTION PRICE, monthly average (season Aug-Jul)","Spices Board India, Monthly Average Domestic Prices of Different Spices in India",Rs/kg,2023-06,1134.85,https://www.indianspices.com/admin/international_weekly_price/upload/monthly%20domestic%20average%20price%20upto%20FEB%202026.pdf,2026-09-28,
cardamom_small,"Spices Board: CARDAMOM (SMALL) UNGRADED, ALL INDIA AUCTION PRICE, monthly average (season Aug-Jul)","Spices Board India, Monthly Average Domestic Prices of Different Spices in India",Rs/kg,2023-07,1388.27,https://www.indianspices.com/admin/international_weekly_price/upload/monthly%20domestic%20average%20price%20upto%20FEB%202026.pdf,2026-09-28,
cardamom_small,"Spices Board: CARDAMOM (SMALL) UNGRADED, ALL INDIA AUCTION PRICE, monthly average (season Aug-Jul)","Spices Board India, Monthly Average Domestic Prices of Different Spices in India",Rs/kg,2023-08,1985.03,https://www.indianspices.com/admin/international_weekly_price/upload/monthly%20domestic%20average%20price%20upto%20FEB%202026.pdf,2026-09-28,
cardamom_small,"Spices Board: CARDAMOM (SMALL) UNGRADED, ALL INDIA AUCTION PRICE, monthly average (season Aug-Jul)","Spices Board India, Monthly Average Domestic Prices of Different Spices in India",Rs/kg,2023-09,1838.42,https://www.indianspices.com/admin/international_weekly_price/upload/monthly%20domestic%20average%20price%20upto%20FEB%202026.pdf,2026-09-28,
cardamom_small,"Spices Board: CARDAMOM (SMALL) UNGRADED, ALL INDIA AUCTION PRICE, monthly average (season Aug-Jul)","Spices Board India, Monthly Average Domestic Prices of Different Spices in India",Rs/kg,2023-10,1653.36,https://www.indianspices.com/admin/international_weekly_price/upload/monthly%20domestic%20average%20price%20upto%20FEB%202026.pdf,2026-09-28,
cardamom_small,"Spices Board: CARDAMOM (SMALL) UNGRADED, ALL INDIA AUCTION PRICE, monthly average (season Aug-Jul)","Spices Board India, Monthly Average Domestic Prices of Different Spices in India",Rs/kg,2023-11,1517.89,https://www.indianspices.com/admin/international_weekly_price/upload/monthly%20domestic%20average%20price%20upto%20FEB%202026.pdf,2026-09-28,
cardamom_small,"Spices Board: CARDAMOM (SMALL) UNGRADED, ALL INDIA AUCTION PRICE, monthly average (season Aug-Jul)","Spices Board India, Monthly Average Domestic Prices of Different Spices in India",Rs/kg,2023-12,1642.70,https://www.indianspices.com/admin/international_weekly_price/upload/monthly%20domestic%20average%20price%20upto%20FEB%202026.pdf,2026-09-28,
cardamom_small,"Spices Board: CARDAMOM (SMALL) UNGRADED, ALL INDIA AUCTION PRICE, monthly average (season Aug-Jul)","Spices Board India, Monthly Average Domestic Prices of Different Spices in India",Rs/kg,2024-01,1643.86,https://www.indianspices.com/admin/international_weekly_price/upload/monthly%20domestic%20average%20price%20upto%20FEB%202026.pdf,2026-09-28,
cardamom_small,"Spices Board: CARDAMOM (SMALL) UNGRADED, ALL INDIA AUCTION PRICE, monthly average (season Aug-Jul)","Spices Board India, Monthly Average Domestic Prices of Different Spices in India",Rs/kg,2024-02,1491.96,https://www.indianspices.com/admin/international_weekly_price/upload/monthly%20domestic%20average%20price%20upto%20FEB%202026.pdf,2026-09-28,
cardamom_small,"Spices Board: CARDAMOM (SMALL) UNGRADED, ALL INDIA AUCTION PRICE, monthly average (season Aug-Jul)","Spices Board India, Monthly Average Domestic Prices of Different Spices in India",Rs/kg,2024-03,1436.12,https://www.indianspices.com/admin/international_weekly_price/upload/monthly%20domestic%20average%20price%20upto%20FEB%202026.pdf,2026-09-28,
cardamom_small,"Spices Board: CARDAMOM (SMALL) UNGRADED, ALL INDIA AUCTION PRICE, monthly average (season Aug-Jul)","Spices Board India, Monthly Average Domestic Prices of Different Spices in India",Rs/kg,2024-04,1794.04,https://www.indianspices.com/admin/international_weekly_price/upload/monthly%20domestic%20average%20price%20upto%20FEB%202026.pdf,2026-09-28,
cardamom_small,"Spices Board: CARDAMOM (SMALL) UNGRADED, ALL INDIA AUCTION PRICE, monthly average (season Aug-Jul)","Spices Board India, Monthly Average Domestic Prices of Different Spices in India",Rs/kg,2024-05,2092.48,https://www.indianspices.com/admin/international_weekly_price/upload/monthly%20domestic%20average%20price%20upto%20FEB%202026.pdf,2026-09-28,
cardamom_small,"Spices Board: CARDAMOM (SMALL) UNGRADED, ALL INDIA AUCTION PRICE, monthly average (season Aug-Jul)","Spices Board India, Monthly Average Domestic Prices of Different Spices in India",Rs/kg,2024-06,2360.39,https://www.indianspices.com/admin/international_weekly_price/upload/monthly%20domestic%20average%20price%20upto%20FEB%202026.pdf,2026-09-28,
cardamom_small,"Spices Board: CARDAMOM (SMALL) UNGRADED, ALL INDIA AUCTION PRICE, monthly average (season Aug-Jul)","Spices Board India, Monthly Average Domestic Prices of Different Spices in India",Rs/kg,2024-07,2208.54,https://www.indianspices.com/admin/international_weekly_price/upload/monthly%20domestic%20average%20price%20upto%20FEB%202026.pdf,2026-09-28,
cardamom_small,"Spices Board: CARDAMOM (SMALL) UNGRADED, ALL INDIA AUCTION PRICE, monthly average (season Aug-Jul)","Spices Board India, Monthly Average Domestic Prices of Different Spices in India",Rs/kg,2024-08,2204.43,https://www.indianspices.com/admin/international_weekly_price/upload/monthly%20domestic%20average%20price%20upto%20FEB%202026.pdf,2026-09-28,
cardamom_small,"Spices Board: CARDAMOM (SMALL) UNGRADED, ALL INDIA AUCTION PRICE, monthly average (season Aug-Jul)","Spices Board India, Monthly Average Domestic Prices of Different Spices in India",Rs/kg,2024-09,2286.41,https://www.indianspices.com/admin/international_weekly_price/upload/monthly%20domestic%20average%20price%20upto%20FEB%202026.pdf,2026-09-28,
cardamom_small,"Spices Board: CARDAMOM (SMALL) UNGRADED, ALL INDIA AUCTION PRICE, monthly average (season Aug-Jul)","Spices Board India, Monthly Average Domestic Prices of Different Spices in India",Rs/kg,2024-10,2266.12,https://www.indianspices.com/admin/international_weekly_price/upload/monthly%20domestic%20average%20price%20upto%20FEB%202026.pdf,2026-09-28,
cardamom_small,"Spices Board: CARDAMOM (SMALL) UNGRADED, ALL INDIA AUCTION PRICE, monthly average (season Aug-Jul)","Spices Board India, Monthly Average Domestic Prices of Different Spices in India",Rs/kg,2024-11,2737.66,https://www.indianspices.com/admin/international_weekly_price/upload/monthly%20domestic%20average%20price%20upto%20FEB%202026.pdf,2026-09-28,
cardamom_small,"Spices Board: CARDAMOM (SMALL) UNGRADED, ALL INDIA AUCTION PRICE, monthly average (season Aug-Jul)","Spices Board India, Monthly Average Domestic Prices of Different Spices in India",Rs/kg,2024-12,2910.41,https://www.indianspices.com/admin/international_weekly_price/upload/monthly%20domestic%20average%20price%20upto%20FEB%202026.pdf,2026-09-28,
cardamom_small,"Spices Board: CARDAMOM (SMALL) UNGRADED, ALL INDIA AUCTION PRICE, monthly average (season Aug-Jul)","Spices Board India, Monthly Average Domestic Prices of Different Spices in India",Rs/kg,2025-01,3057.23,https://www.indianspices.com/admin/international_weekly_price/upload/monthly%20domestic%20average%20price%20upto%20FEB%202026.pdf,2026-09-28,
cardamom_small,"Spices Board: CARDAMOM (SMALL) UNGRADED, ALL INDIA AUCTION PRICE, monthly average (season Aug-Jul)","Spices Board India, Monthly Average Domestic Prices of Different Spices in India",Rs/kg,2025-02,2910.47,https://www.indianspices.com/admin/international_weekly_price/upload/monthly%20domestic%20average%20price%20upto%20FEB%202026.pdf,2026-09-28,
cardamom_small,"Spices Board: CARDAMOM (SMALL) UNGRADED, ALL INDIA AUCTION PRICE, monthly average (season Aug-Jul)","Spices Board India, Monthly Average Domestic Prices of Different Spices in India",Rs/kg,2025-03,2704.62,https://www.indianspices.com/admin/international_weekly_price/upload/monthly%20domestic%20average%20price%20upto%20FEB%202026.pdf,2026-09-28,
cardamom_small,"Spices Board: CARDAMOM (SMALL) UNGRADED, ALL INDIA AUCTION PRICE, monthly average (season Aug-Jul)","Spices Board India, Monthly Average Domestic Prices of Different Spices in India",Rs/kg,2025-04,2523.08,https://www.indianspices.com/admin/international_weekly_price/upload/monthly%20domestic%20average%20price%20upto%20FEB%202026.pdf,2026-09-28,
cardamom_small,"Spices Board: CARDAMOM (SMALL) UNGRADED, ALL INDIA AUCTION PRICE, monthly average (season Aug-Jul)","Spices Board India, Monthly Average Domestic Prices of Different Spices in India",Rs/kg,2025-05,2203.78,https://www.indianspices.com/admin/international_weekly_price/upload/monthly%20domestic%20average%20price%20upto%20FEB%202026.pdf,2026-09-28,
cardamom_small,"Spices Board: CARDAMOM (SMALL) UNGRADED, ALL INDIA AUCTION PRICE, monthly average (season Aug-Jul)","Spices Board India, Monthly Average Domestic Prices of Different Spices in India",Rs/kg,2025-06,2479.32,https://www.indianspices.com/admin/international_weekly_price/upload/monthly%20domestic%20average%20price%20upto%20FEB%202026.pdf,2026-09-28,
cardamom_small,"Spices Board: CARDAMOM (SMALL) UNGRADED, ALL INDIA AUCTION PRICE, monthly average (season Aug-Jul)","Spices Board India, Monthly Average Domestic Prices of Different Spices in India",Rs/kg,2025-07,2608.33,https://www.indianspices.com/admin/international_weekly_price/upload/monthly%20domestic%20average%20price%20upto%20FEB%202026.pdf,2026-09-28,
cardamom_small,"Spices Board: CARDAMOM (SMALL) UNGRADED, ALL INDIA AUCTION PRICE, monthly average (season Aug-Jul)","Spices Board India, Monthly Average Domestic Prices of Different Spices in India",Rs/kg,2025-08,2509.19,https://www.indianspices.com/admin/international_weekly_price/upload/monthly%20domestic%20average%20price%20upto%20FEB%202026.pdf,2026-09-28,
cardamom_small,"Spices Board: CARDAMOM (SMALL) UNGRADED, ALL INDIA AUCTION PRICE, monthly average (season Aug-Jul)","Spices Board India, Monthly Average Domestic Prices of Different Spices in India",Rs/kg,2025-09,2497.86,https://www.indianspices.com/admin/international_weekly_price/upload/monthly%20domestic%20average%20price%20upto%20FEB%202026.pdf,2026-09-28,
cardamom_small,"Spices Board: CARDAMOM (SMALL) UNGRADED, ALL INDIA AUCTION PRICE, monthly average (season Aug-Jul)","Spices Board India, Monthly Average Domestic Prices of Different Spices in India",Rs/kg,2025-10,2467.83,https://www.indianspices.com/admin/international_weekly_price/upload/monthly%20domestic%20average%20price%20upto%20FEB%202026.pdf,2026-09-28,
cardamom_small,"Spices Board: CARDAMOM (SMALL) UNGRADED, ALL INDIA AUCTION PRICE, monthly average (season Aug-Jul)","Spices Board India, Monthly Average Domestic Prices of Different Spices in India",Rs/kg,2025-11,2542.11,https://www.indianspices.com/admin/international_weekly_price/upload/monthly%20domestic%20average%20price%20upto%20FEB%202026.pdf,2026-09-28,
cardamom_small,"Spices Board: CARDAMOM (SMALL) UNGRADED, ALL INDIA AUCTION PRICE, monthly average (season Aug-Jul)","Spices Board India, Monthly Average Domestic Prices of Different Spices in India",Rs/kg,2025-12,2418.50,https://www.indianspices.com/admin/international_weekly_price/upload/monthly%20domestic%20average%20price%20upto%20FEB%202026.pdf,2026-09-28,
cardamom_small,"Spices Board: CARDAMOM (SMALL) UNGRADED, ALL INDIA AUCTION PRICE, monthly average (season Aug-Jul)","Spices Board India, Monthly Average Domestic Prices of Different Spices in India",Rs/kg,2026-01,2495.34,https://www.indianspices.com/admin/international_weekly_price/upload/monthly%20domestic%20average%20price%20upto%20FEB%202026.pdf,2026-09-28,
cardamom_small,"Spices Board: CARDAMOM (SMALL) UNGRADED, ALL INDIA AUCTION PRICE, monthly average (season Aug-Jul)","Spices Board India, Monthly Average Domestic Prices of Different Spices in India",Rs/kg,2026-02,2458.31,https://www.indianspices.com/admin/international_weekly_price/upload/monthly%20domestic%20average%20price%20upto%20FEB%202026.pdf,2026-09-28,
saffron,"Spices Board: SAFFRON (DELHI), monthly average domestic price (fiscal year Apr-Mar); source listed as Vyapara Kiranamandi, New Delhi","Spices Board India, Monthly Average Domestic Prices of Different Spices in India",Rs/kg,2020-01,94500.00,https://www.indianspices.com/admin/international_weekly_price/upload/monthly%20domestic%20average%20price%20upto%20September%202024.pdf,2026-09-28,
saffron,"Spices Board: SAFFRON (DELHI), monthly average domestic price (fiscal year Apr-Mar); source listed as Vyapara Kiranamandi, New Delhi","Spices Board India, Monthly Average Domestic Prices of Different Spices in India",Rs/kg,2020-02,92500.00,https://www.indianspices.com/admin/international_weekly_price/upload/monthly%20domestic%20average%20price%20upto%20September%202024.pdf,2026-09-28,
saffron,"Spices Board: SAFFRON (DELHI), monthly average domestic price (fiscal year Apr-Mar); source listed as Vyapara Kiranamandi, New Delhi","Spices Board India, Monthly Average Domestic Prices of Different Spices in India",Rs/kg,2020-03,92500.00,https://www.indianspices.com/admin/international_weekly_price/upload/monthly%20domestic%20average%20price%20upto%20September%202024.pdf,2026-09-28,
saffron,"Spices Board: SAFFRON (DELHI), monthly average domestic price (fiscal year Apr-Mar); source listed as Vyapara Kiranamandi, New Delhi","Spices Board India, Monthly Average Domestic Prices of Different Spices in India",Rs/kg,2020-06,92500.00,https://www.indianspices.com/admin/international_weekly_price/upload/monthly%20domestic%20average%20price%20upto%20September%202024.pdf,2026-09-28,
saffron,"Spices Board: SAFFRON (DELHI), monthly average domestic price (fiscal year Apr-Mar); source listed as Vyapara Kiranamandi, New Delhi","Spices Board India, Monthly Average Domestic Prices of Different Spices in India",Rs/kg,2020-07,92500.00,https://www.indianspices.com/admin/international_weekly_price/upload/monthly%20domestic%20average%20price%20upto%20September%202024.pdf,2026-09-28,
saffron,"Spices Board: SAFFRON (DELHI), monthly average domestic price (fiscal year Apr-Mar); source listed as Vyapara Kiranamandi, New Delhi","Spices Board India, Monthly Average Domestic Prices of Different Spices in India",Rs/kg,2020-08,92500.00,https://www.indianspices.com/admin/international_weekly_price/upload/monthly%20domestic%20average%20price%20upto%20September%202024.pdf,2026-09-28,
saffron,"Spices Board: SAFFRON (DELHI), monthly average domestic price (fiscal year Apr-Mar); source listed as Vyapara Kiranamandi, New Delhi","Spices Board India, Monthly Average Domestic Prices of Different Spices in India",Rs/kg,2020-09,92500.00,https://www.indianspices.com/admin/international_weekly_price/upload/monthly%20domestic%20average%20price%20upto%20September%202024.pdf,2026-09-28,
saffron,"Spices Board: SAFFRON (DELHI), monthly average domestic price (fiscal year Apr-Mar); source listed as Vyapara Kiranamandi, New Delhi","Spices Board India, Monthly Average Domestic Prices of Different Spices in India",Rs/kg,2020-10,75000.00,https://www.indianspices.com/admin/international_weekly_price/upload/monthly%20domestic%20average%20price%20upto%20September%202024.pdf,2026-09-28,
saffron,"Spices Board: SAFFRON (DELHI), monthly average domestic price (fiscal year Apr-Mar); source listed as Vyapara Kiranamandi, New Delhi","Spices Board India, Monthly Average Domestic Prices of Different Spices in India",Rs/kg,2020-11,75000.00,https://www.indianspices.com/admin/international_weekly_price/upload/monthly%20domestic%20average%20price%20upto%20September%202024.pdf,2026-09-28,
saffron,"Spices Board: SAFFRON (DELHI), monthly average domestic price (fiscal year Apr-Mar); source listed as Vyapara Kiranamandi, New Delhi","Spices Board India, Monthly Average Domestic Prices of Different Spices in India",Rs/kg,2020-12,75000.00,https://www.indianspices.com/admin/international_weekly_price/upload/monthly%20domestic%20average%20price%20upto%20September%202024.pdf,2026-09-28,
saffron,"Spices Board: SAFFRON (DELHI), monthly average domestic price (fiscal year Apr-Mar); source listed as Vyapara Kiranamandi, New Delhi","Spices Board India, Monthly Average Domestic Prices of Different Spices in India",Rs/kg,2021-01,70000.00,https://www.indianspices.com/admin/international_weekly_price/upload/monthly%20domestic%20average%20price%20upto%20September%202024.pdf,2026-09-28,
saffron,"Spices Board: SAFFRON (DELHI), monthly average domestic price (fiscal year Apr-Mar); source listed as Vyapara Kiranamandi, New Delhi","Spices Board India, Monthly Average Domestic Prices of Different Spices in India",Rs/kg,2021-02,65000.00,https://www.indianspices.com/admin/international_weekly_price/upload/monthly%20domestic%20average%20price%20upto%20September%202024.pdf,2026-09-28,
saffron,"Spices Board: SAFFRON (DELHI), monthly average domestic price (fiscal year Apr-Mar); source listed as Vyapara Kiranamandi, New Delhi","Spices Board India, Monthly Average Domestic Prices of Different Spices in India",Rs/kg,2021-03,65000.00,https://www.indianspices.com/admin/international_weekly_price/upload/monthly%20domestic%20average%20price%20upto%20September%202024.pdf,2026-09-28,
saffron,"Spices Board: SAFFRON (DELHI), monthly average domestic price (fiscal year Apr-Mar); source listed as Vyapara Kiranamandi, New Delhi","Spices Board India, Monthly Average Domestic Prices of Different Spices in India",Rs/kg,2021-04,65000,https://www.indianspices.com/admin/international_weekly_price/upload/monthly%20domestic%20average%20price%20upto%20FEB%202026.pdf,2026-09-28,
saffron,"Spices Board: SAFFRON (DELHI), monthly average domestic price (fiscal year Apr-Mar); source listed as Vyapara Kiranamandi, New Delhi","Spices Board India, Monthly Average Domestic Prices of Different Spices in India",Rs/kg,2021-05,65000,https://www.indianspices.com/admin/international_weekly_price/upload/monthly%20domestic%20average%20price%20upto%20FEB%202026.pdf,2026-09-28,
saffron,"Spices Board: SAFFRON (DELHI), monthly average domestic price (fiscal year Apr-Mar); source listed as Vyapara Kiranamandi, New Delhi","Spices Board India, Monthly Average Domestic Prices of Different Spices in India",Rs/kg,2021-06,675000,https://www.indianspices.com/admin/international_weekly_price/upload/monthly%20domestic%20average%20price%20upto%20FEB%202026.pdf,2026-09-28,SUSPECT: printed as 675000 in both Sep-2024 and Feb-2026 PDFs (neighbours 65000/75000); likely a source typo for 67500 - do not chart without checking. Recorded as printed.
saffron,"Spices Board: SAFFRON (DELHI), monthly average domestic price (fiscal year Apr-Mar); source listed as Vyapara Kiranamandi, New Delhi","Spices Board India, Monthly Average Domestic Prices of Different Spices in India",Rs/kg,2021-07,75000,https://www.indianspices.com/admin/international_weekly_price/upload/monthly%20domestic%20average%20price%20upto%20FEB%202026.pdf,2026-09-28,
saffron,"Spices Board: SAFFRON (DELHI), monthly average domestic price (fiscal year Apr-Mar); source listed as Vyapara Kiranamandi, New Delhi","Spices Board India, Monthly Average Domestic Prices of Different Spices in India",Rs/kg,2021-08,83000,https://www.indianspices.com/admin/international_weekly_price/upload/monthly%20domestic%20average%20price%20upto%20FEB%202026.pdf,2026-09-28,
saffron,"Spices Board: SAFFRON (DELHI), monthly average domestic price (fiscal year Apr-Mar); source listed as Vyapara Kiranamandi, New Delhi","Spices Board India, Monthly Average Domestic Prices of Different Spices in India",Rs/kg,2021-09,107500,https://www.indianspices.com/admin/international_weekly_price/upload/monthly%20domestic%20average%20price%20upto%20FEB%202026.pdf,2026-09-28,
saffron,"Spices Board: SAFFRON (DELHI), monthly average domestic price (fiscal year Apr-Mar); source listed as Vyapara Kiranamandi, New Delhi","Spices Board India, Monthly Average Domestic Prices of Different Spices in India",Rs/kg,2022-01,168125,https://www.indianspices.com/admin/international_weekly_price/upload/monthly%20domestic%20average%20price%20upto%20FEB%202026.pdf,2026-09-28,
saffron,"Spices Board: SAFFRON (DELHI), monthly average domestic price (fiscal year Apr-Mar); source listed as Vyapara Kiranamandi, New Delhi","Spices Board India, Monthly Average Domestic Prices of Different Spices in India",Rs/kg,2022-02,162500,https://www.indianspices.com/admin/international_weekly_price/upload/monthly%20domestic%20average%20price%20upto%20FEB%202026.pdf,2026-09-28,
saffron,"Spices Board: SAFFRON (DELHI), monthly average domestic price (fiscal year Apr-Mar); source listed as Vyapara Kiranamandi, New Delhi","Spices Board India, Monthly Average Domestic Prices of Different Spices in India",Rs/kg,2022-03,168750,https://www.indianspices.com/admin/international_weekly_price/upload/monthly%20domestic%20average%20price%20upto%20FEB%202026.pdf,2026-09-28,
saffron,"Spices Board: SAFFRON (DELHI), monthly average domestic price (fiscal year Apr-Mar); source listed as Vyapara Kiranamandi, New Delhi","Spices Board India, Monthly Average Domestic Prices of Different Spices in India",Rs/kg,2023-04,127500,https://www.indianspices.com/admin/international_weekly_price/upload/monthly%20domestic%20average%20price%20upto%20FEB%202026.pdf,2026-09-28,
saffron,"Spices Board: SAFFRON (DELHI), monthly average domestic price (fiscal year Apr-Mar); source listed as Vyapara Kiranamandi, New Delhi","Spices Board India, Monthly Average Domestic Prices of Different Spices in India",Rs/kg,2023-05,127500,https://www.indianspices.com/admin/international_weekly_price/upload/monthly%20domestic%20average%20price%20upto%20FEB%202026.pdf,2026-09-28,
saffron,"Spices Board: SAFFRON (DELHI), monthly average domestic price (fiscal year Apr-Mar); source listed as Vyapara Kiranamandi, New Delhi","Spices Board India, Monthly Average Domestic Prices of Different Spices in India",Rs/kg,2023-06,127500,https://www.indianspices.com/admin/international_weekly_price/upload/monthly%20domestic%20average%20price%20upto%20FEB%202026.pdf,2026-09-28,
saffron,"Spices Board: SAFFRON (DELHI), monthly average domestic price (fiscal year Apr-Mar); source listed as Vyapara Kiranamandi, New Delhi","Spices Board India, Monthly Average Domestic Prices of Different Spices in India",Rs/kg,2023-07,132500,https://www.indianspices.com/admin/international_weekly_price/upload/monthly%20domestic%20average%20price%20upto%20FEB%202026.pdf,2026-09-28,
saffron,"Spices Board: SAFFRON (DELHI), monthly average domestic price (fiscal year Apr-Mar); source listed as Vyapara Kiranamandi, New Delhi","Spices Board India, Monthly Average Domestic Prices of Different Spices in India",Rs/kg,2023-08,166250,https://www.indianspices.com/admin/international_weekly_price/upload/monthly%20domestic%20average%20price%20upto%20FEB%202026.pdf,2026-09-28,
saffron,"Spices Board: SAFFRON (DELHI), monthly average domestic price (fiscal year Apr-Mar); source listed as Vyapara Kiranamandi, New Delhi","Spices Board India, Monthly Average Domestic Prices of Different Spices in India",Rs/kg,2023-09,187500,https://www.indianspices.com/admin/international_weekly_price/upload/monthly%20domestic%20average%20price%20upto%20FEB%202026.pdf,2026-09-28,
saffron,"Spices Board: SAFFRON (DELHI), monthly average domestic price (fiscal year Apr-Mar); source listed as Vyapara Kiranamandi, New Delhi","Spices Board India, Monthly Average Domestic Prices of Different Spices in India",Rs/kg,2023-10,177500,https://www.indianspices.com/admin/international_weekly_price/upload/monthly%20domestic%20average%20price%20upto%20FEB%202026.pdf,2026-09-28,
saffron,"Spices Board: SAFFRON (DELHI), monthly average domestic price (fiscal year Apr-Mar); source listed as Vyapara Kiranamandi, New Delhi","Spices Board India, Monthly Average Domestic Prices of Different Spices in India",Rs/kg,2023-11,183750,https://www.indianspices.com/admin/international_weekly_price/upload/monthly%20domestic%20average%20price%20upto%20FEB%202026.pdf,2026-09-28,
saffron,"Spices Board: SAFFRON (DELHI), monthly average domestic price (fiscal year Apr-Mar); source listed as Vyapara Kiranamandi, New Delhi","Spices Board India, Monthly Average Domestic Prices of Different Spices in India",Rs/kg,2023-12,190000,https://www.indianspices.com/admin/international_weekly_price/upload/monthly%20domestic%20average%20price%20upto%20FEB%202026.pdf,2026-09-28,
saffron,"Spices Board: SAFFRON (DELHI), monthly average domestic price (fiscal year Apr-Mar); source listed as Vyapara Kiranamandi, New Delhi","Spices Board India, Monthly Average Domestic Prices of Different Spices in India",Rs/kg,2024-01,190000,https://www.indianspices.com/admin/international_weekly_price/upload/monthly%20domestic%20average%20price%20upto%20FEB%202026.pdf,2026-09-28,
saffron,"Spices Board: SAFFRON (DELHI), monthly average domestic price (fiscal year Apr-Mar); source listed as Vyapara Kiranamandi, New Delhi","Spices Board India, Monthly Average Domestic Prices of Different Spices in India",Rs/kg,2024-02,193750,https://www.indianspices.com/admin/international_weekly_price/upload/monthly%20domestic%20average%20price%20upto%20FEB%202026.pdf,2026-09-28,
saffron,"Spices Board: SAFFRON (DELHI), monthly average domestic price (fiscal year Apr-Mar); source listed as Vyapara Kiranamandi, New Delhi","Spices Board India, Monthly Average Domestic Prices of Different Spices in India",Rs/kg,2024-03,195000,https://www.indianspices.com/admin/international_weekly_price/upload/monthly%20domestic%20average%20price%20upto%20FEB%202026.pdf,2026-09-28,
saffron,"Spices Board: SAFFRON (DELHI), monthly average domestic price (fiscal year Apr-Mar); source listed as Vyapara Kiranamandi, New Delhi","Spices Board India, Monthly Average Domestic Prices of Different Spices in India",Rs/kg,2024-04,218750,https://www.indianspices.com/admin/international_weekly_price/upload/monthly%20domestic%20average%20price%20upto%20FEB%202026.pdf,2026-09-28,
saffron,"Spices Board: SAFFRON (DELHI), monthly average domestic price (fiscal year Apr-Mar); source listed as Vyapara Kiranamandi, New Delhi","Spices Board India, Monthly Average Domestic Prices of Different Spices in India",Rs/kg,2024-05,230000,https://www.indianspices.com/admin/international_weekly_price/upload/monthly%20domestic%20average%20price%20upto%20FEB%202026.pdf,2026-09-28,
saffron,"Spices Board: SAFFRON (DELHI), monthly average domestic price (fiscal year Apr-Mar); source listed as Vyapara Kiranamandi, New Delhi","Spices Board India, Monthly Average Domestic Prices of Different Spices in India",Rs/kg,2024-06,230000,https://www.indianspices.com/admin/international_weekly_price/upload/monthly%20domestic%20average%20price%20upto%20FEB%202026.pdf,2026-09-28,
saffron,"Spices Board: SAFFRON (DELHI), monthly average domestic price (fiscal year Apr-Mar); source listed as Vyapara Kiranamandi, New Delhi","Spices Board India, Monthly Average Domestic Prices of Different Spices in India",Rs/kg,2024-07,230000,https://www.indianspices.com/admin/international_weekly_price/upload/monthly%20domestic%20average%20price%20upto%20FEB%202026.pdf,2026-09-28,
saffron,"Spices Board: SAFFRON (DELHI), monthly average domestic price (fiscal year Apr-Mar); source listed as Vyapara Kiranamandi, New Delhi","Spices Board India, Monthly Average Domestic Prices of Different Spices in India",Rs/kg,2024-08,230000,https://www.indianspices.com/admin/international_weekly_price/upload/monthly%20domestic%20average%20price%20upto%20FEB%202026.pdf,2026-09-28,
saffron,"Spices Board: SAFFRON (DELHI), monthly average domestic price (fiscal year Apr-Mar); source listed as Vyapara Kiranamandi, New Delhi","Spices Board India, Monthly Average Domestic Prices of Different Spices in India",Rs/kg,2024-09,230000,https://www.indianspices.com/admin/international_weekly_price/upload/monthly%20domestic%20average%20price%20upto%20FEB%202026.pdf,2026-09-28,
saffron,"Spices Board: SAFFRON (DELHI), monthly average domestic price (fiscal year Apr-Mar); source listed as Vyapara Kiranamandi, New Delhi","Spices Board India, Monthly Average Domestic Prices of Different Spices in India",Rs/kg,2024-10,230000,https://www.indianspices.com/admin/international_weekly_price/upload/monthly%20domestic%20average%20price%20upto%20FEB%202026.pdf,2026-09-28,
saffron,"Spices Board: SAFFRON (DELHI), monthly average domestic price (fiscal year Apr-Mar); source listed as Vyapara Kiranamandi, New Delhi","Spices Board India, Monthly Average Domestic Prices of Different Spices in India",Rs/kg,2024-11,207000,https://www.indianspices.com/admin/international_weekly_price/upload/monthly%20domestic%20average%20price%20upto%20FEB%202026.pdf,2026-09-28,
saffron,"Spices Board: SAFFRON (DELHI), monthly average domestic price (fiscal year Apr-Mar); source listed as Vyapara Kiranamandi, New Delhi","Spices Board India, Monthly Average Domestic Prices of Different Spices in India",Rs/kg,2024-12,185000,https://www.indianspices.com/admin/international_weekly_price/upload/monthly%20domestic%20average%20price%20upto%20FEB%202026.pdf,2026-09-28,
saffron,"Spices Board: SAFFRON (DELHI), monthly average domestic price (fiscal year Apr-Mar); source listed as Vyapara Kiranamandi, New Delhi","Spices Board India, Monthly Average Domestic Prices of Different Spices in India",Rs/kg,2025-01,185000,https://www.indianspices.com/admin/international_weekly_price/upload/monthly%20domestic%20average%20price%20upto%20FEB%202026.pdf,2026-09-28,
saffron,"Spices Board: SAFFRON (DELHI), monthly average domestic price (fiscal year Apr-Mar); source listed as Vyapara Kiranamandi, New Delhi","Spices Board India, Monthly Average Domestic Prices of Different Spices in India",Rs/kg,2025-02,185000,https://www.indianspices.com/admin/international_weekly_price/upload/monthly%20domestic%20average%20price%20upto%20FEB%202026.pdf,2026-09-28,
saffron,"Spices Board: SAFFRON (DELHI), monthly average domestic price (fiscal year Apr-Mar); source listed as Vyapara Kiranamandi, New Delhi","Spices Board India, Monthly Average Domestic Prices of Different Spices in India",Rs/kg,2025-03,185000,https://www.indianspices.com/admin/international_weekly_price/upload/monthly%20domestic%20average%20price%20upto%20FEB%202026.pdf,2026-09-28,
saffron,"Spices Board: SAFFRON (DELHI), monthly average domestic price (fiscal year Apr-Mar); source listed as Vyapara Kiranamandi, New Delhi","Spices Board India, Monthly Average Domestic Prices of Different Spices in India",Rs/kg,2025-04,185000,https://www.indianspices.com/admin/international_weekly_price/upload/monthly%20domestic%20average%20price%20upto%20FEB%202026.pdf,2026-09-28,
saffron,"Spices Board: SAFFRON (DELHI), monthly average domestic price (fiscal year Apr-Mar); source listed as Vyapara Kiranamandi, New Delhi","Spices Board India, Monthly Average Domestic Prices of Different Spices in India",Rs/kg,2025-05,197000,https://www.indianspices.com/admin/international_weekly_price/upload/monthly%20domestic%20average%20price%20upto%20FEB%202026.pdf,2026-09-28,
saffron,"Spices Board: SAFFRON (DELHI), monthly average domestic price (fiscal year Apr-Mar); source listed as Vyapara Kiranamandi, New Delhi","Spices Board India, Monthly Average Domestic Prices of Different Spices in India",Rs/kg,2025-06,205000,https://www.indianspices.com/admin/international_weekly_price/upload/monthly%20domestic%20average%20price%20upto%20FEB%202026.pdf,2026-09-28,
saffron,"Spices Board: SAFFRON (DELHI), monthly average domestic price (fiscal year Apr-Mar); source listed as Vyapara Kiranamandi, New Delhi","Spices Board India, Monthly Average Domestic Prices of Different Spices in India",Rs/kg,2025-07,205000,https://www.indianspices.com/admin/international_weekly_price/upload/monthly%20domestic%20average%20price%20upto%20FEB%202026.pdf,2026-09-28,
saffron,"Spices Board: SAFFRON (DELHI), monthly average domestic price (fiscal year Apr-Mar); source listed as Vyapara Kiranamandi, New Delhi","Spices Board India, Monthly Average Domestic Prices of Different Spices in India",Rs/kg,2025-08,206000,https://www.indianspices.com/admin/international_weekly_price/upload/monthly%20domestic%20average%20price%20upto%20FEB%202026.pdf,2026-09-28,
saffron,"Spices Board: SAFFRON (DELHI), monthly average domestic price (fiscal year Apr-Mar); source listed as Vyapara Kiranamandi, New Delhi","Spices Board India, Monthly Average Domestic Prices of Different Spices in India",Rs/kg,2025-09,210000,https://www.indianspices.com/admin/international_weekly_price/upload/monthly%20domestic%20average%20price%20upto%20FEB%202026.pdf,2026-09-28,
saffron,"Spices Board: SAFFRON (DELHI), monthly average domestic price (fiscal year Apr-Mar); source listed as Vyapara Kiranamandi, New Delhi","Spices Board India, Monthly Average Domestic Prices of Different Spices in India",Rs/kg,2025-10,210000,https://www.indianspices.com/admin/international_weekly_price/upload/monthly%20domestic%20average%20price%20upto%20FEB%202026.pdf,2026-09-28,
saffron,"Spices Board: SAFFRON (DELHI), monthly average domestic price (fiscal year Apr-Mar); source listed as Vyapara Kiranamandi, New Delhi","Spices Board India, Monthly Average Domestic Prices of Different Spices in India",Rs/kg,2025-11,262000,https://www.indianspices.com/admin/international_weekly_price/upload/monthly%20domestic%20average%20price%20upto%20FEB%202026.pdf,2026-09-28,
saffron,"Spices Board: SAFFRON (DELHI), monthly average domestic price (fiscal year Apr-Mar); source listed as Vyapara Kiranamandi, New Delhi","Spices Board India, Monthly Average Domestic Prices of Different Spices in India",Rs/kg,2025-12,265000,https://www.indianspices.com/admin/international_weekly_price/upload/monthly%20domestic%20average%20price%20upto%20FEB%202026.pdf,2026-09-28,
saffron,"Spices Board: SAFFRON (DELHI), monthly average domestic price (fiscal year Apr-Mar); source listed as Vyapara Kiranamandi, New Delhi","Spices Board India, Monthly Average Domestic Prices of Different Spices in India",Rs/kg,2026-01,275000,https://www.indianspices.com/admin/international_weekly_price/upload/monthly%20domestic%20average%20price%20upto%20FEB%202026.pdf,2026-09-28,
saffron,"Spices Board: SAFFRON (DELHI), monthly average domestic price (fiscal year Apr-Mar); source listed as Vyapara Kiranamandi, New Delhi","Spices Board India, Monthly Average Domestic Prices of Different Spices in India",Rs/kg,2026-02,275000,https://www.indianspices.com/admin/international_weekly_price/upload/monthly%20domestic%20average%20price%20upto%20FEB%202026.pdf,2026-09-28,
hazelnut,"USDA NASS: Hazelnut (Oregon) price per ton, utilized production, in-shell",USDA NASS Noncitrus Fruits and Nuts Annual Summary,USD/short ton (in-shell),2020,2100,https://esmis.nal.usda.gov/sites/default/release-files/zs25x846c/zk51wx21m/k356bk214/ncit0523.pdf,2026-09-28,ANNUAL crop-year average grower price (not monthly); month field = crop year only
hazelnut,"USDA NASS: Hazelnut (Oregon) price per ton, utilized production, in-shell",USDA NASS Noncitrus Fruits and Nuts Annual Summary,USD/short ton (in-shell),2021,2160,https://esmis.nal.usda.gov/sites/default/release-files/zs25x846c/zk51wx21m/k356bk214/ncit0523.pdf,2026-09-28,ANNUAL crop-year average grower price (not monthly); month field = crop year only
hazelnut,"USDA NASS: Hazelnut (Oregon) price per ton, utilized production, in-shell",USDA NASS Noncitrus Fruits and Nuts Annual Summary,USD/short ton (in-shell),2022,1300,https://esmis.nal.usda.gov/sites/default/release-files/zs25x846c/zk51wx21m/k356bk214/ncit0523.pdf,2026-09-28,ANNUAL crop-year average grower price (not monthly); month field = crop year only
hazelnut,"USDA NASS: Hazelnut (Oregon) price per ton, utilized production, in-shell",USDA NASS Noncitrus Fruits and Nuts Annual Summary,USD/short ton (in-shell),2023,1350.00,https://release.nass.usda.gov/reports/ncit0526.pdf,2026-09-28,ANNUAL crop-year average grower price (not monthly); month field = crop year only
hazelnut,"USDA NASS: Hazelnut (Oregon) price per ton, utilized production, in-shell",USDA NASS Noncitrus Fruits and Nuts Annual Summary,USD/short ton (in-shell),2024,1680.00,https://release.nass.usda.gov/reports/ncit0526.pdf,2026-09-28,ANNUAL crop-year average grower price (not monthly); month field = crop year only
hazelnut,"USDA NASS: Hazelnut (Oregon) price per ton, utilized production, in-shell",USDA NASS Noncitrus Fruits and Nuts Annual Summary,USD/short ton (in-shell),2025,2800.00,https://release.nass.usda.gov/reports/ncit0526.pdf,2026-09-28,ANNUAL crop-year average grower price (not monthly); month field = crop year only
pistachio,"USDA NASS: Pistachio (California) price per pound, utilized production (in-shell basis)",USDA NASS Noncitrus Fruits and Nuts Annual Summary,USD/lb,2020,2.510,https://esmis.nal.usda.gov/sites/default/release-files/zs25x846c/zk51wx21m/k356bk214/ncit0523.pdf,2026-09-28,ANNUAL crop-year average grower price (not monthly); month field = crop year only
pistachio,"USDA NASS: Pistachio (California) price per pound, utilized production (in-shell basis)",USDA NASS Noncitrus Fruits and Nuts Annual Summary,USD/lb,2021,2.160,https://esmis.nal.usda.gov/sites/default/release-files/zs25x846c/zk51wx21m/k356bk214/ncit0523.pdf,2026-09-28,ANNUAL crop-year average grower price (not monthly); month field = crop year only
pistachio,"USDA NASS: Pistachio (California) price per pound, utilized production (in-shell basis)",USDA NASS Noncitrus Fruits and Nuts Annual Summary,USD/lb,2022,2.110,https://esmis.nal.usda.gov/sites/default/release-files/zs25x846c/zk51wx21m/k356bk214/ncit0523.pdf,2026-09-28,ANNUAL crop-year average grower price (not monthly); month field = crop year only
pistachio,"USDA NASS: Pistachio (California) price per pound, utilized production (in-shell basis)",USDA NASS Noncitrus Fruits and Nuts Annual Summary,USD/lb,2023,1.870,https://release.nass.usda.gov/reports/ncit0526.pdf,2026-09-28,ANNUAL crop-year average grower price (not monthly); month field = crop year only
pistachio,"USDA NASS: Pistachio (California) price per pound, utilized production (in-shell basis)",USDA NASS Noncitrus Fruits and Nuts Annual Summary,USD/lb,2024,2.250,https://release.nass.usda.gov/reports/ncit0526.pdf,2026-09-28,ANNUAL crop-year average grower price (not monthly); month field = crop year only
pistachio,"USDA NASS: Pistachio (California) price per pound, utilized production (in-shell basis)",USDA NASS Noncitrus Fruits and Nuts Annual Summary,USD/lb,2025,2.480,https://release.nass.usda.gov/reports/ncit0526.pdf,2026-09-28,ANNUAL crop-year average grower price (not monthly); month field = crop year only
olive_oil,"EC: Extra virgin olive oil (up to 0.8%), Jaén (ES616), Spain - MONTHLY MEAN OF WEEKLY QUOTES (computed by us)",European Commission Agri-food Data Portal API,EUR/100kg,2020-01,203.36,https://ec.europa.eu/agrifood/api/oliveOil/prices?memberStateCodes=ES&beginDate=01/01/2020&endDate=28/09/2026,2026-09-28,computed: arithmetic mean of 4 weekly quotes whose week begins in this month; raw weekly values in eu_weekly.csv
olive_oil,"EC: Extra virgin olive oil (up to 0.8%), Jaén (ES616), Spain - MONTHLY MEAN OF WEEKLY QUOTES (computed by us)",European Commission Agri-food Data Portal API,EUR/100kg,2020-02,203.98,https://ec.europa.eu/agrifood/api/oliveOil/prices?memberStateCodes=ES&beginDate=01/01/2020&endDate=28/09/2026,2026-09-28,computed: arithmetic mean of 4 weekly quotes whose week begins in this month; raw weekly values in eu_weekly.csv
olive_oil,"EC: Extra virgin olive oil (up to 0.8%), Jaén (ES616), Spain - MONTHLY MEAN OF WEEKLY QUOTES (computed by us)",European Commission Agri-food Data Portal API,EUR/100kg,2020-03,213.37,https://ec.europa.eu/agrifood/api/oliveOil/prices?memberStateCodes=ES&beginDate=01/01/2020&endDate=28/09/2026,2026-09-28,computed: arithmetic mean of 5 weekly quotes whose week begins in this month; raw weekly values in eu_weekly.csv
olive_oil,"EC: Extra virgin olive oil (up to 0.8%), Jaén (ES616), Spain - MONTHLY MEAN OF WEEKLY QUOTES (computed by us)",European Commission Agri-food Data Portal API,EUR/100kg,2020-04,204.26,https://ec.europa.eu/agrifood/api/oliveOil/prices?memberStateCodes=ES&beginDate=01/01/2020&endDate=28/09/2026,2026-09-28,computed: arithmetic mean of 4 weekly quotes whose week begins in this month; raw weekly values in eu_weekly.csv
olive_oil,"EC: Extra virgin olive oil (up to 0.8%), Jaén (ES616), Spain - MONTHLY MEAN OF WEEKLY QUOTES (computed by us)",European Commission Agri-food Data Portal API,EUR/100kg,2020-05,199.23,https://ec.europa.eu/agrifood/api/oliveOil/prices?memberStateCodes=ES&beginDate=01/01/2020&endDate=28/09/2026,2026-09-28,computed: arithmetic mean of 4 weekly quotes whose week begins in this month; raw weekly values in eu_weekly.csv
olive_oil,"EC: Extra virgin olive oil (up to 0.8%), Jaén (ES616), Spain - MONTHLY MEAN OF WEEKLY QUOTES (computed by us)",European Commission Agri-food Data Portal API,EUR/100kg,2020-06,196.53,https://ec.europa.eu/agrifood/api/oliveOil/prices?memberStateCodes=ES&beginDate=01/01/2020&endDate=28/09/2026,2026-09-28,computed: arithmetic mean of 5 weekly quotes whose week begins in this month; raw weekly values in eu_weekly.csv
olive_oil,"EC: Extra virgin olive oil (up to 0.8%), Jaén (ES616), Spain - MONTHLY MEAN OF WEEKLY QUOTES (computed by us)",European Commission Agri-food Data Portal API,EUR/100kg,2020-07,188.84,https://ec.europa.eu/agrifood/api/oliveOil/prices?memberStateCodes=ES&beginDate=01/01/2020&endDate=28/09/2026,2026-09-28,computed: arithmetic mean of 4 weekly quotes whose week begins in this month; raw weekly values in eu_weekly.csv
olive_oil,"EC: Extra virgin olive oil (up to 0.8%), Jaén (ES616), Spain - MONTHLY MEAN OF WEEKLY QUOTES (computed by us)",European Commission Agri-food Data Portal API,EUR/100kg,2020-08,198.83,https://ec.europa.eu/agrifood/api/oliveOil/prices?memberStateCodes=ES&beginDate=01/01/2020&endDate=28/09/2026,2026-09-28,computed: arithmetic mean of 5 weekly quotes whose week begins in this month; raw weekly values in eu_weekly.csv
olive_oil,"EC: Extra virgin olive oil (up to 0.8%), Jaén (ES616), Spain - MONTHLY MEAN OF WEEKLY QUOTES (computed by us)",European Commission Agri-food Data Portal API,EUR/100kg,2020-09,211.22,https://ec.europa.eu/agrifood/api/oliveOil/prices?memberStateCodes=ES&beginDate=01/01/2020&endDate=28/09/2026,2026-09-28,computed: arithmetic mean of 5 weekly quotes whose week begins in this month; raw weekly values in eu_weekly.csv
olive_oil,"EC: Extra virgin olive oil (up to 0.8%), Jaén (ES616), Spain - MONTHLY MEAN OF WEEKLY QUOTES (computed by us)",European Commission Agri-food Data Portal API,EUR/100kg,2020-10,224.22,https://ec.europa.eu/agrifood/api/oliveOil/prices?memberStateCodes=ES&beginDate=01/01/2020&endDate=28/09/2026,2026-09-28,computed: arithmetic mean of 4 weekly quotes whose week begins in this month; raw weekly values in eu_weekly.csv
olive_oil,"EC: Extra virgin olive oil (up to 0.8%), Jaén (ES616), Spain - MONTHLY MEAN OF WEEKLY QUOTES (computed by us)",European Commission Agri-food Data Portal API,EUR/100kg,2020-11,239.56,https://ec.europa.eu/agrifood/api/oliveOil/prices?memberStateCodes=ES&beginDate=01/01/2020&endDate=28/09/2026,2026-09-28,computed: arithmetic mean of 5 weekly quotes whose week begins in this month; raw weekly values in eu_weekly.csv
olive_oil,"EC: Extra virgin olive oil (up to 0.8%), Jaén (ES616), Spain - MONTHLY MEAN OF WEEKLY QUOTES (computed by us)",European Commission Agri-food Data Portal API,EUR/100kg,2020-12,250.00,https://ec.europa.eu/agrifood/api/oliveOil/prices?memberStateCodes=ES&beginDate=01/01/2020&endDate=28/09/2026,2026-09-28,computed: arithmetic mean of 4 weekly quotes whose week begins in this month; raw weekly values in eu_weekly.csv
olive_oil,"EC: Extra virgin olive oil (up to 0.8%), Jaén (ES616), Spain - MONTHLY MEAN OF WEEKLY QUOTES (computed by us)",European Commission Agri-food Data Portal API,EUR/100kg,2021-01,251.42,https://ec.europa.eu/agrifood/api/oliveOil/prices?memberStateCodes=ES&beginDate=01/01/2020&endDate=28/09/2026,2026-09-28,computed: arithmetic mean of 4 weekly quotes whose week begins in this month; raw weekly values in eu_weekly.csv
olive_oil,"EC: Extra virgin olive oil (up to 0.8%), Jaén (ES616), Spain - MONTHLY MEAN OF WEEKLY QUOTES (computed by us)",European Commission Agri-food Data Portal API,EUR/100kg,2021-02,266.03,https://ec.europa.eu/agrifood/api/oliveOil/prices?memberStateCodes=ES&beginDate=01/01/2020&endDate=28/09/2026,2026-09-28,computed: arithmetic mean of 4 weekly quotes whose week begins in this month; raw weekly values in eu_weekly.csv
olive_oil,"EC: Extra virgin olive oil (up to 0.8%), Jaén (ES616), Spain - MONTHLY MEAN OF WEEKLY QUOTES (computed by us)",European Commission Agri-food Data Portal API,EUR/100kg,2021-03,273.98,https://ec.europa.eu/agrifood/api/oliveOil/prices?memberStateCodes=ES&beginDate=01/01/2020&endDate=28/09/2026,2026-09-28,computed: arithmetic mean of 5 weekly quotes whose week begins in this month; raw weekly values in eu_weekly.csv
olive_oil,"EC: Extra virgin olive oil (up to 0.8%), Jaén (ES616), Spain - MONTHLY MEAN OF WEEKLY QUOTES (computed by us)",European Commission Agri-food Data Portal API,EUR/100kg,2021-04,301.01,https://ec.europa.eu/agrifood/api/oliveOil/prices?memberStateCodes=ES&beginDate=01/01/2020&endDate=28/09/2026,2026-09-28,computed: arithmetic mean of 4 weekly quotes whose week begins in this month; raw weekly values in eu_weekly.csv
olive_oil,"EC: Extra virgin olive oil (up to 0.8%), Jaén (ES616), Spain - MONTHLY MEAN OF WEEKLY QUOTES (computed by us)",European Commission Agri-food Data Portal API,EUR/100kg,2021-05,334.68,https://ec.europa.eu/agrifood/api/oliveOil/prices?memberStateCodes=ES&beginDate=01/01/2020&endDate=28/09/2026,2026-09-28,computed: arithmetic mean of 5 weekly quotes whose week begins in this month; raw weekly values in eu_weekly.csv
olive_oil,"EC: Extra virgin olive oil (up to 0.8%), Jaén (ES616), Spain - MONTHLY MEAN OF WEEKLY QUOTES (computed by us)",European Commission Agri-food Data Portal API,EUR/100kg,2021-06,329.88,https://ec.europa.eu/agrifood/api/oliveOil/prices?memberStateCodes=ES&beginDate=01/01/2020&endDate=28/09/2026,2026-09-28,computed: arithmetic mean of 4 weekly quotes whose week begins in this month; raw weekly values in eu_weekly.csv
olive_oil,"EC: Extra virgin olive oil (up to 0.8%), Jaén (ES616), Spain - MONTHLY MEAN OF WEEKLY QUOTES (computed by us)",European Commission Agri-food Data Portal API,EUR/100kg,2021-07,325.34,https://ec.europa.eu/agrifood/api/oliveOil/prices?memberStateCodes=ES&beginDate=01/01/2020&endDate=28/09/2026,2026-09-28,computed: arithmetic mean of 4 weekly quotes whose week begins in this month; raw weekly values in eu_weekly.csv
olive_oil,"EC: Extra virgin olive oil (up to 0.8%), Jaén (ES616), Spain - MONTHLY MEAN OF WEEKLY QUOTES (computed by us)",European Commission Agri-food Data Portal API,EUR/100kg,2021-08,323.50,https://ec.europa.eu/agrifood/api/oliveOil/prices?memberStateCodes=ES&beginDate=01/01/2020&endDate=28/09/2026,2026-09-28,computed: arithmetic mean of 5 weekly quotes whose week begins in this month; raw weekly values in eu_weekly.csv
olive_oil,"EC: Extra virgin olive oil (up to 0.8%), Jaén (ES616), Spain - MONTHLY MEAN OF WEEKLY QUOTES (computed by us)",European Commission Agri-food Data Portal API,EUR/100kg,2021-09,321.92,https://ec.europa.eu/agrifood/api/oliveOil/prices?memberStateCodes=ES&beginDate=01/01/2020&endDate=28/09/2026,2026-09-28,computed: arithmetic mean of 5 weekly quotes whose week begins in this month; raw weekly values in eu_weekly.csv
olive_oil,"EC: Extra virgin olive oil (up to 0.8%), Jaén (ES616), Spain - MONTHLY MEAN OF WEEKLY QUOTES (computed by us)",European Commission Agri-food Data Portal API,EUR/100kg,2021-10,316.24,https://ec.europa.eu/agrifood/api/oliveOil/prices?memberStateCodes=ES&beginDate=01/01/2020&endDate=28/09/2026,2026-09-28,computed: arithmetic mean of 4 weekly quotes whose week begins in this month; raw weekly values in eu_weekly.csv
olive_oil,"EC: Extra virgin olive oil (up to 0.8%), Jaén (ES616), Spain - MONTHLY MEAN OF WEEKLY QUOTES (computed by us)",European Commission Agri-food Data Portal API,EUR/100kg,2021-11,309.81,https://ec.europa.eu/agrifood/api/oliveOil/prices?memberStateCodes=ES&beginDate=01/01/2020&endDate=28/09/2026,2026-09-28,computed: arithmetic mean of 4 weekly quotes whose week begins in this month; raw weekly values in eu_weekly.csv
olive_oil,"EC: Extra virgin olive oil (up to 0.8%), Jaén (ES616), Spain - MONTHLY MEAN OF WEEKLY QUOTES (computed by us)",European Commission Agri-food Data Portal API,EUR/100kg,2021-12,328.65,https://ec.europa.eu/agrifood/api/oliveOil/prices?memberStateCodes=ES&beginDate=01/01/2020&endDate=28/09/2026,2026-09-28,computed: arithmetic mean of 4 weekly quotes whose week begins in this month; raw weekly values in eu_weekly.csv
olive_oil,"EC: Extra virgin olive oil (up to 0.8%), Jaén (ES616), Spain - MONTHLY MEAN OF WEEKLY QUOTES (computed by us)",European Commission Agri-food Data Portal API,EUR/100kg,2022-01,331.00,https://ec.europa.eu/agrifood/api/oliveOil/prices?memberStateCodes=ES&beginDate=01/01/2020&endDate=28/09/2026,2026-09-28,computed: arithmetic mean of 4 weekly quotes whose week begins in this month; raw weekly values in eu_weekly.csv
olive_oil,"EC: Extra virgin olive oil (up to 0.8%), Jaén (ES616), Spain - MONTHLY MEAN OF WEEKLY QUOTES (computed by us)",European Commission Agri-food Data Portal API,EUR/100kg,2022-02,326.12,https://ec.europa.eu/agrifood/api/oliveOil/prices?memberStateCodes=ES&beginDate=01/01/2020&endDate=28/09/2026,2026-09-28,computed: arithmetic mean of 4 weekly quotes whose week begins in this month; raw weekly values in eu_weekly.csv
olive_oil,"EC: Extra virgin olive oil (up to 0.8%), Jaén (ES616), Spain - MONTHLY MEAN OF WEEKLY QUOTES (computed by us)",European Commission Agri-food Data Portal API,EUR/100kg,2022-03,358.62,https://ec.europa.eu/agrifood/api/oliveOil/prices?memberStateCodes=ES&beginDate=01/01/2020&endDate=28/09/2026,2026-09-28,computed: arithmetic mean of 4 weekly quotes whose week begins in this month; raw weekly values in eu_weekly.csv
olive_oil,"EC: Extra virgin olive oil (up to 0.8%), Jaén (ES616), Spain - MONTHLY MEAN OF WEEKLY QUOTES (computed by us)",European Commission Agri-food Data Portal API,EUR/100kg,2022-04,346.62,https://ec.europa.eu/agrifood/api/oliveOil/prices?memberStateCodes=ES&beginDate=01/01/2020&endDate=28/09/2026,2026-09-28,computed: arithmetic mean of 4 weekly quotes whose week begins in this month; raw weekly values in eu_weekly.csv
olive_oil,"EC: Extra virgin olive oil (up to 0.8%), Jaén (ES616), Spain - MONTHLY MEAN OF WEEKLY QUOTES (computed by us)",European Commission Agri-food Data Portal API,EUR/100kg,2022-05,338.90,https://ec.europa.eu/agrifood/api/oliveOil/prices?memberStateCodes=ES&beginDate=01/01/2020&endDate=28/09/2026,2026-09-28,computed: arithmetic mean of 5 weekly quotes whose week begins in this month; raw weekly values in eu_weekly.csv
olive_oil,"EC: Extra virgin olive oil (up to 0.8%), Jaén (ES616), Spain - MONTHLY MEAN OF WEEKLY QUOTES (computed by us)",European Commission Agri-food Data Portal API,EUR/100kg,2022-06,333.69,https://ec.europa.eu/agrifood/api/oliveOil/prices?memberStateCodes=ES&beginDate=01/01/2020&endDate=28/09/2026,2026-09-28,computed: arithmetic mean of 4 weekly quotes whose week begins in this month; raw weekly values in eu_weekly.csv
olive_oil,"EC: Extra virgin olive oil (up to 0.8%), Jaén (ES616), Spain - MONTHLY MEAN OF WEEKLY QUOTES (computed by us)",European Commission Agri-food Data Portal API,EUR/100kg,2022-07,357.03,https://ec.europa.eu/agrifood/api/oliveOil/prices?memberStateCodes=ES&beginDate=01/01/2020&endDate=28/09/2026,2026-09-28,computed: arithmetic mean of 4 weekly quotes whose week begins in this month; raw weekly values in eu_weekly.csv
olive_oil,"EC: Extra virgin olive oil (up to 0.8%), Jaén (ES616), Spain - MONTHLY MEAN OF WEEKLY QUOTES (computed by us)",European Commission Agri-food Data Portal API,EUR/100kg,2022-08,378.20,https://ec.europa.eu/agrifood/api/oliveOil/prices?memberStateCodes=ES&beginDate=01/01/2020&endDate=28/09/2026,2026-09-28,computed: arithmetic mean of 5 weekly quotes whose week begins in this month; raw weekly values in eu_weekly.csv
olive_oil,"EC: Extra virgin olive oil (up to 0.8%), Jaén (ES616), Spain - MONTHLY MEAN OF WEEKLY QUOTES (computed by us)",European Commission Agri-food Data Portal API,EUR/100kg,2022-09,394.62,https://ec.europa.eu/agrifood/api/oliveOil/prices?memberStateCodes=ES&beginDate=01/01/2020&endDate=28/09/2026,2026-09-28,computed: arithmetic mean of 5 weekly quotes whose week begins in this month; raw weekly values in eu_weekly.csv
olive_oil,"EC: Extra virgin olive oil (up to 0.8%), Jaén (ES616), Spain - MONTHLY MEAN OF WEEKLY QUOTES (computed by us)",European Commission Agri-food Data Portal API,EUR/100kg,2022-10,452.10,https://ec.europa.eu/agrifood/api/oliveOil/prices?memberStateCodes=ES&beginDate=01/01/2020&endDate=28/09/2026,2026-09-28,computed: arithmetic mean of 5 weekly quotes whose week begins in this month; raw weekly values in eu_weekly.csv
olive_oil,"EC: Extra virgin olive oil (up to 0.8%), Jaén (ES616), Spain - MONTHLY MEAN OF WEEKLY QUOTES (computed by us)",European Commission Agri-food Data Portal API,EUR/100kg,2022-11,480.62,https://ec.europa.eu/agrifood/api/oliveOil/prices?memberStateCodes=ES&beginDate=01/01/2020&endDate=28/09/2026,2026-09-28,computed: arithmetic mean of 4 weekly quotes whose week begins in this month; raw weekly values in eu_weekly.csv
olive_oil,"EC: Extra virgin olive oil (up to 0.8%), Jaén (ES616), Spain - MONTHLY MEAN OF WEEKLY QUOTES (computed by us)",European Commission Agri-food Data Portal API,EUR/100kg,2022-12,525.00,https://ec.europa.eu/agrifood/api/oliveOil/prices?memberStateCodes=ES&beginDate=01/01/2020&endDate=28/09/2026,2026-09-28,computed: arithmetic mean of 4 weekly quotes whose week begins in this month; raw weekly values in eu_weekly.csv
olive_oil,"EC: Extra virgin olive oil (up to 0.8%), Jaén (ES616), Spain - MONTHLY MEAN OF WEEKLY QUOTES (computed by us)",European Commission Agri-food Data Portal API,EUR/100kg,2023-01,525.70,https://ec.europa.eu/agrifood/api/oliveOil/prices?memberStateCodes=ES&beginDate=01/01/2020&endDate=28/09/2026,2026-09-28,computed: arithmetic mean of 5 weekly quotes whose week begins in this month; raw weekly values in eu_weekly.csv
olive_oil,"EC: Extra virgin olive oil (up to 0.8%), Jaén (ES616), Spain - MONTHLY MEAN OF WEEKLY QUOTES (computed by us)",European Commission Agri-food Data Portal API,EUR/100kg,2023-02,523.25,https://ec.europa.eu/agrifood/api/oliveOil/prices?memberStateCodes=ES&beginDate=01/01/2020&endDate=28/09/2026,2026-09-28,computed: arithmetic mean of 4 weekly quotes whose week begins in this month; raw weekly values in eu_weekly.csv
olive_oil,"EC: Extra virgin olive oil (up to 0.8%), Jaén (ES616), Spain - MONTHLY MEAN OF WEEKLY QUOTES (computed by us)",European Commission Agri-food Data Portal API,EUR/100kg,2023-03,521.62,https://ec.europa.eu/agrifood/api/oliveOil/prices?memberStateCodes=ES&beginDate=01/01/2020&endDate=28/09/2026,2026-09-28,computed: arithmetic mean of 4 weekly quotes whose week begins in this month; raw weekly values in eu_weekly.csv
olive_oil,"EC: Extra virgin olive oil (up to 0.8%), Jaén (ES616), Spain - MONTHLY MEAN OF WEEKLY QUOTES (computed by us)",European Commission Agri-food Data Portal API,EUR/100kg,2023-04,533.62,https://ec.europa.eu/agrifood/api/oliveOil/prices?memberStateCodes=ES&beginDate=01/01/2020&endDate=28/09/2026,2026-09-28,computed: arithmetic mean of 4 weekly quotes whose week begins in this month; raw weekly values in eu_weekly.csv
olive_oil,"EC: Extra virgin olive oil (up to 0.8%), Jaén (ES616), Spain - MONTHLY MEAN OF WEEKLY QUOTES (computed by us)",European Commission Agri-food Data Portal API,EUR/100kg,2023-05,592.30,https://ec.europa.eu/agrifood/api/oliveOil/prices?memberStateCodes=ES&beginDate=01/01/2020&endDate=28/09/2026,2026-09-28,computed: arithmetic mean of 5 weekly quotes whose week begins in this month; raw weekly values in eu_weekly.csv
olive_oil,"EC: Extra virgin olive oil (up to 0.8%), Jaén (ES616), Spain - MONTHLY MEAN OF WEEKLY QUOTES (computed by us)",European Commission Agri-food Data Portal API,EUR/100kg,2023-06,635.62,https://ec.europa.eu/agrifood/api/oliveOil/prices?memberStateCodes=ES&beginDate=01/01/2020&endDate=28/09/2026,2026-09-28,computed: arithmetic mean of 4 weekly quotes whose week begins in this month; raw weekly values in eu_weekly.csv
olive_oil,"EC: Extra virgin olive oil (up to 0.8%), Jaén (ES616), Spain - MONTHLY MEAN OF WEEKLY QUOTES (computed by us)",European Commission Agri-food Data Portal API,EUR/100kg,2023-07,719.60,https://ec.europa.eu/agrifood/api/oliveOil/prices?memberStateCodes=ES&beginDate=01/01/2020&endDate=28/09/2026,2026-09-28,computed: arithmetic mean of 5 weekly quotes whose week begins in this month; raw weekly values in eu_weekly.csv
olive_oil,"EC: Extra virgin olive oil (up to 0.8%), Jaén (ES616), Spain - MONTHLY MEAN OF WEEKLY QUOTES (computed by us)",European Commission Agri-food Data Portal API,EUR/100kg,2023-08,788.25,https://ec.europa.eu/agrifood/api/oliveOil/prices?memberStateCodes=ES&beginDate=01/01/2020&endDate=28/09/2026,2026-09-28,computed: arithmetic mean of 4 weekly quotes whose week begins in this month; raw weekly values in eu_weekly.csv
olive_oil,"EC: Extra virgin olive oil (up to 0.8%), Jaén (ES616), Spain - MONTHLY MEAN OF WEEKLY QUOTES (computed by us)",European Commission Agri-food Data Portal API,EUR/100kg,2023-09,839.40,https://ec.europa.eu/agrifood/api/oliveOil/prices?memberStateCodes=ES&beginDate=01/01/2020&endDate=28/09/2026,2026-09-28,computed: arithmetic mean of 5 weekly quotes whose week begins in this month; raw weekly values in eu_weekly.csv
olive_oil,"EC: Extra virgin olive oil (up to 0.8%), Jaén (ES616), Spain - MONTHLY MEAN OF WEEKLY QUOTES (computed by us)",European Commission Agri-food Data Portal API,EUR/100kg,2023-10,800.90,https://ec.europa.eu/agrifood/api/oliveOil/prices?memberStateCodes=ES&beginDate=01/01/2020&endDate=28/09/2026,2026-09-28,computed: arithmetic mean of 5 weekly quotes whose week begins in this month; raw weekly values in eu_weekly.csv
olive_oil,"EC: Extra virgin olive oil (up to 0.8%), Jaén (ES616), Spain - MONTHLY MEAN OF WEEKLY QUOTES (computed by us)",European Commission Agri-food Data Portal API,EUR/100kg,2023-11,759.38,https://ec.europa.eu/agrifood/api/oliveOil/prices?memberStateCodes=ES&beginDate=01/01/2020&endDate=28/09/2026,2026-09-28,computed: arithmetic mean of 4 weekly quotes whose week begins in this month; raw weekly values in eu_weekly.csv
olive_oil,"EC: Extra virgin olive oil (up to 0.8%), Jaén (ES616), Spain - MONTHLY MEAN OF WEEKLY QUOTES (computed by us)",European Commission Agri-food Data Portal API,EUR/100kg,2023-12,823.50,https://ec.europa.eu/agrifood/api/oliveOil/prices?memberStateCodes=ES&beginDate=01/01/2020&endDate=28/09/2026,2026-09-28,computed: arithmetic mean of 4 weekly quotes whose week begins in this month; raw weekly values in eu_weekly.csv
olive_oil,"EC: Extra virgin olive oil (up to 0.8%), Jaén (ES616), Spain - MONTHLY MEAN OF WEEKLY QUOTES (computed by us)",European Commission Agri-food Data Portal API,EUR/100kg,2024-01,892.30,https://ec.europa.eu/agrifood/api/oliveOil/prices?memberStateCodes=ES&beginDate=01/01/2020&endDate=28/09/2026,2026-09-28,computed: arithmetic mean of 5 weekly quotes whose week begins in this month; raw weekly values in eu_weekly.csv
olive_oil,"EC: Extra virgin olive oil (up to 0.8%), Jaén (ES616), Spain - MONTHLY MEAN OF WEEKLY QUOTES (computed by us)",European Commission Agri-food Data Portal API,EUR/100kg,2024-02,873.62,https://ec.europa.eu/agrifood/api/oliveOil/prices?memberStateCodes=ES&beginDate=01/01/2020&endDate=28/09/2026,2026-09-28,computed: arithmetic mean of 4 weekly quotes whose week begins in this month; raw weekly values in eu_weekly.csv
olive_oil,"EC: Extra virgin olive oil (up to 0.8%), Jaén (ES616), Spain - MONTHLY MEAN OF WEEKLY QUOTES (computed by us)",European Commission Agri-food Data Portal API,EUR/100kg,2024-03,841.12,https://ec.europa.eu/agrifood/api/oliveOil/prices?memberStateCodes=ES&beginDate=01/01/2020&endDate=28/09/2026,2026-09-28,computed: arithmetic mean of 4 weekly quotes whose week begins in this month; raw weekly values in eu_weekly.csv
olive_oil,"EC: Extra virgin olive oil (up to 0.8%), Jaén (ES616), Spain - MONTHLY MEAN OF WEEKLY QUOTES (computed by us)",European Commission Agri-food Data Portal API,EUR/100kg,2024-04,730.50,https://ec.europa.eu/agrifood/api/oliveOil/prices?memberStateCodes=ES&beginDate=01/01/2020&endDate=28/09/2026,2026-09-28,computed: arithmetic mean of 5 weekly quotes whose week begins in this month; raw weekly values in eu_weekly.csv
olive_oil,"EC: Extra virgin olive oil (up to 0.8%), Jaén (ES616), Spain - MONTHLY MEAN OF WEEKLY QUOTES (computed by us)",European Commission Agri-food Data Portal API,EUR/100kg,2024-05,778.62,https://ec.europa.eu/agrifood/api/oliveOil/prices?memberStateCodes=ES&beginDate=01/01/2020&endDate=28/09/2026,2026-09-28,computed: arithmetic mean of 4 weekly quotes whose week begins in this month; raw weekly values in eu_weekly.csv
olive_oil,"EC: Extra virgin olive oil (up to 0.8%), Jaén (ES616), Spain - MONTHLY MEAN OF WEEKLY QUOTES (computed by us)",European Commission Agri-food Data Portal API,EUR/100kg,2024-06,791.00,https://ec.europa.eu/agrifood/api/oliveOil/prices?memberStateCodes=ES&beginDate=01/01/2020&endDate=28/09/2026,2026-09-28,computed: arithmetic mean of 4 weekly quotes whose week begins in this month; raw weekly values in eu_weekly.csv
olive_oil,"EC: Extra virgin olive oil (up to 0.8%), Jaén (ES616), Spain - MONTHLY MEAN OF WEEKLY QUOTES (computed by us)",European Commission Agri-food Data Portal API,EUR/100kg,2024-07,705.70,https://ec.europa.eu/agrifood/api/oliveOil/prices?memberStateCodes=ES&beginDate=01/01/2020&endDate=28/09/2026,2026-09-28,computed: arithmetic mean of 5 weekly quotes whose week begins in this month; raw weekly values in eu_weekly.csv
olive_oil,"EC: Extra virgin olive oil (up to 0.8%), Jaén (ES616), Spain - MONTHLY MEAN OF WEEKLY QUOTES (computed by us)",European Commission Agri-food Data Portal API,EUR/100kg,2024-08,690.12,https://ec.europa.eu/agrifood/api/oliveOil/prices?memberStateCodes=ES&beginDate=01/01/2020&endDate=28/09/2026,2026-09-28,computed: arithmetic mean of 4 weekly quotes whose week begins in this month; raw weekly values in eu_weekly.csv
olive_oil,"EC: Extra virgin olive oil (up to 0.8%), Jaén (ES616), Spain - MONTHLY MEAN OF WEEKLY QUOTES (computed by us)",European Commission Agri-food Data Portal API,EUR/100kg,2024-09,725.08,https://ec.europa.eu/agrifood/api/oliveOil/prices?memberStateCodes=ES&beginDate=01/01/2020&endDate=28/09/2026,2026-09-28,computed: arithmetic mean of 6 weekly quotes whose week begins in this month; raw weekly values in eu_weekly.csv
olive_oil,"EC: Extra virgin olive oil (up to 0.8%), Jaén (ES616), Spain - MONTHLY MEAN OF WEEKLY QUOTES (computed by us)",European Commission Agri-food Data Portal API,EUR/100kg,2024-10,712.50,https://ec.europa.eu/agrifood/api/oliveOil/prices?memberStateCodes=ES&beginDate=01/01/2020&endDate=28/09/2026,2026-09-28,computed: arithmetic mean of 4 weekly quotes whose week begins in this month; raw weekly values in eu_weekly.csv
olive_oil,"EC: Extra virgin olive oil (up to 0.8%), Jaén (ES616), Spain - MONTHLY MEAN OF WEEKLY QUOTES (computed by us)",European Commission Agri-food Data Portal API,EUR/100kg,2024-11,586.88,https://ec.europa.eu/agrifood/api/oliveOil/prices?memberStateCodes=ES&beginDate=01/01/2020&endDate=28/09/2026,2026-09-28,computed: arithmetic mean of 4 weekly quotes whose week begins in this month; raw weekly values in eu_weekly.csv
olive_oil,"EC: Extra virgin olive oil (up to 0.8%), Jaén (ES616), Spain - MONTHLY MEAN OF WEEKLY QUOTES (computed by us)",European Commission Agri-food Data Portal API,EUR/100kg,2024-12,468.10,https://ec.europa.eu/agrifood/api/oliveOil/prices?memberStateCodes=ES&beginDate=01/01/2020&endDate=28/09/2026,2026-09-28,computed: arithmetic mean of 5 weekly quotes whose week begins in this month; raw weekly values in eu_weekly.csv
olive_oil,"EC: Extra virgin olive oil (up to 0.8%), Jaén (ES616), Spain - MONTHLY MEAN OF WEEKLY QUOTES (computed by us)",European Commission Agri-food Data Portal API,EUR/100kg,2025-01,429.88,https://ec.europa.eu/agrifood/api/oliveOil/prices?memberStateCodes=ES&beginDate=01/01/2020&endDate=28/09/2026,2026-09-28,computed: arithmetic mean of 4 weekly quotes whose week begins in this month; raw weekly values in eu_weekly.csv
olive_oil,"EC: Extra virgin olive oil (up to 0.8%), Jaén (ES616), Spain - MONTHLY MEAN OF WEEKLY QUOTES (computed by us)",European Commission Agri-food Data Portal API,EUR/100kg,2025-02,414.25,https://ec.europa.eu/agrifood/api/oliveOil/prices?memberStateCodes=ES&beginDate=01/01/2020&endDate=28/09/2026,2026-09-28,computed: arithmetic mean of 4 weekly quotes whose week begins in this month; raw weekly values in eu_weekly.csv
olive_oil,"EC: Extra virgin olive oil (up to 0.8%), Jaén (ES616), Spain - MONTHLY MEAN OF WEEKLY QUOTES (computed by us)",European Commission Agri-food Data Portal API,EUR/100kg,2025-03,388.20,https://ec.europa.eu/agrifood/api/oliveOil/prices?memberStateCodes=ES&beginDate=01/01/2020&endDate=28/09/2026,2026-09-28,computed: arithmetic mean of 5 weekly quotes whose week begins in this month; raw weekly values in eu_weekly.csv
olive_oil,"EC: Extra virgin olive oil (up to 0.8%), Jaén (ES616), Spain - MONTHLY MEAN OF WEEKLY QUOTES (computed by us)",European Commission Agri-food Data Portal API,EUR/100kg,2025-04,375.88,https://ec.europa.eu/agrifood/api/oliveOil/prices?memberStateCodes=ES&beginDate=01/01/2020&endDate=28/09/2026,2026-09-28,computed: arithmetic mean of 4 weekly quotes whose week begins in this month; raw weekly values in eu_weekly.csv
olive_oil,"EC: Extra virgin olive oil (up to 0.8%), Jaén (ES616), Spain - MONTHLY MEAN OF WEEKLY QUOTES (computed by us)",European Commission Agri-food Data Portal API,EUR/100kg,2025-05,344.12,https://ec.europa.eu/agrifood/api/oliveOil/prices?memberStateCodes=ES&beginDate=01/01/2020&endDate=28/09/2026,2026-09-28,computed: arithmetic mean of 4 weekly quotes whose week begins in this month; raw weekly values in eu_weekly.csv
olive_oil,"EC: Extra virgin olive oil (up to 0.8%), Jaén (ES616), Spain - MONTHLY MEAN OF WEEKLY QUOTES (computed by us)",European Commission Agri-food Data Portal API,EUR/100kg,2025-06,354.70,https://ec.europa.eu/agrifood/api/oliveOil/prices?memberStateCodes=ES&beginDate=01/01/2020&endDate=28/09/2026,2026-09-28,computed: arithmetic mean of 5 weekly quotes whose week begins in this month; raw weekly values in eu_weekly.csv
olive_oil,"EC: Extra virgin olive oil (up to 0.8%), Jaén (ES616), Spain - MONTHLY MEAN OF WEEKLY QUOTES (computed by us)",European Commission Agri-food Data Portal API,EUR/100kg,2025-07,362.75,https://ec.europa.eu/agrifood/api/oliveOil/prices?memberStateCodes=ES&beginDate=01/01/2020&endDate=28/09/2026,2026-09-28,computed: arithmetic mean of 4 weekly quotes whose week begins in this month; raw weekly values in eu_weekly.csv
olive_oil,"EC: Extra virgin olive oil (up to 0.8%), Jaén (ES616), Spain - MONTHLY MEAN OF WEEKLY QUOTES (computed by us)",European Commission Agri-food Data Portal API,EUR/100kg,2025-08,388.12,https://ec.europa.eu/agrifood/api/oliveOil/prices?memberStateCodes=ES&beginDate=01/01/2020&endDate=28/09/2026,2026-09-28,computed: arithmetic mean of 4 weekly quotes whose week begins in this month; raw weekly values in eu_weekly.csv
olive_oil,"EC: Extra virgin olive oil (up to 0.8%), Jaén (ES616), Spain - MONTHLY MEAN OF WEEKLY QUOTES (computed by us)",European Commission Agri-food Data Portal API,EUR/100kg,2025-09,420.83,https://ec.europa.eu/agrifood/api/oliveOil/prices?memberStateCodes=ES&beginDate=01/01/2020&endDate=28/09/2026,2026-09-28,computed: arithmetic mean of 6 weekly quotes whose week begins in this month; raw weekly values in eu_weekly.csv
olive_oil,"EC: Extra virgin olive oil (up to 0.8%), Jaén (ES616), Spain - MONTHLY MEAN OF WEEKLY QUOTES (computed by us)",European Commission Agri-food Data Portal API,EUR/100kg,2025-10,421.50,https://ec.europa.eu/agrifood/api/oliveOil/prices?memberStateCodes=ES&beginDate=01/01/2020&endDate=28/09/2026,2026-09-28,computed: arithmetic mean of 4 weekly quotes whose week begins in this month; raw weekly values in eu_weekly.csv
olive_oil,"EC: Extra virgin olive oil (up to 0.8%), Jaén (ES616), Spain - MONTHLY MEAN OF WEEKLY QUOTES (computed by us)",European Commission Agri-food Data Portal API,EUR/100kg,2025-11,436.12,https://ec.europa.eu/agrifood/api/oliveOil/prices?memberStateCodes=ES&beginDate=01/01/2020&endDate=28/09/2026,2026-09-28,computed: arithmetic mean of 4 weekly quotes whose week begins in this month; raw weekly values in eu_weekly.csv
olive_oil,"EC: Extra virgin olive oil (up to 0.8%), Jaén (ES616), Spain - MONTHLY MEAN OF WEEKLY QUOTES (computed by us)",European Commission Agri-food Data Portal API,EUR/100kg,2025-12,439.30,https://ec.europa.eu/agrifood/api/oliveOil/prices?memberStateCodes=ES&beginDate=01/01/2020&endDate=28/09/2026,2026-09-28,computed: arithmetic mean of 5 weekly quotes whose week begins in this month; raw weekly values in eu_weekly.csv
olive_oil,"EC: Extra virgin olive oil (up to 0.8%), Jaén (ES616), Spain - MONTHLY MEAN OF WEEKLY QUOTES (computed by us)",European Commission Agri-food Data Portal API,EUR/100kg,2026-01,422.12,https://ec.europa.eu/agrifood/api/oliveOil/prices?memberStateCodes=ES&beginDate=01/01/2020&endDate=28/09/2026,2026-09-28,computed: arithmetic mean of 4 weekly quotes whose week begins in this month; raw weekly values in eu_weekly.csv
olive_oil,"EC: Extra virgin olive oil (up to 0.8%), Jaén (ES616), Spain - MONTHLY MEAN OF WEEKLY QUOTES (computed by us)",European Commission Agri-food Data Portal API,EUR/100kg,2026-02,431.38,https://ec.europa.eu/agrifood/api/oliveOil/prices?memberStateCodes=ES&beginDate=01/01/2020&endDate=28/09/2026,2026-09-28,computed: arithmetic mean of 4 weekly quotes whose week begins in this month; raw weekly values in eu_weekly.csv
olive_oil,"EC: Extra virgin olive oil (up to 0.8%), Jaén (ES616), Spain - MONTHLY MEAN OF WEEKLY QUOTES (computed by us)",European Commission Agri-food Data Portal API,EUR/100kg,2026-03,434.40,https://ec.europa.eu/agrifood/api/oliveOil/prices?memberStateCodes=ES&beginDate=01/01/2020&endDate=28/09/2026,2026-09-28,computed: arithmetic mean of 5 weekly quotes whose week begins in this month; raw weekly values in eu_weekly.csv
olive_oil,"EC: Extra virgin olive oil (up to 0.8%), Jaén (ES616), Spain - MONTHLY MEAN OF WEEKLY QUOTES (computed by us)",European Commission Agri-food Data Portal API,EUR/100kg,2026-04,423.25,https://ec.europa.eu/agrifood/api/oliveOil/prices?memberStateCodes=ES&beginDate=01/01/2020&endDate=28/09/2026,2026-09-28,computed: arithmetic mean of 4 weekly quotes whose week begins in this month; raw weekly values in eu_weekly.csv
olive_oil,"EC: Extra virgin olive oil (up to 0.8%), Jaén (ES616), Spain - MONTHLY MEAN OF WEEKLY QUOTES (computed by us)",European Commission Agri-food Data Portal API,EUR/100kg,2026-05,407.75,https://ec.europa.eu/agrifood/api/oliveOil/prices?memberStateCodes=ES&beginDate=01/01/2020&endDate=28/09/2026,2026-09-28,computed: arithmetic mean of 4 weekly quotes whose week begins in this month; raw weekly values in eu_weekly.csv
olive_oil,"EC: Extra virgin olive oil (up to 0.8%), Jaén (ES616), Spain - MONTHLY MEAN OF WEEKLY QUOTES (computed by us)",European Commission Agri-food Data Portal API,EUR/100kg,2026-06,381.10,https://ec.europa.eu/agrifood/api/oliveOil/prices?memberStateCodes=ES&beginDate=01/01/2020&endDate=28/09/2026,2026-09-28,computed: arithmetic mean of 5 weekly quotes whose week begins in this month; raw weekly values in eu_weekly.csv
olive_oil,"EC: Extra virgin olive oil (up to 0.8%), Jaén (ES616), Spain - MONTHLY MEAN OF WEEKLY QUOTES (computed by us)",European Commission Agri-food Data Portal API,EUR/100kg,2026-07,357.50,https://ec.europa.eu/agrifood/api/oliveOil/prices?memberStateCodes=ES&beginDate=01/01/2020&endDate=28/09/2026,2026-09-28,computed: arithmetic mean of 4 weekly quotes whose week begins in this month; raw weekly values in eu_weekly.csv
olive_oil,"EC: Extra virgin olive oil (up to 0.8%), Jaén (ES616), Spain - MONTHLY MEAN OF WEEKLY QUOTES (computed by us)",European Commission Agri-food Data Portal API,EUR/100kg,2026-08,342.70,https://ec.europa.eu/agrifood/api/oliveOil/prices?memberStateCodes=ES&beginDate=01/01/2020&endDate=28/09/2026,2026-09-28,computed: arithmetic mean of 5 weekly quotes whose week begins in this month; raw weekly values in eu_weekly.csv
olive_oil,"EC: Extra virgin olive oil (up to 0.8%), Jaén (ES616), Spain - MONTHLY MEAN OF WEEKLY QUOTES (computed by us)",European Commission Agri-food Data Portal API,EUR/100kg,2026-09,341.50,https://ec.europa.eu/agrifood/api/oliveOil/prices?memberStateCodes=ES&beginDate=01/01/2020&endDate=28/09/2026,2026-09-28,PARTIAL MONTH (weeks up to 14/09/2026 only). computed: arithmetic mean of 2 weekly quotes whose week begins in this month; raw weekly values in eu_weekly.csv
olive_oil,"EC: Extra virgin olive oil (up to 0.8%), Spain average national price - MONTHLY MEAN OF WEEKLY QUOTES (computed by us)",European Commission Agri-food Data Portal API,EUR/100kg,2020-01,212.28,https://ec.europa.eu/agrifood/api/oliveOil/prices?memberStateCodes=ES&beginDate=01/01/2020&endDate=28/09/2026,2026-09-28,computed: arithmetic mean of 4 weekly quotes whose week begins in this month; raw weekly values in eu_weekly.csv
olive_oil,"EC: Extra virgin olive oil (up to 0.8%), Spain average national price - MONTHLY MEAN OF WEEKLY QUOTES (computed by us)",European Commission Agri-food Data Portal API,EUR/100kg,2020-02,210.99,https://ec.europa.eu/agrifood/api/oliveOil/prices?memberStateCodes=ES&beginDate=01/01/2020&endDate=28/09/2026,2026-09-28,computed: arithmetic mean of 4 weekly quotes whose week begins in this month; raw weekly values in eu_weekly.csv
olive_oil,"EC: Extra virgin olive oil (up to 0.8%), Spain average national price - MONTHLY MEAN OF WEEKLY QUOTES (computed by us)",European Commission Agri-food Data Portal API,EUR/100kg,2020-03,214.59,https://ec.europa.eu/agrifood/api/oliveOil/prices?memberStateCodes=ES&beginDate=01/01/2020&endDate=28/09/2026,2026-09-28,computed: arithmetic mean of 5 weekly quotes whose week begins in this month; raw weekly values in eu_weekly.csv
olive_oil,"EC: Extra virgin olive oil (up to 0.8%), Spain average national price - MONTHLY MEAN OF WEEKLY QUOTES (computed by us)",European Commission Agri-food Data Portal API,EUR/100kg,2020-04,208.29,https://ec.europa.eu/agrifood/api/oliveOil/prices?memberStateCodes=ES&beginDate=01/01/2020&endDate=28/09/2026,2026-09-28,computed: arithmetic mean of 4 weekly quotes whose week begins in this month; raw weekly values in eu_weekly.csv
olive_oil,"EC: Extra virgin olive oil (up to 0.8%), Spain average national price - MONTHLY MEAN OF WEEKLY QUOTES (computed by us)",European Commission Agri-food Data Portal API,EUR/100kg,2020-05,205.87,https://ec.europa.eu/agrifood/api/oliveOil/prices?memberStateCodes=ES&beginDate=01/01/2020&endDate=28/09/2026,2026-09-28,computed: arithmetic mean of 4 weekly quotes whose week begins in this month; raw weekly values in eu_weekly.csv
olive_oil,"EC: Extra virgin olive oil (up to 0.8%), Spain average national price - MONTHLY MEAN OF WEEKLY QUOTES (computed by us)",European Commission Agri-food Data Portal API,EUR/100kg,2020-06,202.07,https://ec.europa.eu/agrifood/api/oliveOil/prices?memberStateCodes=ES&beginDate=01/01/2020&endDate=28/09/2026,2026-09-28,computed: arithmetic mean of 5 weekly quotes whose week begins in this month; raw weekly values in eu_weekly.csv
olive_oil,"EC: Extra virgin olive oil (up to 0.8%), Spain average national price - MONTHLY MEAN OF WEEKLY QUOTES (computed by us)",European Commission Agri-food Data Portal API,EUR/100kg,2020-07,197.37,https://ec.europa.eu/agrifood/api/oliveOil/prices?memberStateCodes=ES&beginDate=01/01/2020&endDate=28/09/2026,2026-09-28,computed: arithmetic mean of 4 weekly quotes whose week begins in this month; raw weekly values in eu_weekly.csv
olive_oil,"EC: Extra virgin olive oil (up to 0.8%), Spain average national price - MONTHLY MEAN OF WEEKLY QUOTES (computed by us)",European Commission Agri-food Data Portal API,EUR/100kg,2020-08,204.54,https://ec.europa.eu/agrifood/api/oliveOil/prices?memberStateCodes=ES&beginDate=01/01/2020&endDate=28/09/2026,2026-09-28,computed: arithmetic mean of 5 weekly quotes whose week begins in this month; raw weekly values in eu_weekly.csv
olive_oil,"EC: Extra virgin olive oil (up to 0.8%), Spain average national price - MONTHLY MEAN OF WEEKLY QUOTES (computed by us)",European Commission Agri-food Data Portal API,EUR/100kg,2020-09,213.69,https://ec.europa.eu/agrifood/api/oliveOil/prices?memberStateCodes=ES&beginDate=01/01/2020&endDate=28/09/2026,2026-09-28,computed: arithmetic mean of 5 weekly quotes whose week begins in this month; raw weekly values in eu_weekly.csv
olive_oil,"EC: Extra virgin olive oil (up to 0.8%), Spain average national price - MONTHLY MEAN OF WEEKLY QUOTES (computed by us)",European Commission Agri-food Data Portal API,EUR/100kg,2020-10,224.39,https://ec.europa.eu/agrifood/api/oliveOil/prices?memberStateCodes=ES&beginDate=01/01/2020&endDate=28/09/2026,2026-09-28,computed: arithmetic mean of 4 weekly quotes whose week begins in this month; raw weekly values in eu_weekly.csv
olive_oil,"EC: Extra virgin olive oil (up to 0.8%), Spain average national price - MONTHLY MEAN OF WEEKLY QUOTES (computed by us)",European Commission Agri-food Data Portal API,EUR/100kg,2020-11,240.48,https://ec.europa.eu/agrifood/api/oliveOil/prices?memberStateCodes=ES&beginDate=01/01/2020&endDate=28/09/2026,2026-09-28,computed: arithmetic mean of 5 weekly quotes whose week begins in this month; raw weekly values in eu_weekly.csv
olive_oil,"EC: Extra virgin olive oil (up to 0.8%), Spain average national price - MONTHLY MEAN OF WEEKLY QUOTES (computed by us)",European Commission Agri-food Data Portal API,EUR/100kg,2020-12,251.62,https://ec.europa.eu/agrifood/api/oliveOil/prices?memberStateCodes=ES&beginDate=01/01/2020&endDate=28/09/2026,2026-09-28,computed: arithmetic mean of 4 weekly quotes whose week begins in this month; raw weekly values in eu_weekly.csv
olive_oil,"EC: Extra virgin olive oil (up to 0.8%), Spain average national price - MONTHLY MEAN OF WEEKLY QUOTES (computed by us)",European Commission Agri-food Data Portal API,EUR/100kg,2021-01,253.30,https://ec.europa.eu/agrifood/api/oliveOil/prices?memberStateCodes=ES&beginDate=01/01/2020&endDate=28/09/2026,2026-09-28,computed: arithmetic mean of 4 weekly quotes whose week begins in this month; raw weekly values in eu_weekly.csv
olive_oil,"EC: Extra virgin olive oil (up to 0.8%), Spain average national price - MONTHLY MEAN OF WEEKLY QUOTES (computed by us)",European Commission Agri-food Data Portal API,EUR/100kg,2021-02,266.01,https://ec.europa.eu/agrifood/api/oliveOil/prices?memberStateCodes=ES&beginDate=01/01/2020&endDate=28/09/2026,2026-09-28,computed: arithmetic mean of 4 weekly quotes whose week begins in this month; raw weekly values in eu_weekly.csv
olive_oil,"EC: Extra virgin olive oil (up to 0.8%), Spain average national price - MONTHLY MEAN OF WEEKLY QUOTES (computed by us)",European Commission Agri-food Data Portal API,EUR/100kg,2021-03,274.92,https://ec.europa.eu/agrifood/api/oliveOil/prices?memberStateCodes=ES&beginDate=01/01/2020&endDate=28/09/2026,2026-09-28,computed: arithmetic mean of 5 weekly quotes whose week begins in this month; raw weekly values in eu_weekly.csv
olive_oil,"EC: Extra virgin olive oil (up to 0.8%), Spain average national price - MONTHLY MEAN OF WEEKLY QUOTES (computed by us)",European Commission Agri-food Data Portal API,EUR/100kg,2021-04,303.26,https://ec.europa.eu/agrifood/api/oliveOil/prices?memberStateCodes=ES&beginDate=01/01/2020&endDate=28/09/2026,2026-09-28,computed: arithmetic mean of 4 weekly quotes whose week begins in this month; raw weekly values in eu_weekly.csv
olive_oil,"EC: Extra virgin olive oil (up to 0.8%), Spain average national price - MONTHLY MEAN OF WEEKLY QUOTES (computed by us)",European Commission Agri-food Data Portal API,EUR/100kg,2021-05,335.32,https://ec.europa.eu/agrifood/api/oliveOil/prices?memberStateCodes=ES&beginDate=01/01/2020&endDate=28/09/2026,2026-09-28,computed: arithmetic mean of 5 weekly quotes whose week begins in this month; raw weekly values in eu_weekly.csv
olive_oil,"EC: Extra virgin olive oil (up to 0.8%), Spain average national price - MONTHLY MEAN OF WEEKLY QUOTES (computed by us)",European Commission Agri-food Data Portal API,EUR/100kg,2021-06,332.69,https://ec.europa.eu/agrifood/api/oliveOil/prices?memberStateCodes=ES&beginDate=01/01/2020&endDate=28/09/2026,2026-09-28,computed: arithmetic mean of 4 weekly quotes whose week begins in this month; raw weekly values in eu_weekly.csv
olive_oil,"EC: Extra virgin olive oil (up to 0.8%), Spain average national price - MONTHLY MEAN OF WEEKLY QUOTES (computed by us)",European Commission Agri-food Data Portal API,EUR/100kg,2021-07,328.92,https://ec.europa.eu/agrifood/api/oliveOil/prices?memberStateCodes=ES&beginDate=01/01/2020&endDate=28/09/2026,2026-09-28,computed: arithmetic mean of 4 weekly quotes whose week begins in this month; raw weekly values in eu_weekly.csv
olive_oil,"EC: Extra virgin olive oil (up to 0.8%), Spain average national price - MONTHLY MEAN OF WEEKLY QUOTES (computed by us)",European Commission Agri-food Data Portal API,EUR/100kg,2021-08,323.52,https://ec.europa.eu/agrifood/api/oliveOil/prices?memberStateCodes=ES&beginDate=01/01/2020&endDate=28/09/2026,2026-09-28,computed: arithmetic mean of 5 weekly quotes whose week begins in this month; raw weekly values in eu_weekly.csv
olive_oil,"EC: Extra virgin olive oil (up to 0.8%), Spain average national price - MONTHLY MEAN OF WEEKLY QUOTES (computed by us)",European Commission Agri-food Data Portal API,EUR/100kg,2021-09,325.41,https://ec.europa.eu/agrifood/api/oliveOil/prices?memberStateCodes=ES&beginDate=01/01/2020&endDate=28/09/2026,2026-09-28,computed: arithmetic mean of 5 weekly quotes whose week begins in this month; raw weekly values in eu_weekly.csv
olive_oil,"EC: Extra virgin olive oil (up to 0.8%), Spain average national price - MONTHLY MEAN OF WEEKLY QUOTES (computed by us)",European Commission Agri-food Data Portal API,EUR/100kg,2021-10,320.77,https://ec.europa.eu/agrifood/api/oliveOil/prices?memberStateCodes=ES&beginDate=01/01/2020&endDate=28/09/2026,2026-09-28,computed: arithmetic mean of 4 weekly quotes whose week begins in this month; raw weekly values in eu_weekly.csv
olive_oil,"EC: Extra virgin olive oil (up to 0.8%), Spain average national price - MONTHLY MEAN OF WEEKLY QUOTES (computed by us)",European Commission Agri-food Data Portal API,EUR/100kg,2021-11,316.90,https://ec.europa.eu/agrifood/api/oliveOil/prices?memberStateCodes=ES&beginDate=01/01/2020&endDate=28/09/2026,2026-09-28,computed: arithmetic mean of 4 weekly quotes whose week begins in this month; raw weekly values in eu_weekly.csv
olive_oil,"EC: Extra virgin olive oil (up to 0.8%), Spain average national price - MONTHLY MEAN OF WEEKLY QUOTES (computed by us)",European Commission Agri-food Data Portal API,EUR/100kg,2021-12,327.35,https://ec.europa.eu/agrifood/api/oliveOil/prices?memberStateCodes=ES&beginDate=01/01/2020&endDate=28/09/2026,2026-09-28,computed: arithmetic mean of 4 weekly quotes whose week begins in this month; raw weekly values in eu_weekly.csv
olive_oil,"EC: Extra virgin olive oil (up to 0.8%), Spain average national price - MONTHLY MEAN OF WEEKLY QUOTES (computed by us)",European Commission Agri-food Data Portal API,EUR/100kg,2022-01,331.57,https://ec.europa.eu/agrifood/api/oliveOil/prices?memberStateCodes=ES&beginDate=01/01/2020&endDate=28/09/2026,2026-09-28,computed: arithmetic mean of 4 weekly quotes whose week begins in this month; raw weekly values in eu_weekly.csv
olive_oil,"EC: Extra virgin olive oil (up to 0.8%), Spain average national price - MONTHLY MEAN OF WEEKLY QUOTES (computed by us)",European Commission Agri-food Data Portal API,EUR/100kg,2022-02,326.82,https://ec.europa.eu/agrifood/api/oliveOil/prices?memberStateCodes=ES&beginDate=01/01/2020&endDate=28/09/2026,2026-09-28,computed: arithmetic mean of 4 weekly quotes whose week begins in this month; raw weekly values in eu_weekly.csv
olive_oil,"EC: Extra virgin olive oil (up to 0.8%), Spain average national price - MONTHLY MEAN OF WEEKLY QUOTES (computed by us)",European Commission Agri-food Data Portal API,EUR/100kg,2022-03,354.91,https://ec.europa.eu/agrifood/api/oliveOil/prices?memberStateCodes=ES&beginDate=01/01/2020&endDate=28/09/2026,2026-09-28,computed: arithmetic mean of 4 weekly quotes whose week begins in this month; raw weekly values in eu_weekly.csv
olive_oil,"EC: Extra virgin olive oil (up to 0.8%), Spain average national price - MONTHLY MEAN OF WEEKLY QUOTES (computed by us)",European Commission Agri-food Data Portal API,EUR/100kg,2022-04,342.22,https://ec.europa.eu/agrifood/api/oliveOil/prices?memberStateCodes=ES&beginDate=01/01/2020&endDate=28/09/2026,2026-09-28,computed: arithmetic mean of 4 weekly quotes whose week begins in this month; raw weekly values in eu_weekly.csv
olive_oil,"EC: Extra virgin olive oil (up to 0.8%), Spain average national price - MONTHLY MEAN OF WEEKLY QUOTES (computed by us)",European Commission Agri-food Data Portal API,EUR/100kg,2022-05,339.89,https://ec.europa.eu/agrifood/api/oliveOil/prices?memberStateCodes=ES&beginDate=01/01/2020&endDate=28/09/2026,2026-09-28,computed: arithmetic mean of 5 weekly quotes whose week begins in this month; raw weekly values in eu_weekly.csv
olive_oil,"EC: Extra virgin olive oil (up to 0.8%), Spain average national price - MONTHLY MEAN OF WEEKLY QUOTES (computed by us)",European Commission Agri-food Data Portal API,EUR/100kg,2022-06,337.51,https://ec.europa.eu/agrifood/api/oliveOil/prices?memberStateCodes=ES&beginDate=01/01/2020&endDate=28/09/2026,2026-09-28,computed: arithmetic mean of 4 weekly quotes whose week begins in this month; raw weekly values in eu_weekly.csv
olive_oil,"EC: Extra virgin olive oil (up to 0.8%), Spain average national price - MONTHLY MEAN OF WEEKLY QUOTES (computed by us)",European Commission Agri-food Data Portal API,EUR/100kg,2022-07,358.05,https://ec.europa.eu/agrifood/api/oliveOil/prices?memberStateCodes=ES&beginDate=01/01/2020&endDate=28/09/2026,2026-09-28,computed: arithmetic mean of 4 weekly quotes whose week begins in this month; raw weekly values in eu_weekly.csv
olive_oil,"EC: Extra virgin olive oil (up to 0.8%), Spain average national price - MONTHLY MEAN OF WEEKLY QUOTES (computed by us)",European Commission Agri-food Data Portal API,EUR/100kg,2022-08,375.69,https://ec.europa.eu/agrifood/api/oliveOil/prices?memberStateCodes=ES&beginDate=01/01/2020&endDate=28/09/2026,2026-09-28,computed: arithmetic mean of 5 weekly quotes whose week begins in this month; raw weekly values in eu_weekly.csv
olive_oil,"EC: Extra virgin olive oil (up to 0.8%), Spain average national price - MONTHLY MEAN OF WEEKLY QUOTES (computed by us)",European Commission Agri-food Data Portal API,EUR/100kg,2022-09,395.45,https://ec.europa.eu/agrifood/api/oliveOil/prices?memberStateCodes=ES&beginDate=01/01/2020&endDate=28/09/2026,2026-09-28,computed: arithmetic mean of 5 weekly quotes whose week begins in this month; raw weekly values in eu_weekly.csv
olive_oil,"EC: Extra virgin olive oil (up to 0.8%), Spain average national price - MONTHLY MEAN OF WEEKLY QUOTES (computed by us)",European Commission Agri-food Data Portal API,EUR/100kg,2022-10,451.78,https://ec.europa.eu/agrifood/api/oliveOil/prices?memberStateCodes=ES&beginDate=01/01/2020&endDate=28/09/2026,2026-09-28,computed: arithmetic mean of 5 weekly quotes whose week begins in this month; raw weekly values in eu_weekly.csv
olive_oil,"EC: Extra virgin olive oil (up to 0.8%), Spain average national price - MONTHLY MEAN OF WEEKLY QUOTES (computed by us)",European Commission Agri-food Data Portal API,EUR/100kg,2022-11,483.29,https://ec.europa.eu/agrifood/api/oliveOil/prices?memberStateCodes=ES&beginDate=01/01/2020&endDate=28/09/2026,2026-09-28,computed: arithmetic mean of 4 weekly quotes whose week begins in this month; raw weekly values in eu_weekly.csv
olive_oil,"EC: Extra virgin olive oil (up to 0.8%), Spain average national price - MONTHLY MEAN OF WEEKLY QUOTES (computed by us)",European Commission Agri-food Data Portal API,EUR/100kg,2022-12,529.41,https://ec.europa.eu/agrifood/api/oliveOil/prices?memberStateCodes=ES&beginDate=01/01/2020&endDate=28/09/2026,2026-09-28,computed: arithmetic mean of 4 weekly quotes whose week begins in this month; raw weekly values in eu_weekly.csv
olive_oil,"EC: Extra virgin olive oil (up to 0.8%), Spain average national price - MONTHLY MEAN OF WEEKLY QUOTES (computed by us)",European Commission Agri-food Data Portal API,EUR/100kg,2023-01,530.40,https://ec.europa.eu/agrifood/api/oliveOil/prices?memberStateCodes=ES&beginDate=01/01/2020&endDate=28/09/2026,2026-09-28,computed: arithmetic mean of 5 weekly quotes whose week begins in this month; raw weekly values in eu_weekly.csv
olive_oil,"EC: Extra virgin olive oil (up to 0.8%), Spain average national price - MONTHLY MEAN OF WEEKLY QUOTES (computed by us)",European Commission Agri-food Data Portal API,EUR/100kg,2023-02,524.73,https://ec.europa.eu/agrifood/api/oliveOil/prices?memberStateCodes=ES&beginDate=01/01/2020&endDate=28/09/2026,2026-09-28,computed: arithmetic mean of 4 weekly quotes whose week begins in this month; raw weekly values in eu_weekly.csv
olive_oil,"EC: Extra virgin olive oil (up to 0.8%), Spain average national price - MONTHLY MEAN OF WEEKLY QUOTES (computed by us)",European Commission Agri-food Data Portal API,EUR/100kg,2023-03,524.10,https://ec.europa.eu/agrifood/api/oliveOil/prices?memberStateCodes=ES&beginDate=01/01/2020&endDate=28/09/2026,2026-09-28,computed: arithmetic mean of 4 weekly quotes whose week begins in this month; raw weekly values in eu_weekly.csv
olive_oil,"EC: Extra virgin olive oil (up to 0.8%), Spain average national price - MONTHLY MEAN OF WEEKLY QUOTES (computed by us)",European Commission Agri-food Data Portal API,EUR/100kg,2023-04,530.82,https://ec.europa.eu/agrifood/api/oliveOil/prices?memberStateCodes=ES&beginDate=01/01/2020&endDate=28/09/2026,2026-09-28,computed: arithmetic mean of 4 weekly quotes whose week begins in this month; raw weekly values in eu_weekly.csv
olive_oil,"EC: Extra virgin olive oil (up to 0.8%), Spain average national price - MONTHLY MEAN OF WEEKLY QUOTES (computed by us)",European Commission Agri-food Data Portal API,EUR/100kg,2023-05,585.72,https://ec.europa.eu/agrifood/api/oliveOil/prices?memberStateCodes=ES&beginDate=01/01/2020&endDate=28/09/2026,2026-09-28,computed: arithmetic mean of 5 weekly quotes whose week begins in this month; raw weekly values in eu_weekly.csv
olive_oil,"EC: Extra virgin olive oil (up to 0.8%), Spain average national price - MONTHLY MEAN OF WEEKLY QUOTES (computed by us)",European Commission Agri-food Data Portal API,EUR/100kg,2023-06,630.78,https://ec.europa.eu/agrifood/api/oliveOil/prices?memberStateCodes=ES&beginDate=01/01/2020&endDate=28/09/2026,2026-09-28,computed: arithmetic mean of 4 weekly quotes whose week begins in this month; raw weekly values in eu_weekly.csv
olive_oil,"EC: Extra virgin olive oil (up to 0.8%), Spain average national price - MONTHLY MEAN OF WEEKLY QUOTES (computed by us)",European Commission Agri-food Data Portal API,EUR/100kg,2023-07,722.86,https://ec.europa.eu/agrifood/api/oliveOil/prices?memberStateCodes=ES&beginDate=01/01/2020&endDate=28/09/2026,2026-09-28,computed: arithmetic mean of 5 weekly quotes whose week begins in this month; raw weekly values in eu_weekly.csv
olive_oil,"EC: Extra virgin olive oil (up to 0.8%), Spain average national price - MONTHLY MEAN OF WEEKLY QUOTES (computed by us)",European Commission Agri-food Data Portal API,EUR/100kg,2023-08,784.79,https://ec.europa.eu/agrifood/api/oliveOil/prices?memberStateCodes=ES&beginDate=01/01/2020&endDate=28/09/2026,2026-09-28,computed: arithmetic mean of 4 weekly quotes whose week begins in this month; raw weekly values in eu_weekly.csv
olive_oil,"EC: Extra virgin olive oil (up to 0.8%), Spain average national price - MONTHLY MEAN OF WEEKLY QUOTES (computed by us)",European Commission Agri-food Data Portal API,EUR/100kg,2023-09,836.92,https://ec.europa.eu/agrifood/api/oliveOil/prices?memberStateCodes=ES&beginDate=01/01/2020&endDate=28/09/2026,2026-09-28,computed: arithmetic mean of 5 weekly quotes whose week begins in this month; raw weekly values in eu_weekly.csv
olive_oil,"EC: Extra virgin olive oil (up to 0.8%), Spain average national price - MONTHLY MEAN OF WEEKLY QUOTES (computed by us)",European Commission Agri-food Data Portal API,EUR/100kg,2023-10,812.74,https://ec.europa.eu/agrifood/api/oliveOil/prices?memberStateCodes=ES&beginDate=01/01/2020&endDate=28/09/2026,2026-09-28,computed: arithmetic mean of 5 weekly quotes whose week begins in this month; raw weekly values in eu_weekly.csv
olive_oil,"EC: Extra virgin olive oil (up to 0.8%), Spain average national price - MONTHLY MEAN OF WEEKLY QUOTES (computed by us)",European Commission Agri-food Data Portal API,EUR/100kg,2023-11,779.10,https://ec.europa.eu/agrifood/api/oliveOil/prices?memberStateCodes=ES&beginDate=01/01/2020&endDate=28/09/2026,2026-09-28,computed: arithmetic mean of 4 weekly quotes whose week begins in this month; raw weekly values in eu_weekly.csv
olive_oil,"EC: Extra virgin olive oil (up to 0.8%), Spain average national price - MONTHLY MEAN OF WEEKLY QUOTES (computed by us)",European Commission Agri-food Data Portal API,EUR/100kg,2023-12,826.83,https://ec.europa.eu/agrifood/api/oliveOil/prices?memberStateCodes=ES&beginDate=01/01/2020&endDate=28/09/2026,2026-09-28,computed: arithmetic mean of 4 weekly quotes whose week begins in this month; raw weekly values in eu_weekly.csv
olive_oil,"EC: Extra virgin olive oil (up to 0.8%), Spain average national price - MONTHLY MEAN OF WEEKLY QUOTES (computed by us)",European Commission Agri-food Data Portal API,EUR/100kg,2024-01,896.88,https://ec.europa.eu/agrifood/api/oliveOil/prices?memberStateCodes=ES&beginDate=01/01/2020&endDate=28/09/2026,2026-09-28,computed: arithmetic mean of 5 weekly quotes whose week begins in this month; raw weekly values in eu_weekly.csv
olive_oil,"EC: Extra virgin olive oil (up to 0.8%), Spain average national price - MONTHLY MEAN OF WEEKLY QUOTES (computed by us)",European Commission Agri-food Data Portal API,EUR/100kg,2024-02,885.37,https://ec.europa.eu/agrifood/api/oliveOil/prices?memberStateCodes=ES&beginDate=01/01/2020&endDate=28/09/2026,2026-09-28,computed: arithmetic mean of 4 weekly quotes whose week begins in this month; raw weekly values in eu_weekly.csv
olive_oil,"EC: Extra virgin olive oil (up to 0.8%), Spain average national price - MONTHLY MEAN OF WEEKLY QUOTES (computed by us)",European Commission Agri-food Data Portal API,EUR/100kg,2024-03,852.79,https://ec.europa.eu/agrifood/api/oliveOil/prices?memberStateCodes=ES&beginDate=01/01/2020&endDate=28/09/2026,2026-09-28,computed: arithmetic mean of 4 weekly quotes whose week begins in this month; raw weekly values in eu_weekly.csv
olive_oil,"EC: Extra virgin olive oil (up to 0.8%), Spain average national price - MONTHLY MEAN OF WEEKLY QUOTES (computed by us)",European Commission Agri-food Data Portal API,EUR/100kg,2024-04,766.91,https://ec.europa.eu/agrifood/api/oliveOil/prices?memberStateCodes=ES&beginDate=01/01/2020&endDate=28/09/2026,2026-09-28,computed: arithmetic mean of 5 weekly quotes whose week begins in this month; raw weekly values in eu_weekly.csv
olive_oil,"EC: Extra virgin olive oil (up to 0.8%), Spain average national price - MONTHLY MEAN OF WEEKLY QUOTES (computed by us)",European Commission Agri-food Data Portal API,EUR/100kg,2024-05,794.64,https://ec.europa.eu/agrifood/api/oliveOil/prices?memberStateCodes=ES&beginDate=01/01/2020&endDate=28/09/2026,2026-09-28,computed: arithmetic mean of 4 weekly quotes whose week begins in this month; raw weekly values in eu_weekly.csv
olive_oil,"EC: Extra virgin olive oil (up to 0.8%), Spain average national price - MONTHLY MEAN OF WEEKLY QUOTES (computed by us)",European Commission Agri-food Data Portal API,EUR/100kg,2024-06,802.32,https://ec.europa.eu/agrifood/api/oliveOil/prices?memberStateCodes=ES&beginDate=01/01/2020&endDate=28/09/2026,2026-09-28,computed: arithmetic mean of 4 weekly quotes whose week begins in this month; raw weekly values in eu_weekly.csv
olive_oil,"EC: Extra virgin olive oil (up to 0.8%), Spain average national price - MONTHLY MEAN OF WEEKLY QUOTES (computed by us)",European Commission Agri-food Data Portal API,EUR/100kg,2024-07,731.77,https://ec.europa.eu/agrifood/api/oliveOil/prices?memberStateCodes=ES&beginDate=01/01/2020&endDate=28/09/2026,2026-09-28,computed: arithmetic mean of 5 weekly quotes whose week begins in this month; raw weekly values in eu_weekly.csv
olive_oil,"EC: Extra virgin olive oil (up to 0.8%), Spain average national price - MONTHLY MEAN OF WEEKLY QUOTES (computed by us)",European Commission Agri-food Data Portal API,EUR/100kg,2024-08,699.72,https://ec.europa.eu/agrifood/api/oliveOil/prices?memberStateCodes=ES&beginDate=01/01/2020&endDate=28/09/2026,2026-09-28,computed: arithmetic mean of 4 weekly quotes whose week begins in this month; raw weekly values in eu_weekly.csv
olive_oil,"EC: Extra virgin olive oil (up to 0.8%), Spain average national price - MONTHLY MEAN OF WEEKLY QUOTES (computed by us)",European Commission Agri-food Data Portal API,EUR/100kg,2024-09,738.96,https://ec.europa.eu/agrifood/api/oliveOil/prices?memberStateCodes=ES&beginDate=01/01/2020&endDate=28/09/2026,2026-09-28,computed: arithmetic mean of 6 weekly quotes whose week begins in this month; raw weekly values in eu_weekly.csv
olive_oil,"EC: Extra virgin olive oil (up to 0.8%), Spain average national price - MONTHLY MEAN OF WEEKLY QUOTES (computed by us)",European Commission Agri-food Data Portal API,EUR/100kg,2024-10,723.88,https://ec.europa.eu/agrifood/api/oliveOil/prices?memberStateCodes=ES&beginDate=01/01/2020&endDate=28/09/2026,2026-09-28,computed: arithmetic mean of 4 weekly quotes whose week begins in this month; raw weekly values in eu_weekly.csv
olive_oil,"EC: Extra virgin olive oil (up to 0.8%), Spain average national price - MONTHLY MEAN OF WEEKLY QUOTES (computed by us)",European Commission Agri-food Data Portal API,EUR/100kg,2024-11,597.21,https://ec.europa.eu/agrifood/api/oliveOil/prices?memberStateCodes=ES&beginDate=01/01/2020&endDate=28/09/2026,2026-09-28,computed: arithmetic mean of 4 weekly quotes whose week begins in this month; raw weekly values in eu_weekly.csv
olive_oil,"EC: Extra virgin olive oil (up to 0.8%), Spain average national price - MONTHLY MEAN OF WEEKLY QUOTES (computed by us)",European Commission Agri-food Data Portal API,EUR/100kg,2024-12,477.29,https://ec.europa.eu/agrifood/api/oliveOil/prices?memberStateCodes=ES&beginDate=01/01/2020&endDate=28/09/2026,2026-09-28,computed: arithmetic mean of 5 weekly quotes whose week begins in this month; raw weekly values in eu_weekly.csv
olive_oil,"EC: Extra virgin olive oil (up to 0.8%), Spain average national price - MONTHLY MEAN OF WEEKLY QUOTES (computed by us)",European Commission Agri-food Data Portal API,EUR/100kg,2025-01,436.20,https://ec.europa.eu/agrifood/api/oliveOil/prices?memberStateCodes=ES&beginDate=01/01/2020&endDate=28/09/2026,2026-09-28,computed: arithmetic mean of 4 weekly quotes whose week begins in this month; raw weekly values in eu_weekly.csv
olive_oil,"EC: Extra virgin olive oil (up to 0.8%), Spain average national price - MONTHLY MEAN OF WEEKLY QUOTES (computed by us)",European Commission Agri-food Data Portal API,EUR/100kg,2025-02,420.31,https://ec.europa.eu/agrifood/api/oliveOil/prices?memberStateCodes=ES&beginDate=01/01/2020&endDate=28/09/2026,2026-09-28,computed: arithmetic mean of 4 weekly quotes whose week begins in this month; raw weekly values in eu_weekly.csv
olive_oil,"EC: Extra virgin olive oil (up to 0.8%), Spain average national price - MONTHLY MEAN OF WEEKLY QUOTES (computed by us)",European Commission Agri-food Data Portal API,EUR/100kg,2025-03,398.44,https://ec.europa.eu/agrifood/api/oliveOil/prices?memberStateCodes=ES&beginDate=01/01/2020&endDate=28/09/2026,2026-09-28,computed: arithmetic mean of 5 weekly quotes whose week begins in this month; raw weekly values in eu_weekly.csv
olive_oil,"EC: Extra virgin olive oil (up to 0.8%), Spain average national price - MONTHLY MEAN OF WEEKLY QUOTES (computed by us)",European Commission Agri-food Data Portal API,EUR/100kg,2025-04,388.75,https://ec.europa.eu/agrifood/api/oliveOil/prices?memberStateCodes=ES&beginDate=01/01/2020&endDate=28/09/2026,2026-09-28,computed: arithmetic mean of 4 weekly quotes whose week begins in this month; raw weekly values in eu_weekly.csv
olive_oil,"EC: Extra virgin olive oil (up to 0.8%), Spain average national price - MONTHLY MEAN OF WEEKLY QUOTES (computed by us)",European Commission Agri-food Data Portal API,EUR/100kg,2025-05,360.45,https://ec.europa.eu/agrifood/api/oliveOil/prices?memberStateCodes=ES&beginDate=01/01/2020&endDate=28/09/2026,2026-09-28,computed: arithmetic mean of 4 weekly quotes whose week begins in this month; raw weekly values in eu_weekly.csv
olive_oil,"EC: Extra virgin olive oil (up to 0.8%), Spain average national price - MONTHLY MEAN OF WEEKLY QUOTES (computed by us)",European Commission Agri-food Data Portal API,EUR/100kg,2025-06,361.05,https://ec.europa.eu/agrifood/api/oliveOil/prices?memberStateCodes=ES&beginDate=01/01/2020&endDate=28/09/2026,2026-09-28,computed: arithmetic mean of 5 weekly quotes whose week begins in this month; raw weekly values in eu_weekly.csv
olive_oil,"EC: Extra virgin olive oil (up to 0.8%), Spain average national price - MONTHLY MEAN OF WEEKLY QUOTES (computed by us)",European Commission Agri-food Data Portal API,EUR/100kg,2025-07,370.65,https://ec.europa.eu/agrifood/api/oliveOil/prices?memberStateCodes=ES&beginDate=01/01/2020&endDate=28/09/2026,2026-09-28,computed: arithmetic mean of 4 weekly quotes whose week begins in this month; raw weekly values in eu_weekly.csv
olive_oil,"EC: Extra virgin olive oil (up to 0.8%), Spain average national price - MONTHLY MEAN OF WEEKLY QUOTES (computed by us)",European Commission Agri-food Data Portal API,EUR/100kg,2025-08,384.69,https://ec.europa.eu/agrifood/api/oliveOil/prices?memberStateCodes=ES&beginDate=01/01/2020&endDate=28/09/2026,2026-09-28,computed: arithmetic mean of 4 weekly quotes whose week begins in this month; raw weekly values in eu_weekly.csv
olive_oil,"EC: Extra virgin olive oil (up to 0.8%), Spain average national price - MONTHLY MEAN OF WEEKLY QUOTES (computed by us)",European Commission Agri-food Data Portal API,EUR/100kg,2025-09,418.45,https://ec.europa.eu/agrifood/api/oliveOil/prices?memberStateCodes=ES&beginDate=01/01/2020&endDate=28/09/2026,2026-09-28,computed: arithmetic mean of 6 weekly quotes whose week begins in this month; raw weekly values in eu_weekly.csv
olive_oil,"EC: Extra virgin olive oil (up to 0.8%), Spain average national price - MONTHLY MEAN OF WEEKLY QUOTES (computed by us)",European Commission Agri-food Data Portal API,EUR/100kg,2025-10,424.19,https://ec.europa.eu/agrifood/api/oliveOil/prices?memberStateCodes=ES&beginDate=01/01/2020&endDate=28/09/2026,2026-09-28,computed: arithmetic mean of 4 weekly quotes whose week begins in this month; raw weekly values in eu_weekly.csv
olive_oil,"EC: Extra virgin olive oil (up to 0.8%), Spain average national price - MONTHLY MEAN OF WEEKLY QUOTES (computed by us)",European Commission Agri-food Data Portal API,EUR/100kg,2025-11,435.05,https://ec.europa.eu/agrifood/api/oliveOil/prices?memberStateCodes=ES&beginDate=01/01/2020&endDate=28/09/2026,2026-09-28,computed: arithmetic mean of 4 weekly quotes whose week begins in this month; raw weekly values in eu_weekly.csv
olive_oil,"EC: Extra virgin olive oil (up to 0.8%), Spain average national price - MONTHLY MEAN OF WEEKLY QUOTES (computed by us)",European Commission Agri-food Data Portal API,EUR/100kg,2025-12,445.48,https://ec.europa.eu/agrifood/api/oliveOil/prices?memberStateCodes=ES&beginDate=01/01/2020&endDate=28/09/2026,2026-09-28,computed: arithmetic mean of 5 weekly quotes whose week begins in this month; raw weekly values in eu_weekly.csv
olive_oil,"EC: Extra virgin olive oil (up to 0.8%), Spain average national price - MONTHLY MEAN OF WEEKLY QUOTES (computed by us)",European Commission Agri-food Data Portal API,EUR/100kg,2026-01,434.62,https://ec.europa.eu/agrifood/api/oliveOil/prices?memberStateCodes=ES&beginDate=01/01/2020&endDate=28/09/2026,2026-09-28,computed: arithmetic mean of 4 weekly quotes whose week begins in this month; raw weekly values in eu_weekly.csv
olive_oil,"EC: Extra virgin olive oil (up to 0.8%), Spain average national price - MONTHLY MEAN OF WEEKLY QUOTES (computed by us)",European Commission Agri-food Data Portal API,EUR/100kg,2026-02,435.93,https://ec.europa.eu/agrifood/api/oliveOil/prices?memberStateCodes=ES&beginDate=01/01/2020&endDate=28/09/2026,2026-09-28,computed: arithmetic mean of 4 weekly quotes whose week begins in this month; raw weekly values in eu_weekly.csv
olive_oil,"EC: Extra virgin olive oil (up to 0.8%), Spain average national price - MONTHLY MEAN OF WEEKLY QUOTES (computed by us)",European Commission Agri-food Data Portal API,EUR/100kg,2026-03,431.72,https://ec.europa.eu/agrifood/api/oliveOil/prices?memberStateCodes=ES&beginDate=01/01/2020&endDate=28/09/2026,2026-09-28,computed: arithmetic mean of 5 weekly quotes whose week begins in this month; raw weekly values in eu_weekly.csv
olive_oil,"EC: Extra virgin olive oil (up to 0.8%), Spain average national price - MONTHLY MEAN OF WEEKLY QUOTES (computed by us)",European Commission Agri-food Data Portal API,EUR/100kg,2026-04,428.54,https://ec.europa.eu/agrifood/api/oliveOil/prices?memberStateCodes=ES&beginDate=01/01/2020&endDate=28/09/2026,2026-09-28,computed: arithmetic mean of 4 weekly quotes whose week begins in this month; raw weekly values in eu_weekly.csv
olive_oil,"EC: Extra virgin olive oil (up to 0.8%), Spain average national price - MONTHLY MEAN OF WEEKLY QUOTES (computed by us)",European Commission Agri-food Data Portal API,EUR/100kg,2026-05,416.00,https://ec.europa.eu/agrifood/api/oliveOil/prices?memberStateCodes=ES&beginDate=01/01/2020&endDate=28/09/2026,2026-09-28,computed: arithmetic mean of 4 weekly quotes whose week begins in this month; raw weekly values in eu_weekly.csv
olive_oil,"EC: Extra virgin olive oil (up to 0.8%), Spain average national price - MONTHLY MEAN OF WEEKLY QUOTES (computed by us)",European Commission Agri-food Data Portal API,EUR/100kg,2026-06,393.98,https://ec.europa.eu/agrifood/api/oliveOil/prices?memberStateCodes=ES&beginDate=01/01/2020&endDate=28/09/2026,2026-09-28,computed: arithmetic mean of 5 weekly quotes whose week begins in this month; raw weekly values in eu_weekly.csv
olive_oil,"EC: Extra virgin olive oil (up to 0.8%), Spain average national price - MONTHLY MEAN OF WEEKLY QUOTES (computed by us)",European Commission Agri-food Data Portal API,EUR/100kg,2026-07,366.11,https://ec.europa.eu/agrifood/api/oliveOil/prices?memberStateCodes=ES&beginDate=01/01/2020&endDate=28/09/2026,2026-09-28,computed: arithmetic mean of 4 weekly quotes whose week begins in this month; raw weekly values in eu_weekly.csv
olive_oil,"EC: Extra virgin olive oil (up to 0.8%), Spain average national price - MONTHLY MEAN OF WEEKLY QUOTES (computed by us)",European Commission Agri-food Data Portal API,EUR/100kg,2026-08,350.39,https://ec.europa.eu/agrifood/api/oliveOil/prices?memberStateCodes=ES&beginDate=01/01/2020&endDate=28/09/2026,2026-09-28,computed: arithmetic mean of 5 weekly quotes whose week begins in this month; raw weekly values in eu_weekly.csv
olive_oil,"EC: Extra virgin olive oil (up to 0.8%), Spain average national price - MONTHLY MEAN OF WEEKLY QUOTES (computed by us)",European Commission Agri-food Data Portal API,EUR/100kg,2026-09,346.96,https://ec.europa.eu/agrifood/api/oliveOil/prices?memberStateCodes=ES&beginDate=01/01/2020&endDate=28/09/2026,2026-09-28,PARTIAL MONTH (weeks up to 14/09/2026 only). computed: arithmetic mean of 2 weekly quotes whose week begins in this month; raw weekly values in eu_weekly.csv
butter,"EC: BUTTER, EU average price - MONTHLY MEAN OF WEEKLY QUOTES (computed by us)",European Commission Agri-food Data Portal API,EUR/100kg,2020-01,363.63,https://ec.europa.eu/agrifood/api/dairy/prices?memberStateCodes=EU&beginDate=01/01/2020&endDate=28/09/2026,2026-09-28,computed: arithmetic mean of 4 weekly quotes whose week begins in this month; raw weekly values in eu_weekly.csv
butter,"EC: BUTTER, EU average price - MONTHLY MEAN OF WEEKLY QUOTES (computed by us)",European Commission Agri-food Data Portal API,EUR/100kg,2020-02,357.35,https://ec.europa.eu/agrifood/api/dairy/prices?memberStateCodes=EU&beginDate=01/01/2020&endDate=28/09/2026,2026-09-28,computed: arithmetic mean of 4 weekly quotes whose week begins in this month; raw weekly values in eu_weekly.csv
butter,"EC: BUTTER, EU average price - MONTHLY MEAN OF WEEKLY QUOTES (computed by us)",European Commission Agri-food Data Portal API,EUR/100kg,2020-03,343.58,https://ec.europa.eu/agrifood/api/dairy/prices?memberStateCodes=EU&beginDate=01/01/2020&endDate=28/09/2026,2026-09-28,computed: arithmetic mean of 5 weekly quotes whose week begins in this month; raw weekly values in eu_weekly.csv
butter,"EC: BUTTER, EU average price - MONTHLY MEAN OF WEEKLY QUOTES (computed by us)",European Commission Agri-food Data Portal API,EUR/100kg,2020-04,294.50,https://ec.europa.eu/agrifood/api/dairy/prices?memberStateCodes=EU&beginDate=01/01/2020&endDate=28/09/2026,2026-09-28,computed: arithmetic mean of 4 weekly quotes whose week begins in this month; raw weekly values in eu_weekly.csv
butter,"EC: BUTTER, EU average price - MONTHLY MEAN OF WEEKLY QUOTES (computed by us)",European Commission Agri-food Data Portal API,EUR/100kg,2020-05,290.05,https://ec.europa.eu/agrifood/api/dairy/prices?memberStateCodes=EU&beginDate=01/01/2020&endDate=28/09/2026,2026-09-28,computed: arithmetic mean of 4 weekly quotes whose week begins in this month; raw weekly values in eu_weekly.csv
butter,"EC: BUTTER, EU average price - MONTHLY MEAN OF WEEKLY QUOTES (computed by us)",European Commission Agri-food Data Portal API,EUR/100kg,2020-06,319.37,https://ec.europa.eu/agrifood/api/dairy/prices?memberStateCodes=EU&beginDate=01/01/2020&endDate=28/09/2026,2026-09-28,computed: arithmetic mean of 5 weekly quotes whose week begins in this month; raw weekly values in eu_weekly.csv
butter,"EC: BUTTER, EU average price - MONTHLY MEAN OF WEEKLY QUOTES (computed by us)",European Commission Agri-food Data Portal API,EUR/100kg,2020-07,336.00,https://ec.europa.eu/agrifood/api/dairy/prices?memberStateCodes=EU&beginDate=01/01/2020&endDate=28/09/2026,2026-09-28,computed: arithmetic mean of 4 weekly quotes whose week begins in this month; raw weekly values in eu_weekly.csv
butter,"EC: BUTTER, EU average price - MONTHLY MEAN OF WEEKLY QUOTES (computed by us)",European Commission Agri-food Data Portal API,EUR/100kg,2020-08,341.37,https://ec.europa.eu/agrifood/api/dairy/prices?memberStateCodes=EU&beginDate=01/01/2020&endDate=28/09/2026,2026-09-28,computed: arithmetic mean of 5 weekly quotes whose week begins in this month; raw weekly values in eu_weekly.csv
butter,"EC: BUTTER, EU average price - MONTHLY MEAN OF WEEKLY QUOTES (computed by us)",European Commission Agri-food Data Portal API,EUR/100kg,2020-09,348.36,https://ec.europa.eu/agrifood/api/dairy/prices?memberStateCodes=EU&beginDate=01/01/2020&endDate=28/09/2026,2026-09-28,computed: arithmetic mean of 4 weekly quotes whose week begins in this month; raw weekly values in eu_weekly.csv
butter,"EC: BUTTER, EU average price - MONTHLY MEAN OF WEEKLY QUOTES (computed by us)",European Commission Agri-food Data Portal API,EUR/100kg,2020-10,346.33,https://ec.europa.eu/agrifood/api/dairy/prices?memberStateCodes=EU&beginDate=01/01/2020&endDate=28/09/2026,2026-09-28,computed: arithmetic mean of 4 weekly quotes whose week begins in this month; raw weekly values in eu_weekly.csv
butter,"EC: BUTTER, EU average price - MONTHLY MEAN OF WEEKLY QUOTES (computed by us)",European Commission Agri-food Data Portal API,EUR/100kg,2020-11,346.43,https://ec.europa.eu/agrifood/api/dairy/prices?memberStateCodes=EU&beginDate=01/01/2020&endDate=28/09/2026,2026-09-28,computed: arithmetic mean of 5 weekly quotes whose week begins in this month; raw weekly values in eu_weekly.csv
butter,"EC: BUTTER, EU average price - MONTHLY MEAN OF WEEKLY QUOTES (computed by us)",European Commission Agri-food Data Portal API,EUR/100kg,2020-12,337.08,https://ec.europa.eu/agrifood/api/dairy/prices?memberStateCodes=EU&beginDate=01/01/2020&endDate=28/09/2026,2026-09-28,computed: arithmetic mean of 4 weekly quotes whose week begins in this month; raw weekly values in eu_weekly.csv
butter,"EC: BUTTER, EU average price - MONTHLY MEAN OF WEEKLY QUOTES (computed by us)",European Commission Agri-food Data Portal API,EUR/100kg,2021-01,343.08,https://ec.europa.eu/agrifood/api/dairy/prices?memberStateCodes=EU&beginDate=01/01/2020&endDate=28/09/2026,2026-09-28,computed: arithmetic mean of 4 weekly quotes whose week begins in this month; raw weekly values in eu_weekly.csv
butter,"EC: BUTTER, EU average price - MONTHLY MEAN OF WEEKLY QUOTES (computed by us)",European Commission Agri-food Data Portal API,EUR/100kg,2021-02,357.63,https://ec.europa.eu/agrifood/api/dairy/prices?memberStateCodes=EU&beginDate=01/01/2020&endDate=28/09/2026,2026-09-28,computed: arithmetic mean of 4 weekly quotes whose week begins in this month; raw weekly values in eu_weekly.csv
butter,"EC: BUTTER, EU average price - MONTHLY MEAN OF WEEKLY QUOTES (computed by us)",European Commission Agri-food Data Portal API,EUR/100kg,2021-03,390.16,https://ec.europa.eu/agrifood/api/dairy/prices?memberStateCodes=EU&beginDate=01/01/2020&endDate=28/09/2026,2026-09-28,computed: arithmetic mean of 5 weekly quotes whose week begins in this month; raw weekly values in eu_weekly.csv
butter,"EC: BUTTER, EU average price - MONTHLY MEAN OF WEEKLY QUOTES (computed by us)",European Commission Agri-food Data Portal API,EUR/100kg,2021-04,400.62,https://ec.europa.eu/agrifood/api/dairy/prices?memberStateCodes=EU&beginDate=01/01/2020&endDate=28/09/2026,2026-09-28,computed: arithmetic mean of 4 weekly quotes whose week begins in this month; raw weekly values in eu_weekly.csv
butter,"EC: BUTTER, EU average price - MONTHLY MEAN OF WEEKLY QUOTES (computed by us)",European Commission Agri-food Data Portal API,EUR/100kg,2021-05,408.90,https://ec.europa.eu/agrifood/api/dairy/prices?memberStateCodes=EU&beginDate=01/01/2020&endDate=28/09/2026,2026-09-28,computed: arithmetic mean of 5 weekly quotes whose week begins in this month; raw weekly values in eu_weekly.csv
butter,"EC: BUTTER, EU average price - MONTHLY MEAN OF WEEKLY QUOTES (computed by us)",European Commission Agri-food Data Portal API,EUR/100kg,2021-06,406.55,https://ec.europa.eu/agrifood/api/dairy/prices?memberStateCodes=EU&beginDate=01/01/2020&endDate=28/09/2026,2026-09-28,computed: arithmetic mean of 4 weekly quotes whose week begins in this month; raw weekly values in eu_weekly.csv
butter,"EC: BUTTER, EU average price - MONTHLY MEAN OF WEEKLY QUOTES (computed by us)",European Commission Agri-food Data Portal API,EUR/100kg,2021-07,395.21,https://ec.europa.eu/agrifood/api/dairy/prices?memberStateCodes=EU&beginDate=01/01/2020&endDate=28/09/2026,2026-09-28,computed: arithmetic mean of 4 weekly quotes whose week begins in this month; raw weekly values in eu_weekly.csv
butter,"EC: BUTTER, EU average price - MONTHLY MEAN OF WEEKLY QUOTES (computed by us)",European Commission Agri-food Data Portal API,EUR/100kg,2021-08,396.93,https://ec.europa.eu/agrifood/api/dairy/prices?memberStateCodes=EU&beginDate=01/01/2020&endDate=28/09/2026,2026-09-28,computed: arithmetic mean of 5 weekly quotes whose week begins in this month; raw weekly values in eu_weekly.csv
butter,"EC: BUTTER, EU average price - MONTHLY MEAN OF WEEKLY QUOTES (computed by us)",European Commission Agri-food Data Portal API,EUR/100kg,2021-09,414.57,https://ec.europa.eu/agrifood/api/dairy/prices?memberStateCodes=EU&beginDate=01/01/2020&endDate=28/09/2026,2026-09-28,computed: arithmetic mean of 4 weekly quotes whose week begins in this month; raw weekly values in eu_weekly.csv
butter,"EC: BUTTER, EU average price - MONTHLY MEAN OF WEEKLY QUOTES (computed by us)",European Commission Agri-food Data Portal API,EUR/100kg,2021-10,463.42,https://ec.europa.eu/agrifood/api/dairy/prices?memberStateCodes=EU&beginDate=01/01/2020&endDate=28/09/2026,2026-09-28,computed: arithmetic mean of 4 weekly quotes whose week begins in this month; raw weekly values in eu_weekly.csv
butter,"EC: BUTTER, EU average price - MONTHLY MEAN OF WEEKLY QUOTES (computed by us)",European Commission Agri-food Data Portal API,EUR/100kg,2021-11,514.96,https://ec.europa.eu/agrifood/api/dairy/prices?memberStateCodes=EU&beginDate=01/01/2020&endDate=28/09/2026,2026-09-28,computed: arithmetic mean of 5 weekly quotes whose week begins in this month; raw weekly values in eu_weekly.csv
butter,"EC: BUTTER, EU average price - MONTHLY MEAN OF WEEKLY QUOTES (computed by us)",European Commission Agri-food Data Portal API,EUR/100kg,2021-12,552.18,https://ec.europa.eu/agrifood/api/dairy/prices?memberStateCodes=EU&beginDate=01/01/2020&endDate=28/09/2026,2026-09-28,computed: arithmetic mean of 4 weekly quotes whose week begins in this month; raw weekly values in eu_weekly.csv
butter,"EC: BUTTER, EU average price - MONTHLY MEAN OF WEEKLY QUOTES (computed by us)",European Commission Agri-food Data Portal API,EUR/100kg,2022-01,577.87,https://ec.europa.eu/agrifood/api/dairy/prices?memberStateCodes=EU&beginDate=01/01/2020&endDate=28/09/2026,2026-09-28,computed: arithmetic mean of 5 weekly quotes whose week begins in this month; raw weekly values in eu_weekly.csv
butter,"EC: BUTTER, EU average price - MONTHLY MEAN OF WEEKLY QUOTES (computed by us)",European Commission Agri-food Data Portal API,EUR/100kg,2022-02,595.97,https://ec.europa.eu/agrifood/api/dairy/prices?memberStateCodes=EU&beginDate=01/01/2020&endDate=28/09/2026,2026-09-28,computed: arithmetic mean of 4 weekly quotes whose week begins in this month; raw weekly values in eu_weekly.csv
butter,"EC: BUTTER, EU average price - MONTHLY MEAN OF WEEKLY QUOTES (computed by us)",European Commission Agri-food Data Portal API,EUR/100kg,2022-03,638.56,https://ec.europa.eu/agrifood/api/dairy/prices?memberStateCodes=EU&beginDate=01/01/2020&endDate=28/09/2026,2026-09-28,computed: arithmetic mean of 4 weekly quotes whose week begins in this month; raw weekly values in eu_weekly.csv
butter,"EC: BUTTER, EU average price - MONTHLY MEAN OF WEEKLY QUOTES (computed by us)",European Commission Agri-food Data Portal API,EUR/100kg,2022-04,687.70,https://ec.europa.eu/agrifood/api/dairy/prices?memberStateCodes=EU&beginDate=01/01/2020&endDate=28/09/2026,2026-09-28,computed: arithmetic mean of 4 weekly quotes whose week begins in this month; raw weekly values in eu_weekly.csv
butter,"EC: BUTTER, EU average price - MONTHLY MEAN OF WEEKLY QUOTES (computed by us)",European Commission Agri-food Data Portal API,EUR/100kg,2022-05,705.75,https://ec.europa.eu/agrifood/api/dairy/prices?memberStateCodes=EU&beginDate=01/01/2020&endDate=28/09/2026,2026-09-28,computed: arithmetic mean of 5 weekly quotes whose week begins in this month; raw weekly values in eu_weekly.csv
butter,"EC: BUTTER, EU average price - MONTHLY MEAN OF WEEKLY QUOTES (computed by us)",European Commission Agri-food Data Portal API,EUR/100kg,2022-06,725.14,https://ec.europa.eu/agrifood/api/dairy/prices?memberStateCodes=EU&beginDate=01/01/2020&endDate=28/09/2026,2026-09-28,computed: arithmetic mean of 4 weekly quotes whose week begins in this month; raw weekly values in eu_weekly.csv
butter,"EC: BUTTER, EU average price - MONTHLY MEAN OF WEEKLY QUOTES (computed by us)",European Commission Agri-food Data Portal API,EUR/100kg,2022-07,716.98,https://ec.europa.eu/agrifood/api/dairy/prices?memberStateCodes=EU&beginDate=01/01/2020&endDate=28/09/2026,2026-09-28,computed: arithmetic mean of 4 weekly quotes whose week begins in this month; raw weekly values in eu_weekly.csv
butter,"EC: BUTTER, EU average price - MONTHLY MEAN OF WEEKLY QUOTES (computed by us)",European Commission Agri-food Data Portal API,EUR/100kg,2022-08,716.64,https://ec.europa.eu/agrifood/api/dairy/prices?memberStateCodes=EU&beginDate=01/01/2020&endDate=28/09/2026,2026-09-28,computed: arithmetic mean of 5 weekly quotes whose week begins in this month; raw weekly values in eu_weekly.csv
butter,"EC: BUTTER, EU average price - MONTHLY MEAN OF WEEKLY QUOTES (computed by us)",European Commission Agri-food Data Portal API,EUR/100kg,2022-09,721.27,https://ec.europa.eu/agrifood/api/dairy/prices?memberStateCodes=EU&beginDate=01/01/2020&endDate=28/09/2026,2026-09-28,computed: arithmetic mean of 4 weekly quotes whose week begins in this month; raw weekly values in eu_weekly.csv
butter,"EC: BUTTER, EU average price - MONTHLY MEAN OF WEEKLY QUOTES (computed by us)",European Commission Agri-food Data Portal API,EUR/100kg,2022-10,693.79,https://ec.europa.eu/agrifood/api/dairy/prices?memberStateCodes=EU&beginDate=01/01/2020&endDate=28/09/2026,2026-09-28,computed: arithmetic mean of 5 weekly quotes whose week begins in this month; raw weekly values in eu_weekly.csv
butter,"EC: BUTTER, EU average price - MONTHLY MEAN OF WEEKLY QUOTES (computed by us)",European Commission Agri-food Data Portal API,EUR/100kg,2022-11,645.74,https://ec.europa.eu/agrifood/api/dairy/prices?memberStateCodes=EU&beginDate=01/01/2020&endDate=28/09/2026,2026-09-28,computed: arithmetic mean of 4 weekly quotes whose week begins in this month; raw weekly values in eu_weekly.csv
butter,"EC: BUTTER, EU average price - MONTHLY MEAN OF WEEKLY QUOTES (computed by us)",European Commission Agri-food Data Portal API,EUR/100kg,2022-12,583.54,https://ec.europa.eu/agrifood/api/dairy/prices?memberStateCodes=EU&beginDate=01/01/2020&endDate=28/09/2026,2026-09-28,computed: arithmetic mean of 4 weekly quotes whose week begins in this month; raw weekly values in eu_weekly.csv
butter,"EC: BUTTER, EU average price - MONTHLY MEAN OF WEEKLY QUOTES (computed by us)",European Commission Agri-food Data Portal API,EUR/100kg,2023-01,516.83,https://ec.europa.eu/agrifood/api/dairy/prices?memberStateCodes=EU&beginDate=01/01/2020&endDate=28/09/2026,2026-09-28,computed: arithmetic mean of 5 weekly quotes whose week begins in this month; raw weekly values in eu_weekly.csv
butter,"EC: BUTTER, EU average price - MONTHLY MEAN OF WEEKLY QUOTES (computed by us)",European Commission Agri-food Data Portal API,EUR/100kg,2023-02,480.03,https://ec.europa.eu/agrifood/api/dairy/prices?memberStateCodes=EU&beginDate=01/01/2020&endDate=28/09/2026,2026-09-28,computed: arithmetic mean of 4 weekly quotes whose week begins in this month; raw weekly values in eu_weekly.csv
butter,"EC: BUTTER, EU average price - MONTHLY MEAN OF WEEKLY QUOTES (computed by us)",European Commission Agri-food Data Portal API,EUR/100kg,2023-03,475.48,https://ec.europa.eu/agrifood/api/dairy/prices?memberStateCodes=EU&beginDate=01/01/2020&endDate=28/09/2026,2026-09-28,computed: arithmetic mean of 4 weekly quotes whose week begins in this month; raw weekly values in eu_weekly.csv
butter,"EC: BUTTER, EU average price - MONTHLY MEAN OF WEEKLY QUOTES (computed by us)",European Commission Agri-food Data Portal API,EUR/100kg,2023-04,470.17,https://ec.europa.eu/agrifood/api/dairy/prices?memberStateCodes=EU&beginDate=01/01/2020&endDate=28/09/2026,2026-09-28,computed: arithmetic mean of 4 weekly quotes whose week begins in this month; raw weekly values in eu_weekly.csv
butter,"EC: BUTTER, EU average price - MONTHLY MEAN OF WEEKLY QUOTES (computed by us)",European Commission Agri-food Data Portal API,EUR/100kg,2023-05,468.50,https://ec.europa.eu/agrifood/api/dairy/prices?memberStateCodes=EU&beginDate=01/01/2020&endDate=28/09/2026,2026-09-28,computed: arithmetic mean of 5 weekly quotes whose week begins in this month; raw weekly values in eu_weekly.csv
butter,"EC: BUTTER, EU average price - MONTHLY MEAN OF WEEKLY QUOTES (computed by us)",European Commission Agri-food Data Portal API,EUR/100kg,2023-06,470.10,https://ec.europa.eu/agrifood/api/dairy/prices?memberStateCodes=EU&beginDate=01/01/2020&endDate=28/09/2026,2026-09-28,computed: arithmetic mean of 4 weekly quotes whose week begins in this month; raw weekly values in eu_weekly.csv
butter,"EC: BUTTER, EU average price - MONTHLY MEAN OF WEEKLY QUOTES (computed by us)",European Commission Agri-food Data Portal API,EUR/100kg,2023-07,459.37,https://ec.europa.eu/agrifood/api/dairy/prices?memberStateCodes=EU&beginDate=01/01/2020&endDate=28/09/2026,2026-09-28,computed: arithmetic mean of 5 weekly quotes whose week begins in this month; raw weekly values in eu_weekly.csv
butter,"EC: BUTTER, EU average price - MONTHLY MEAN OF WEEKLY QUOTES (computed by us)",European Commission Agri-food Data Portal API,EUR/100kg,2023-08,447.41,https://ec.europa.eu/agrifood/api/dairy/prices?memberStateCodes=EU&beginDate=01/01/2020&endDate=28/09/2026,2026-09-28,computed: arithmetic mean of 4 weekly quotes whose week begins in this month; raw weekly values in eu_weekly.csv
butter,"EC: BUTTER, EU average price - MONTHLY MEAN OF WEEKLY QUOTES (computed by us)",European Commission Agri-food Data Portal API,EUR/100kg,2023-09,445.48,https://ec.europa.eu/agrifood/api/dairy/prices?memberStateCodes=EU&beginDate=01/01/2020&endDate=28/09/2026,2026-09-28,computed: arithmetic mean of 4 weekly quotes whose week begins in this month; raw weekly values in eu_weekly.csv
butter,"EC: BUTTER, EU average price - MONTHLY MEAN OF WEEKLY QUOTES (computed by us)",European Commission Agri-food Data Portal API,EUR/100kg,2023-10,480.46,https://ec.europa.eu/agrifood/api/dairy/prices?memberStateCodes=EU&beginDate=01/01/2020&endDate=28/09/2026,2026-09-28,computed: arithmetic mean of 5 weekly quotes whose week begins in this month; raw weekly values in eu_weekly.csv
butter,"EC: BUTTER, EU average price - MONTHLY MEAN OF WEEKLY QUOTES (computed by us)",European Commission Agri-food Data Portal API,EUR/100kg,2023-11,525.17,https://ec.europa.eu/agrifood/api/dairy/prices?memberStateCodes=EU&beginDate=01/01/2020&endDate=28/09/2026,2026-09-28,computed: arithmetic mean of 4 weekly quotes whose week begins in this month; raw weekly values in eu_weekly.csv
butter,"EC: BUTTER, EU average price - MONTHLY MEAN OF WEEKLY QUOTES (computed by us)",European Commission Agri-food Data Portal API,EUR/100kg,2023-12,545.63,https://ec.europa.eu/agrifood/api/dairy/prices?memberStateCodes=EU&beginDate=01/01/2020&endDate=28/09/2026,2026-09-28,computed: arithmetic mean of 4 weekly quotes whose week begins in this month; raw weekly values in eu_weekly.csv
butter,"EC: BUTTER, EU average price - MONTHLY MEAN OF WEEKLY QUOTES (computed by us)",European Commission Agri-food Data Portal API,EUR/100kg,2024-01,542.42,https://ec.europa.eu/agrifood/api/dairy/prices?memberStateCodes=EU&beginDate=01/01/2020&endDate=28/09/2026,2026-09-28,computed: arithmetic mean of 5 weekly quotes whose week begins in this month; raw weekly values in eu_weekly.csv
butter,"EC: BUTTER, EU average price - MONTHLY MEAN OF WEEKLY QUOTES (computed by us)",European Commission Agri-food Data Portal API,EUR/100kg,2024-02,553.33,https://ec.europa.eu/agrifood/api/dairy/prices?memberStateCodes=EU&beginDate=01/01/2020&endDate=28/09/2026,2026-09-28,computed: arithmetic mean of 4 weekly quotes whose week begins in this month; raw weekly values in eu_weekly.csv
butter,"EC: BUTTER, EU average price - MONTHLY MEAN OF WEEKLY QUOTES (computed by us)",European Commission Agri-food Data Portal API,EUR/100kg,2024-03,563.23,https://ec.europa.eu/agrifood/api/dairy/prices?memberStateCodes=EU&beginDate=01/01/2020&endDate=28/09/2026,2026-09-28,computed: arithmetic mean of 4 weekly quotes whose week begins in this month; raw weekly values in eu_weekly.csv
butter,"EC: BUTTER, EU average price - MONTHLY MEAN OF WEEKLY QUOTES (computed by us)",European Commission Agri-food Data Portal API,EUR/100kg,2024-04,575.06,https://ec.europa.eu/agrifood/api/dairy/prices?memberStateCodes=EU&beginDate=01/01/2020&endDate=28/09/2026,2026-09-28,computed: arithmetic mean of 5 weekly quotes whose week begins in this month; raw weekly values in eu_weekly.csv
butter,"EC: BUTTER, EU average price - MONTHLY MEAN OF WEEKLY QUOTES (computed by us)",European Commission Agri-food Data Portal API,EUR/100kg,2024-05,604.79,https://ec.europa.eu/agrifood/api/dairy/prices?memberStateCodes=EU&beginDate=01/01/2020&endDate=28/09/2026,2026-09-28,computed: arithmetic mean of 4 weekly quotes whose week begins in this month; raw weekly values in eu_weekly.csv
butter,"EC: BUTTER, EU average price - MONTHLY MEAN OF WEEKLY QUOTES (computed by us)",European Commission Agri-food Data Portal API,EUR/100kg,2024-06,636.99,https://ec.europa.eu/agrifood/api/dairy/prices?memberStateCodes=EU&beginDate=01/01/2020&endDate=28/09/2026,2026-09-28,computed: arithmetic mean of 4 weekly quotes whose week begins in this month; raw weekly values in eu_weekly.csv
butter,"EC: BUTTER, EU average price - MONTHLY MEAN OF WEEKLY QUOTES (computed by us)",European Commission Agri-food Data Portal API,EUR/100kg,2024-07,656.58,https://ec.europa.eu/agrifood/api/dairy/prices?memberStateCodes=EU&beginDate=01/01/2020&endDate=28/09/2026,2026-09-28,computed: arithmetic mean of 5 weekly quotes whose week begins in this month; raw weekly values in eu_weekly.csv
butter,"EC: BUTTER, EU average price - MONTHLY MEAN OF WEEKLY QUOTES (computed by us)",European Commission Agri-food Data Portal API,EUR/100kg,2024-08,704.44,https://ec.europa.eu/agrifood/api/dairy/prices?memberStateCodes=EU&beginDate=01/01/2020&endDate=28/09/2026,2026-09-28,computed: arithmetic mean of 4 weekly quotes whose week begins in this month; raw weekly values in eu_weekly.csv
butter,"EC: BUTTER, EU average price - MONTHLY MEAN OF WEEKLY QUOTES (computed by us)",European Commission Agri-food Data Portal API,EUR/100kg,2024-09,765.26,https://ec.europa.eu/agrifood/api/dairy/prices?memberStateCodes=EU&beginDate=01/01/2020&endDate=28/09/2026,2026-09-28,computed: arithmetic mean of 5 weekly quotes whose week begins in this month; raw weekly values in eu_weekly.csv
butter,"EC: BUTTER, EU average price - MONTHLY MEAN OF WEEKLY QUOTES (computed by us)",European Commission Agri-food Data Portal API,EUR/100kg,2024-10,776.09,https://ec.europa.eu/agrifood/api/dairy/prices?memberStateCodes=EU&beginDate=01/01/2020&endDate=28/09/2026,2026-09-28,computed: arithmetic mean of 4 weekly quotes whose week begins in this month; raw weekly values in eu_weekly.csv
butter,"EC: BUTTER, EU average price - MONTHLY MEAN OF WEEKLY QUOTES (computed by us)",European Commission Agri-food Data Portal API,EUR/100kg,2024-11,776.37,https://ec.europa.eu/agrifood/api/dairy/prices?memberStateCodes=EU&beginDate=01/01/2020&endDate=28/09/2026,2026-09-28,computed: arithmetic mean of 4 weekly quotes whose week begins in this month; raw weekly values in eu_weekly.csv
butter,"EC: BUTTER, EU average price - MONTHLY MEAN OF WEEKLY QUOTES (computed by us)",European Commission Agri-food Data Portal API,EUR/100kg,2024-12,764.12,https://ec.europa.eu/agrifood/api/dairy/prices?memberStateCodes=EU&beginDate=01/01/2020&endDate=28/09/2026,2026-09-28,computed: arithmetic mean of 5 weekly quotes whose week begins in this month; raw weekly values in eu_weekly.csv
butter,"EC: BUTTER, EU average price - MONTHLY MEAN OF WEEKLY QUOTES (computed by us)",European Commission Agri-food Data Portal API,EUR/100kg,2025-01,741.59,https://ec.europa.eu/agrifood/api/dairy/prices?memberStateCodes=EU&beginDate=01/01/2020&endDate=28/09/2026,2026-09-28,computed: arithmetic mean of 4 weekly quotes whose week begins in this month; raw weekly values in eu_weekly.csv
butter,"EC: BUTTER, EU average price - MONTHLY MEAN OF WEEKLY QUOTES (computed by us)",European Commission Agri-food Data Portal API,EUR/100kg,2025-02,721.43,https://ec.europa.eu/agrifood/api/dairy/prices?memberStateCodes=EU&beginDate=01/01/2020&endDate=28/09/2026,2026-09-28,computed: arithmetic mean of 4 weekly quotes whose week begins in this month; raw weekly values in eu_weekly.csv
butter,"EC: BUTTER, EU average price - MONTHLY MEAN OF WEEKLY QUOTES (computed by us)",European Commission Agri-food Data Portal API,EUR/100kg,2025-03,737.70,https://ec.europa.eu/agrifood/api/dairy/prices?memberStateCodes=EU&beginDate=01/01/2020&endDate=28/09/2026,2026-09-28,computed: arithmetic mean of 5 weekly quotes whose week begins in this month; raw weekly values in eu_weekly.csv
butter,"EC: BUTTER, EU average price - MONTHLY MEAN OF WEEKLY QUOTES (computed by us)",European Commission Agri-food Data Portal API,EUR/100kg,2025-04,735.93,https://ec.europa.eu/agrifood/api/dairy/prices?memberStateCodes=EU&beginDate=01/01/2020&endDate=28/09/2026,2026-09-28,computed: arithmetic mean of 4 weekly quotes whose week begins in this month; raw weekly values in eu_weekly.csv
butter,"EC: BUTTER, EU average price - MONTHLY MEAN OF WEEKLY QUOTES (computed by us)",European Commission Agri-food Data Portal API,EUR/100kg,2025-05,730.52,https://ec.europa.eu/agrifood/api/dairy/prices?memberStateCodes=EU&beginDate=01/01/2020&endDate=28/09/2026,2026-09-28,computed: arithmetic mean of 4 weekly quotes whose week begins in this month; raw weekly values in eu_weekly.csv
butter,"EC: BUTTER, EU average price - MONTHLY MEAN OF WEEKLY QUOTES (computed by us)",European Commission Agri-food Data Portal API,EUR/100kg,2025-06,738.33,https://ec.europa.eu/agrifood/api/dairy/prices?memberStateCodes=EU&beginDate=01/01/2020&endDate=28/09/2026,2026-09-28,computed: arithmetic mean of 5 weekly quotes whose week begins in this month; raw weekly values in eu_weekly.csv
butter,"EC: BUTTER, EU average price - MONTHLY MEAN OF WEEKLY QUOTES (computed by us)",European Commission Agri-food Data Portal API,EUR/100kg,2025-07,725.34,https://ec.europa.eu/agrifood/api/dairy/prices?memberStateCodes=EU&beginDate=01/01/2020&endDate=28/09/2026,2026-09-28,computed: arithmetic mean of 4 weekly quotes whose week begins in this month; raw weekly values in eu_weekly.csv
butter,"EC: BUTTER, EU average price - MONTHLY MEAN OF WEEKLY QUOTES (computed by us)",European Commission Agri-food Data Portal API,EUR/100kg,2025-08,712.61,https://ec.europa.eu/agrifood/api/dairy/prices?memberStateCodes=EU&beginDate=01/01/2020&endDate=28/09/2026,2026-09-28,computed: arithmetic mean of 4 weekly quotes whose week begins in this month; raw weekly values in eu_weekly.csv
butter,"EC: BUTTER, EU average price - MONTHLY MEAN OF WEEKLY QUOTES (computed by us)",European Commission Agri-food Data Portal API,EUR/100kg,2025-09,624.26,https://ec.europa.eu/agrifood/api/dairy/prices?memberStateCodes=EU&beginDate=01/01/2020&endDate=28/09/2026,2026-09-28,computed: arithmetic mean of 5 weekly quotes whose week begins in this month; raw weekly values in eu_weekly.csv
butter,"EC: BUTTER, EU average price - MONTHLY MEAN OF WEEKLY QUOTES (computed by us)",European Commission Agri-food Data Portal API,EUR/100kg,2025-10,569.11,https://ec.europa.eu/agrifood/api/dairy/prices?memberStateCodes=EU&beginDate=01/01/2020&endDate=28/09/2026,2026-09-28,computed: arithmetic mean of 4 weekly quotes whose week begins in this month; raw weekly values in eu_weekly.csv
butter,"EC: BUTTER, EU average price - MONTHLY MEAN OF WEEKLY QUOTES (computed by us)",European Commission Agri-food Data Portal API,EUR/100kg,2025-11,541.02,https://ec.europa.eu/agrifood/api/dairy/prices?memberStateCodes=EU&beginDate=01/01/2020&endDate=28/09/2026,2026-09-28,computed: arithmetic mean of 4 weekly quotes whose week begins in this month; raw weekly values in eu_weekly.csv
butter,"EC: BUTTER, EU average price - MONTHLY MEAN OF WEEKLY QUOTES (computed by us)",European Commission Agri-food Data Portal API,EUR/100kg,2025-12,452.11,https://ec.europa.eu/agrifood/api/dairy/prices?memberStateCodes=EU&beginDate=01/01/2020&endDate=28/09/2026,2026-09-28,computed: arithmetic mean of 5 weekly quotes whose week begins in this month; raw weekly values in eu_weekly.csv
butter,"EC: BUTTER, EU average price - MONTHLY MEAN OF WEEKLY QUOTES (computed by us)",European Commission Agri-food Data Portal API,EUR/100kg,2026-01,420.33,https://ec.europa.eu/agrifood/api/dairy/prices?memberStateCodes=EU&beginDate=01/01/2020&endDate=28/09/2026,2026-09-28,computed: arithmetic mean of 4 weekly quotes whose week begins in this month; raw weekly values in eu_weekly.csv
butter,"EC: BUTTER, EU average price - MONTHLY MEAN OF WEEKLY QUOTES (computed by us)",European Commission Agri-food Data Portal API,EUR/100kg,2026-02,417.63,https://ec.europa.eu/agrifood/api/dairy/prices?memberStateCodes=EU&beginDate=01/01/2020&endDate=28/09/2026,2026-09-28,computed: arithmetic mean of 4 weekly quotes whose week begins in this month; raw weekly values in eu_weekly.csv
butter,"EC: BUTTER, EU average price - MONTHLY MEAN OF WEEKLY QUOTES (computed by us)",European Commission Agri-food Data Portal API,EUR/100kg,2026-03,436.20,https://ec.europa.eu/agrifood/api/dairy/prices?memberStateCodes=EU&beginDate=01/01/2020&endDate=28/09/2026,2026-09-28,computed: arithmetic mean of 5 weekly quotes whose week begins in this month; raw weekly values in eu_weekly.csv
butter,"EC: BUTTER, EU average price - MONTHLY MEAN OF WEEKLY QUOTES (computed by us)",European Commission Agri-food Data Portal API,EUR/100kg,2026-04,411.85,https://ec.europa.eu/agrifood/api/dairy/prices?memberStateCodes=EU&beginDate=01/01/2020&endDate=28/09/2026,2026-09-28,computed: arithmetic mean of 4 weekly quotes whose week begins in this month; raw weekly values in eu_weekly.csv
butter,"EC: BUTTER, EU average price - MONTHLY MEAN OF WEEKLY QUOTES (computed by us)",European Commission Agri-food Data Portal API,EUR/100kg,2026-05,395.61,https://ec.europa.eu/agrifood/api/dairy/prices?memberStateCodes=EU&beginDate=01/01/2020&endDate=28/09/2026,2026-09-28,computed: arithmetic mean of 4 weekly quotes whose week begins in this month; raw weekly values in eu_weekly.csv
butter,"EC: BUTTER, EU average price - MONTHLY MEAN OF WEEKLY QUOTES (computed by us)",European Commission Agri-food Data Portal API,EUR/100kg,2026-06,389.82,https://ec.europa.eu/agrifood/api/dairy/prices?memberStateCodes=EU&beginDate=01/01/2020&endDate=28/09/2026,2026-09-28,computed: arithmetic mean of 5 weekly quotes whose week begins in this month; raw weekly values in eu_weekly.csv
butter,"EC: BUTTER, EU average price - MONTHLY MEAN OF WEEKLY QUOTES (computed by us)",European Commission Agri-food Data Portal API,EUR/100kg,2026-07,398.12,https://ec.europa.eu/agrifood/api/dairy/prices?memberStateCodes=EU&beginDate=01/01/2020&endDate=28/09/2026,2026-09-28,computed: arithmetic mean of 4 weekly quotes whose week begins in this month; raw weekly values in eu_weekly.csv
butter,"EC: BUTTER, EU average price - MONTHLY MEAN OF WEEKLY QUOTES (computed by us)",European Commission Agri-food Data Portal API,EUR/100kg,2026-08,404.05,https://ec.europa.eu/agrifood/api/dairy/prices?memberStateCodes=EU&beginDate=01/01/2020&endDate=28/09/2026,2026-09-28,computed: arithmetic mean of 5 weekly quotes whose week begins in this month; raw weekly values in eu_weekly.csv
butter,"EC: BUTTER, EU average price - MONTHLY MEAN OF WEEKLY QUOTES (computed by us)",European Commission Agri-food Data Portal API,EUR/100kg,2026-09,418.24,https://ec.europa.eu/agrifood/api/dairy/prices?memberStateCodes=EU&beginDate=01/01/2020&endDate=28/09/2026,2026-09-28,PARTIAL MONTH (weeks up to 14/09/2026 only). computed: arithmetic mean of 2 weekly quotes whose week begins in this month; raw weekly values in eu_weekly.csv
skimmed_milk_powder,"EC: SMP (skimmed milk powder), EU average price - MONTHLY MEAN OF WEEKLY QUOTES (computed by us)",European Commission Agri-food Data Portal API,EUR/100kg,2020-01,259.16,https://ec.europa.eu/agrifood/api/dairy/prices?memberStateCodes=EU&beginDate=01/01/2020&endDate=28/09/2026,2026-09-28,computed: arithmetic mean of 4 weekly quotes whose week begins in this month; raw weekly values in eu_weekly.csv
skimmed_milk_powder,"EC: SMP (skimmed milk powder), EU average price - MONTHLY MEAN OF WEEKLY QUOTES (computed by us)",European Commission Agri-food Data Portal API,EUR/100kg,2020-02,257.28,https://ec.europa.eu/agrifood/api/dairy/prices?memberStateCodes=EU&beginDate=01/01/2020&endDate=28/09/2026,2026-09-28,computed: arithmetic mean of 4 weekly quotes whose week begins in this month; raw weekly values in eu_weekly.csv
skimmed_milk_powder,"EC: SMP (skimmed milk powder), EU average price - MONTHLY MEAN OF WEEKLY QUOTES (computed by us)",European Commission Agri-food Data Portal API,EUR/100kg,2020-03,230.28,https://ec.europa.eu/agrifood/api/dairy/prices?memberStateCodes=EU&beginDate=01/01/2020&endDate=28/09/2026,2026-09-28,computed: arithmetic mean of 5 weekly quotes whose week begins in this month; raw weekly values in eu_weekly.csv
skimmed_milk_powder,"EC: SMP (skimmed milk powder), EU average price - MONTHLY MEAN OF WEEKLY QUOTES (computed by us)",European Commission Agri-food Data Portal API,EUR/100kg,2020-04,197.90,https://ec.europa.eu/agrifood/api/dairy/prices?memberStateCodes=EU&beginDate=01/01/2020&endDate=28/09/2026,2026-09-28,computed: arithmetic mean of 4 weekly quotes whose week begins in this month; raw weekly values in eu_weekly.csv
skimmed_milk_powder,"EC: SMP (skimmed milk powder), EU average price - MONTHLY MEAN OF WEEKLY QUOTES (computed by us)",European Commission Agri-food Data Portal API,EUR/100kg,2020-05,201.03,https://ec.europa.eu/agrifood/api/dairy/prices?memberStateCodes=EU&beginDate=01/01/2020&endDate=28/09/2026,2026-09-28,computed: arithmetic mean of 4 weekly quotes whose week begins in this month; raw weekly values in eu_weekly.csv
skimmed_milk_powder,"EC: SMP (skimmed milk powder), EU average price - MONTHLY MEAN OF WEEKLY QUOTES (computed by us)",European Commission Agri-food Data Portal API,EUR/100kg,2020-06,213.76,https://ec.europa.eu/agrifood/api/dairy/prices?memberStateCodes=EU&beginDate=01/01/2020&endDate=28/09/2026,2026-09-28,computed: arithmetic mean of 5 weekly quotes whose week begins in this month; raw weekly values in eu_weekly.csv
skimmed_milk_powder,"EC: SMP (skimmed milk powder), EU average price - MONTHLY MEAN OF WEEKLY QUOTES (computed by us)",European Commission Agri-food Data Portal API,EUR/100kg,2020-07,210.73,https://ec.europa.eu/agrifood/api/dairy/prices?memberStateCodes=EU&beginDate=01/01/2020&endDate=28/09/2026,2026-09-28,computed: arithmetic mean of 4 weekly quotes whose week begins in this month; raw weekly values in eu_weekly.csv
skimmed_milk_powder,"EC: SMP (skimmed milk powder), EU average price - MONTHLY MEAN OF WEEKLY QUOTES (computed by us)",European Commission Agri-food Data Portal API,EUR/100kg,2020-08,211.43,https://ec.europa.eu/agrifood/api/dairy/prices?memberStateCodes=EU&beginDate=01/01/2020&endDate=28/09/2026,2026-09-28,computed: arithmetic mean of 5 weekly quotes whose week begins in this month; raw weekly values in eu_weekly.csv
skimmed_milk_powder,"EC: SMP (skimmed milk powder), EU average price - MONTHLY MEAN OF WEEKLY QUOTES (computed by us)",European Commission Agri-food Data Portal API,EUR/100kg,2020-09,215.67,https://ec.europa.eu/agrifood/api/dairy/prices?memberStateCodes=EU&beginDate=01/01/2020&endDate=28/09/2026,2026-09-28,computed: arithmetic mean of 4 weekly quotes whose week begins in this month; raw weekly values in eu_weekly.csv
skimmed_milk_powder,"EC: SMP (skimmed milk powder), EU average price - MONTHLY MEAN OF WEEKLY QUOTES (computed by us)",European Commission Agri-food Data Portal API,EUR/100kg,2020-10,217.18,https://ec.europa.eu/agrifood/api/dairy/prices?memberStateCodes=EU&beginDate=01/01/2020&endDate=28/09/2026,2026-09-28,computed: arithmetic mean of 4 weekly quotes whose week begins in this month; raw weekly values in eu_weekly.csv
skimmed_milk_powder,"EC: SMP (skimmed milk powder), EU average price - MONTHLY MEAN OF WEEKLY QUOTES (computed by us)",European Commission Agri-food Data Portal API,EUR/100kg,2020-11,216.41,https://ec.europa.eu/agrifood/api/dairy/prices?memberStateCodes=EU&beginDate=01/01/2020&endDate=28/09/2026,2026-09-28,computed: arithmetic mean of 5 weekly quotes whose week begins in this month; raw weekly values in eu_weekly.csv
skimmed_milk_powder,"EC: SMP (skimmed milk powder), EU average price - MONTHLY MEAN OF WEEKLY QUOTES (computed by us)",European Commission Agri-food Data Portal API,EUR/100kg,2020-12,219.20,https://ec.europa.eu/agrifood/api/dairy/prices?memberStateCodes=EU&beginDate=01/01/2020&endDate=28/09/2026,2026-09-28,computed: arithmetic mean of 4 weekly quotes whose week begins in this month; raw weekly values in eu_weekly.csv
skimmed_milk_powder,"EC: SMP (skimmed milk powder), EU average price - MONTHLY MEAN OF WEEKLY QUOTES (computed by us)",European Commission Agri-food Data Portal API,EUR/100kg,2021-01,226.90,https://ec.europa.eu/agrifood/api/dairy/prices?memberStateCodes=EU&beginDate=01/01/2020&endDate=28/09/2026,2026-09-28,computed: arithmetic mean of 4 weekly quotes whose week begins in this month; raw weekly values in eu_weekly.csv
skimmed_milk_powder,"EC: SMP (skimmed milk powder), EU average price - MONTHLY MEAN OF WEEKLY QUOTES (computed by us)",European Commission Agri-food Data Portal API,EUR/100kg,2021-02,234.17,https://ec.europa.eu/agrifood/api/dairy/prices?memberStateCodes=EU&beginDate=01/01/2020&endDate=28/09/2026,2026-09-28,computed: arithmetic mean of 4 weekly quotes whose week begins in this month; raw weekly values in eu_weekly.csv
skimmed_milk_powder,"EC: SMP (skimmed milk powder), EU average price - MONTHLY MEAN OF WEEKLY QUOTES (computed by us)",European Commission Agri-food Data Portal API,EUR/100kg,2021-03,242.79,https://ec.europa.eu/agrifood/api/dairy/prices?memberStateCodes=EU&beginDate=01/01/2020&endDate=28/09/2026,2026-09-28,computed: arithmetic mean of 5 weekly quotes whose week begins in this month; raw weekly values in eu_weekly.csv
skimmed_milk_powder,"EC: SMP (skimmed milk powder), EU average price - MONTHLY MEAN OF WEEKLY QUOTES (computed by us)",European Commission Agri-food Data Portal API,EUR/100kg,2021-04,249.18,https://ec.europa.eu/agrifood/api/dairy/prices?memberStateCodes=EU&beginDate=01/01/2020&endDate=28/09/2026,2026-09-28,computed: arithmetic mean of 4 weekly quotes whose week begins in this month; raw weekly values in eu_weekly.csv
skimmed_milk_powder,"EC: SMP (skimmed milk powder), EU average price - MONTHLY MEAN OF WEEKLY QUOTES (computed by us)",European Commission Agri-food Data Portal API,EUR/100kg,2021-05,256.41,https://ec.europa.eu/agrifood/api/dairy/prices?memberStateCodes=EU&beginDate=01/01/2020&endDate=28/09/2026,2026-09-28,computed: arithmetic mean of 5 weekly quotes whose week begins in this month; raw weekly values in eu_weekly.csv
skimmed_milk_powder,"EC: SMP (skimmed milk powder), EU average price - MONTHLY MEAN OF WEEKLY QUOTES (computed by us)",European Commission Agri-food Data Portal API,EUR/100kg,2021-06,256.56,https://ec.europa.eu/agrifood/api/dairy/prices?memberStateCodes=EU&beginDate=01/01/2020&endDate=28/09/2026,2026-09-28,computed: arithmetic mean of 4 weekly quotes whose week begins in this month; raw weekly values in eu_weekly.csv
skimmed_milk_powder,"EC: SMP (skimmed milk powder), EU average price - MONTHLY MEAN OF WEEKLY QUOTES (computed by us)",European Commission Agri-food Data Portal API,EUR/100kg,2021-07,250.20,https://ec.europa.eu/agrifood/api/dairy/prices?memberStateCodes=EU&beginDate=01/01/2020&endDate=28/09/2026,2026-09-28,computed: arithmetic mean of 4 weekly quotes whose week begins in this month; raw weekly values in eu_weekly.csv
skimmed_milk_powder,"EC: SMP (skimmed milk powder), EU average price - MONTHLY MEAN OF WEEKLY QUOTES (computed by us)",European Commission Agri-food Data Portal API,EUR/100kg,2021-08,252.36,https://ec.europa.eu/agrifood/api/dairy/prices?memberStateCodes=EU&beginDate=01/01/2020&endDate=28/09/2026,2026-09-28,computed: arithmetic mean of 5 weekly quotes whose week begins in this month; raw weekly values in eu_weekly.csv
skimmed_milk_powder,"EC: SMP (skimmed milk powder), EU average price - MONTHLY MEAN OF WEEKLY QUOTES (computed by us)",European Commission Agri-food Data Portal API,EUR/100kg,2021-09,264.28,https://ec.europa.eu/agrifood/api/dairy/prices?memberStateCodes=EU&beginDate=01/01/2020&endDate=28/09/2026,2026-09-28,computed: arithmetic mean of 4 weekly quotes whose week begins in this month; raw weekly values in eu_weekly.csv
skimmed_milk_powder,"EC: SMP (skimmed milk powder), EU average price - MONTHLY MEAN OF WEEKLY QUOTES (computed by us)",European Commission Agri-food Data Portal API,EUR/100kg,2021-10,283.26,https://ec.europa.eu/agrifood/api/dairy/prices?memberStateCodes=EU&beginDate=01/01/2020&endDate=28/09/2026,2026-09-28,computed: arithmetic mean of 4 weekly quotes whose week begins in this month; raw weekly values in eu_weekly.csv
skimmed_milk_powder,"EC: SMP (skimmed milk powder), EU average price - MONTHLY MEAN OF WEEKLY QUOTES (computed by us)",European Commission Agri-food Data Portal API,EUR/100kg,2021-11,305.75,https://ec.europa.eu/agrifood/api/dairy/prices?memberStateCodes=EU&beginDate=01/01/2020&endDate=28/09/2026,2026-09-28,computed: arithmetic mean of 5 weekly quotes whose week begins in this month; raw weekly values in eu_weekly.csv
skimmed_milk_powder,"EC: SMP (skimmed milk powder), EU average price - MONTHLY MEAN OF WEEKLY QUOTES (computed by us)",European Commission Agri-food Data Portal API,EUR/100kg,2021-12,324.42,https://ec.europa.eu/agrifood/api/dairy/prices?memberStateCodes=EU&beginDate=01/01/2020&endDate=28/09/2026,2026-09-28,computed: arithmetic mean of 4 weekly quotes whose week begins in this month; raw weekly values in eu_weekly.csv
skimmed_milk_powder,"EC: SMP (skimmed milk powder), EU average price - MONTHLY MEAN OF WEEKLY QUOTES (computed by us)",European Commission Agri-food Data Portal API,EUR/100kg,2022-01,341.40,https://ec.europa.eu/agrifood/api/dairy/prices?memberStateCodes=EU&beginDate=01/01/2020&endDate=28/09/2026,2026-09-28,computed: arithmetic mean of 5 weekly quotes whose week begins in this month; raw weekly values in eu_weekly.csv
skimmed_milk_powder,"EC: SMP (skimmed milk powder), EU average price - MONTHLY MEAN OF WEEKLY QUOTES (computed by us)",European Commission Agri-food Data Portal API,EUR/100kg,2022-02,362.97,https://ec.europa.eu/agrifood/api/dairy/prices?memberStateCodes=EU&beginDate=01/01/2020&endDate=28/09/2026,2026-09-28,computed: arithmetic mean of 4 weekly quotes whose week begins in this month; raw weekly values in eu_weekly.csv
skimmed_milk_powder,"EC: SMP (skimmed milk powder), EU average price - MONTHLY MEAN OF WEEKLY QUOTES (computed by us)",European Commission Agri-food Data Portal API,EUR/100kg,2022-03,392.16,https://ec.europa.eu/agrifood/api/dairy/prices?memberStateCodes=EU&beginDate=01/01/2020&endDate=28/09/2026,2026-09-28,computed: arithmetic mean of 4 weekly quotes whose week begins in this month; raw weekly values in eu_weekly.csv
skimmed_milk_powder,"EC: SMP (skimmed milk powder), EU average price - MONTHLY MEAN OF WEEKLY QUOTES (computed by us)",European Commission Agri-food Data Portal API,EUR/100kg,2022-04,409.23,https://ec.europa.eu/agrifood/api/dairy/prices?memberStateCodes=EU&beginDate=01/01/2020&endDate=28/09/2026,2026-09-28,computed: arithmetic mean of 4 weekly quotes whose week begins in this month; raw weekly values in eu_weekly.csv
skimmed_milk_powder,"EC: SMP (skimmed milk powder), EU average price - MONTHLY MEAN OF WEEKLY QUOTES (computed by us)",European Commission Agri-food Data Portal API,EUR/100kg,2022-05,401.21,https://ec.europa.eu/agrifood/api/dairy/prices?memberStateCodes=EU&beginDate=01/01/2020&endDate=28/09/2026,2026-09-28,computed: arithmetic mean of 5 weekly quotes whose week begins in this month; raw weekly values in eu_weekly.csv
skimmed_milk_powder,"EC: SMP (skimmed milk powder), EU average price - MONTHLY MEAN OF WEEKLY QUOTES (computed by us)",European Commission Agri-food Data Portal API,EUR/100kg,2022-06,402.44,https://ec.europa.eu/agrifood/api/dairy/prices?memberStateCodes=EU&beginDate=01/01/2020&endDate=28/09/2026,2026-09-28,computed: arithmetic mean of 4 weekly quotes whose week begins in this month; raw weekly values in eu_weekly.csv
skimmed_milk_powder,"EC: SMP (skimmed milk powder), EU average price - MONTHLY MEAN OF WEEKLY QUOTES (computed by us)",European Commission Agri-food Data Portal API,EUR/100kg,2022-07,387.58,https://ec.europa.eu/agrifood/api/dairy/prices?memberStateCodes=EU&beginDate=01/01/2020&endDate=28/09/2026,2026-09-28,computed: arithmetic mean of 4 weekly quotes whose week begins in this month; raw weekly values in eu_weekly.csv
skimmed_milk_powder,"EC: SMP (skimmed milk powder), EU average price - MONTHLY MEAN OF WEEKLY QUOTES (computed by us)",European Commission Agri-food Data Portal API,EUR/100kg,2022-08,372.75,https://ec.europa.eu/agrifood/api/dairy/prices?memberStateCodes=EU&beginDate=01/01/2020&endDate=28/09/2026,2026-09-28,computed: arithmetic mean of 5 weekly quotes whose week begins in this month; raw weekly values in eu_weekly.csv
skimmed_milk_powder,"EC: SMP (skimmed milk powder), EU average price - MONTHLY MEAN OF WEEKLY QUOTES (computed by us)",European Commission Agri-food Data Portal API,EUR/100kg,2022-09,374.34,https://ec.europa.eu/agrifood/api/dairy/prices?memberStateCodes=EU&beginDate=01/01/2020&endDate=28/09/2026,2026-09-28,computed: arithmetic mean of 4 weekly quotes whose week begins in this month; raw weekly values in eu_weekly.csv
skimmed_milk_powder,"EC: SMP (skimmed milk powder), EU average price - MONTHLY MEAN OF WEEKLY QUOTES (computed by us)",European Commission Agri-food Data Portal API,EUR/100kg,2022-10,351.22,https://ec.europa.eu/agrifood/api/dairy/prices?memberStateCodes=EU&beginDate=01/01/2020&endDate=28/09/2026,2026-09-28,computed: arithmetic mean of 5 weekly quotes whose week begins in this month; raw weekly values in eu_weekly.csv
skimmed_milk_powder,"EC: SMP (skimmed milk powder), EU average price - MONTHLY MEAN OF WEEKLY QUOTES (computed by us)",European Commission Agri-food Data Portal API,EUR/100kg,2022-11,313.50,https://ec.europa.eu/agrifood/api/dairy/prices?memberStateCodes=EU&beginDate=01/01/2020&endDate=28/09/2026,2026-09-28,computed: arithmetic mean of 4 weekly quotes whose week begins in this month; raw weekly values in eu_weekly.csv
skimmed_milk_powder,"EC: SMP (skimmed milk powder), EU average price - MONTHLY MEAN OF WEEKLY QUOTES (computed by us)",European Commission Agri-food Data Portal API,EUR/100kg,2022-12,296.80,https://ec.europa.eu/agrifood/api/dairy/prices?memberStateCodes=EU&beginDate=01/01/2020&endDate=28/09/2026,2026-09-28,computed: arithmetic mean of 4 weekly quotes whose week begins in this month; raw weekly values in eu_weekly.csv
skimmed_milk_powder,"EC: SMP (skimmed milk powder), EU average price - MONTHLY MEAN OF WEEKLY QUOTES (computed by us)",European Commission Agri-food Data Portal API,EUR/100kg,2023-01,268.57,https://ec.europa.eu/agrifood/api/dairy/prices?memberStateCodes=EU&beginDate=01/01/2020&endDate=28/09/2026,2026-09-28,computed: arithmetic mean of 5 weekly quotes whose week begins in this month; raw weekly values in eu_weekly.csv
skimmed_milk_powder,"EC: SMP (skimmed milk powder), EU average price - MONTHLY MEAN OF WEEKLY QUOTES (computed by us)",European Commission Agri-food Data Portal API,EUR/100kg,2023-02,259.65,https://ec.europa.eu/agrifood/api/dairy/prices?memberStateCodes=EU&beginDate=01/01/2020&endDate=28/09/2026,2026-09-28,computed: arithmetic mean of 4 weekly quotes whose week begins in this month; raw weekly values in eu_weekly.csv
skimmed_milk_powder,"EC: SMP (skimmed milk powder), EU average price - MONTHLY MEAN OF WEEKLY QUOTES (computed by us)",European Commission Agri-food Data Portal API,EUR/100kg,2023-03,253.76,https://ec.europa.eu/agrifood/api/dairy/prices?memberStateCodes=EU&beginDate=01/01/2020&endDate=28/09/2026,2026-09-28,computed: arithmetic mean of 4 weekly quotes whose week begins in this month; raw weekly values in eu_weekly.csv
skimmed_milk_powder,"EC: SMP (skimmed milk powder), EU average price - MONTHLY MEAN OF WEEKLY QUOTES (computed by us)",European Commission Agri-food Data Portal API,EUR/100kg,2023-04,242.52,https://ec.europa.eu/agrifood/api/dairy/prices?memberStateCodes=EU&beginDate=01/01/2020&endDate=28/09/2026,2026-09-28,computed: arithmetic mean of 4 weekly quotes whose week begins in this month; raw weekly values in eu_weekly.csv
skimmed_milk_powder,"EC: SMP (skimmed milk powder), EU average price - MONTHLY MEAN OF WEEKLY QUOTES (computed by us)",European Commission Agri-food Data Portal API,EUR/100kg,2023-05,246.15,https://ec.europa.eu/agrifood/api/dairy/prices?memberStateCodes=EU&beginDate=01/01/2020&endDate=28/09/2026,2026-09-28,computed: arithmetic mean of 5 weekly quotes whose week begins in this month; raw weekly values in eu_weekly.csv
skimmed_milk_powder,"EC: SMP (skimmed milk powder), EU average price - MONTHLY MEAN OF WEEKLY QUOTES (computed by us)",European Commission Agri-food Data Portal API,EUR/100kg,2023-06,248.07,https://ec.europa.eu/agrifood/api/dairy/prices?memberStateCodes=EU&beginDate=01/01/2020&endDate=28/09/2026,2026-09-28,computed: arithmetic mean of 4 weekly quotes whose week begins in this month; raw weekly values in eu_weekly.csv
skimmed_milk_powder,"EC: SMP (skimmed milk powder), EU average price - MONTHLY MEAN OF WEEKLY QUOTES (computed by us)",European Commission Agri-food Data Portal API,EUR/100kg,2023-07,233.61,https://ec.europa.eu/agrifood/api/dairy/prices?memberStateCodes=EU&beginDate=01/01/2020&endDate=28/09/2026,2026-09-28,computed: arithmetic mean of 5 weekly quotes whose week begins in this month; raw weekly values in eu_weekly.csv
skimmed_milk_powder,"EC: SMP (skimmed milk powder), EU average price - MONTHLY MEAN OF WEEKLY QUOTES (computed by us)",European Commission Agri-food Data Portal API,EUR/100kg,2023-08,227.99,https://ec.europa.eu/agrifood/api/dairy/prices?memberStateCodes=EU&beginDate=01/01/2020&endDate=28/09/2026,2026-09-28,computed: arithmetic mean of 4 weekly quotes whose week begins in this month; raw weekly values in eu_weekly.csv
skimmed_milk_powder,"EC: SMP (skimmed milk powder), EU average price - MONTHLY MEAN OF WEEKLY QUOTES (computed by us)",European Commission Agri-food Data Portal API,EUR/100kg,2023-09,233.24,https://ec.europa.eu/agrifood/api/dairy/prices?memberStateCodes=EU&beginDate=01/01/2020&endDate=28/09/2026,2026-09-28,computed: arithmetic mean of 4 weekly quotes whose week begins in this month; raw weekly values in eu_weekly.csv
skimmed_milk_powder,"EC: SMP (skimmed milk powder), EU average price - MONTHLY MEAN OF WEEKLY QUOTES (computed by us)",European Commission Agri-food Data Portal API,EUR/100kg,2023-10,252.86,https://ec.europa.eu/agrifood/api/dairy/prices?memberStateCodes=EU&beginDate=01/01/2020&endDate=28/09/2026,2026-09-28,computed: arithmetic mean of 5 weekly quotes whose week begins in this month; raw weekly values in eu_weekly.csv
skimmed_milk_powder,"EC: SMP (skimmed milk powder), EU average price - MONTHLY MEAN OF WEEKLY QUOTES (computed by us)",European Commission Agri-food Data Portal API,EUR/100kg,2023-11,260.12,https://ec.europa.eu/agrifood/api/dairy/prices?memberStateCodes=EU&beginDate=01/01/2020&endDate=28/09/2026,2026-09-28,computed: arithmetic mean of 4 weekly quotes whose week begins in this month; raw weekly values in eu_weekly.csv
skimmed_milk_powder,"EC: SMP (skimmed milk powder), EU average price - MONTHLY MEAN OF WEEKLY QUOTES (computed by us)",European Commission Agri-food Data Portal API,EUR/100kg,2023-12,260.55,https://ec.europa.eu/agrifood/api/dairy/prices?memberStateCodes=EU&beginDate=01/01/2020&endDate=28/09/2026,2026-09-28,computed: arithmetic mean of 4 weekly quotes whose week begins in this month; raw weekly values in eu_weekly.csv
skimmed_milk_powder,"EC: SMP (skimmed milk powder), EU average price - MONTHLY MEAN OF WEEKLY QUOTES (computed by us)",European Commission Agri-food Data Portal API,EUR/100kg,2024-01,252.77,https://ec.europa.eu/agrifood/api/dairy/prices?memberStateCodes=EU&beginDate=01/01/2020&endDate=28/09/2026,2026-09-28,computed: arithmetic mean of 5 weekly quotes whose week begins in this month; raw weekly values in eu_weekly.csv
skimmed_milk_powder,"EC: SMP (skimmed milk powder), EU average price - MONTHLY MEAN OF WEEKLY QUOTES (computed by us)",European Commission Agri-food Data Portal API,EUR/100kg,2024-02,251.09,https://ec.europa.eu/agrifood/api/dairy/prices?memberStateCodes=EU&beginDate=01/01/2020&endDate=28/09/2026,2026-09-28,computed: arithmetic mean of 4 weekly quotes whose week begins in this month; raw weekly values in eu_weekly.csv
skimmed_milk_powder,"EC: SMP (skimmed milk powder), EU average price - MONTHLY MEAN OF WEEKLY QUOTES (computed by us)",European Commission Agri-food Data Portal API,EUR/100kg,2024-03,243.38,https://ec.europa.eu/agrifood/api/dairy/prices?memberStateCodes=EU&beginDate=01/01/2020&endDate=28/09/2026,2026-09-28,computed: arithmetic mean of 4 weekly quotes whose week begins in this month; raw weekly values in eu_weekly.csv
skimmed_milk_powder,"EC: SMP (skimmed milk powder), EU average price - MONTHLY MEAN OF WEEKLY QUOTES (computed by us)",European Commission Agri-food Data Portal API,EUR/100kg,2024-04,239.44,https://ec.europa.eu/agrifood/api/dairy/prices?memberStateCodes=EU&beginDate=01/01/2020&endDate=28/09/2026,2026-09-28,computed: arithmetic mean of 5 weekly quotes whose week begins in this month; raw weekly values in eu_weekly.csv
skimmed_milk_powder,"EC: SMP (skimmed milk powder), EU average price - MONTHLY MEAN OF WEEKLY QUOTES (computed by us)",European Commission Agri-food Data Portal API,EUR/100kg,2024-05,243.91,https://ec.europa.eu/agrifood/api/dairy/prices?memberStateCodes=EU&beginDate=01/01/2020&endDate=28/09/2026,2026-09-28,computed: arithmetic mean of 4 weekly quotes whose week begins in this month; raw weekly values in eu_weekly.csv
skimmed_milk_powder,"EC: SMP (skimmed milk powder), EU average price - MONTHLY MEAN OF WEEKLY QUOTES (computed by us)",European Commission Agri-food Data Portal API,EUR/100kg,2024-06,244.41,https://ec.europa.eu/agrifood/api/dairy/prices?memberStateCodes=EU&beginDate=01/01/2020&endDate=28/09/2026,2026-09-28,computed: arithmetic mean of 4 weekly quotes whose week begins in this month; raw weekly values in eu_weekly.csv
skimmed_milk_powder,"EC: SMP (skimmed milk powder), EU average price - MONTHLY MEAN OF WEEKLY QUOTES (computed by us)",European Commission Agri-food Data Portal API,EUR/100kg,2024-07,238.00,https://ec.europa.eu/agrifood/api/dairy/prices?memberStateCodes=EU&beginDate=01/01/2020&endDate=28/09/2026,2026-09-28,computed: arithmetic mean of 5 weekly quotes whose week begins in this month; raw weekly values in eu_weekly.csv
skimmed_milk_powder,"EC: SMP (skimmed milk powder), EU average price - MONTHLY MEAN OF WEEKLY QUOTES (computed by us)",European Commission Agri-food Data Portal API,EUR/100kg,2024-08,245.62,https://ec.europa.eu/agrifood/api/dairy/prices?memberStateCodes=EU&beginDate=01/01/2020&endDate=28/09/2026,2026-09-28,computed: arithmetic mean of 4 weekly quotes whose week begins in this month; raw weekly values in eu_weekly.csv
skimmed_milk_powder,"EC: SMP (skimmed milk powder), EU average price - MONTHLY MEAN OF WEEKLY QUOTES (computed by us)",European Commission Agri-food Data Portal API,EUR/100kg,2024-09,255.72,https://ec.europa.eu/agrifood/api/dairy/prices?memberStateCodes=EU&beginDate=01/01/2020&endDate=28/09/2026,2026-09-28,computed: arithmetic mean of 5 weekly quotes whose week begins in this month; raw weekly values in eu_weekly.csv
skimmed_milk_powder,"EC: SMP (skimmed milk powder), EU average price - MONTHLY MEAN OF WEEKLY QUOTES (computed by us)",European Commission Agri-food Data Portal API,EUR/100kg,2024-10,249.12,https://ec.europa.eu/agrifood/api/dairy/prices?memberStateCodes=EU&beginDate=01/01/2020&endDate=28/09/2026,2026-09-28,computed: arithmetic mean of 4 weekly quotes whose week begins in this month; raw weekly values in eu_weekly.csv
skimmed_milk_powder,"EC: SMP (skimmed milk powder), EU average price - MONTHLY MEAN OF WEEKLY QUOTES (computed by us)",European Commission Agri-food Data Portal API,EUR/100kg,2024-11,258.63,https://ec.europa.eu/agrifood/api/dairy/prices?memberStateCodes=EU&beginDate=01/01/2020&endDate=28/09/2026,2026-09-28,computed: arithmetic mean of 4 weekly quotes whose week begins in this month; raw weekly values in eu_weekly.csv
skimmed_milk_powder,"EC: SMP (skimmed milk powder), EU average price - MONTHLY MEAN OF WEEKLY QUOTES (computed by us)",European Commission Agri-food Data Portal API,EUR/100kg,2024-12,258.03,https://ec.europa.eu/agrifood/api/dairy/prices?memberStateCodes=EU&beginDate=01/01/2020&endDate=28/09/2026,2026-09-28,computed: arithmetic mean of 5 weekly quotes whose week begins in this month; raw weekly values in eu_weekly.csv
skimmed_milk_powder,"EC: SMP (skimmed milk powder), EU average price - MONTHLY MEAN OF WEEKLY QUOTES (computed by us)",European Commission Agri-food Data Portal API,EUR/100kg,2025-01,254.46,https://ec.europa.eu/agrifood/api/dairy/prices?memberStateCodes=EU&beginDate=01/01/2020&endDate=28/09/2026,2026-09-28,computed: arithmetic mean of 4 weekly quotes whose week begins in this month; raw weekly values in eu_weekly.csv
skimmed_milk_powder,"EC: SMP (skimmed milk powder), EU average price - MONTHLY MEAN OF WEEKLY QUOTES (computed by us)",European Commission Agri-food Data Portal API,EUR/100kg,2025-02,254.49,https://ec.europa.eu/agrifood/api/dairy/prices?memberStateCodes=EU&beginDate=01/01/2020&endDate=28/09/2026,2026-09-28,computed: arithmetic mean of 4 weekly quotes whose week begins in this month; raw weekly values in eu_weekly.csv
skimmed_milk_powder,"EC: SMP (skimmed milk powder), EU average price - MONTHLY MEAN OF WEEKLY QUOTES (computed by us)",European Commission Agri-food Data Portal API,EUR/100kg,2025-03,249.76,https://ec.europa.eu/agrifood/api/dairy/prices?memberStateCodes=EU&beginDate=01/01/2020&endDate=28/09/2026,2026-09-28,computed: arithmetic mean of 5 weekly quotes whose week begins in this month; raw weekly values in eu_weekly.csv
skimmed_milk_powder,"EC: SMP (skimmed milk powder), EU average price - MONTHLY MEAN OF WEEKLY QUOTES (computed by us)",European Commission Agri-food Data Portal API,EUR/100kg,2025-04,244.31,https://ec.europa.eu/agrifood/api/dairy/prices?memberStateCodes=EU&beginDate=01/01/2020&endDate=28/09/2026,2026-09-28,computed: arithmetic mean of 4 weekly quotes whose week begins in this month; raw weekly values in eu_weekly.csv
skimmed_milk_powder,"EC: SMP (skimmed milk powder), EU average price - MONTHLY MEAN OF WEEKLY QUOTES (computed by us)",European Commission Agri-food Data Portal API,EUR/100kg,2025-05,244.86,https://ec.europa.eu/agrifood/api/dairy/prices?memberStateCodes=EU&beginDate=01/01/2020&endDate=28/09/2026,2026-09-28,computed: arithmetic mean of 4 weekly quotes whose week begins in this month; raw weekly values in eu_weekly.csv
skimmed_milk_powder,"EC: SMP (skimmed milk powder), EU average price - MONTHLY MEAN OF WEEKLY QUOTES (computed by us)",European Commission Agri-food Data Portal API,EUR/100kg,2025-06,242.10,https://ec.europa.eu/agrifood/api/dairy/prices?memberStateCodes=EU&beginDate=01/01/2020&endDate=28/09/2026,2026-09-28,computed: arithmetic mean of 5 weekly quotes whose week begins in this month; raw weekly values in eu_weekly.csv
skimmed_milk_powder,"EC: SMP (skimmed milk powder), EU average price - MONTHLY MEAN OF WEEKLY QUOTES (computed by us)",European Commission Agri-food Data Portal API,EUR/100kg,2025-07,239.26,https://ec.europa.eu/agrifood/api/dairy/prices?memberStateCodes=EU&beginDate=01/01/2020&endDate=28/09/2026,2026-09-28,computed: arithmetic mean of 4 weekly quotes whose week begins in this month; raw weekly values in eu_weekly.csv
skimmed_milk_powder,"EC: SMP (skimmed milk powder), EU average price - MONTHLY MEAN OF WEEKLY QUOTES (computed by us)",European Commission Agri-food Data Portal API,EUR/100kg,2025-08,240.12,https://ec.europa.eu/agrifood/api/dairy/prices?memberStateCodes=EU&beginDate=01/01/2020&endDate=28/09/2026,2026-09-28,computed: arithmetic mean of 4 weekly quotes whose week begins in this month; raw weekly values in eu_weekly.csv
skimmed_milk_powder,"EC: SMP (skimmed milk powder), EU average price - MONTHLY MEAN OF WEEKLY QUOTES (computed by us)",European Commission Agri-food Data Portal API,EUR/100kg,2025-09,228.88,https://ec.europa.eu/agrifood/api/dairy/prices?memberStateCodes=EU&beginDate=01/01/2020&endDate=28/09/2026,2026-09-28,computed: arithmetic mean of 5 weekly quotes whose week begins in this month; raw weekly values in eu_weekly.csv
skimmed_milk_powder,"EC: SMP (skimmed milk powder), EU average price - MONTHLY MEAN OF WEEKLY QUOTES (computed by us)",European Commission Agri-food Data Portal API,EUR/100kg,2025-10,217.59,https://ec.europa.eu/agrifood/api/dairy/prices?memberStateCodes=EU&beginDate=01/01/2020&endDate=28/09/2026,2026-09-28,computed: arithmetic mean of 4 weekly quotes whose week begins in this month; raw weekly values in eu_weekly.csv
skimmed_milk_powder,"EC: SMP (skimmed milk powder), EU average price - MONTHLY MEAN OF WEEKLY QUOTES (computed by us)",European Commission Agri-food Data Portal API,EUR/100kg,2025-11,212.44,https://ec.europa.eu/agrifood/api/dairy/prices?memberStateCodes=EU&beginDate=01/01/2020&endDate=28/09/2026,2026-09-28,computed: arithmetic mean of 4 weekly quotes whose week begins in this month; raw weekly values in eu_weekly.csv
skimmed_milk_powder,"EC: SMP (skimmed milk powder), EU average price - MONTHLY MEAN OF WEEKLY QUOTES (computed by us)",European Commission Agri-food Data Portal API,EUR/100kg,2025-12,203.70,https://ec.europa.eu/agrifood/api/dairy/prices?memberStateCodes=EU&beginDate=01/01/2020&endDate=28/09/2026,2026-09-28,computed: arithmetic mean of 5 weekly quotes whose week begins in this month; raw weekly values in eu_weekly.csv
skimmed_milk_powder,"EC: SMP (skimmed milk powder), EU average price - MONTHLY MEAN OF WEEKLY QUOTES (computed by us)",European Commission Agri-food Data Portal API,EUR/100kg,2026-01,210.78,https://ec.europa.eu/agrifood/api/dairy/prices?memberStateCodes=EU&beginDate=01/01/2020&endDate=28/09/2026,2026-09-28,computed: arithmetic mean of 4 weekly quotes whose week begins in this month; raw weekly values in eu_weekly.csv
skimmed_milk_powder,"EC: SMP (skimmed milk powder), EU average price - MONTHLY MEAN OF WEEKLY QUOTES (computed by us)",European Commission Agri-food Data Portal API,EUR/100kg,2026-02,231.34,https://ec.europa.eu/agrifood/api/dairy/prices?memberStateCodes=EU&beginDate=01/01/2020&endDate=28/09/2026,2026-09-28,computed: arithmetic mean of 4 weekly quotes whose week begins in this month; raw weekly values in eu_weekly.csv
skimmed_milk_powder,"EC: SMP (skimmed milk powder), EU average price - MONTHLY MEAN OF WEEKLY QUOTES (computed by us)",European Commission Agri-food Data Portal API,EUR/100kg,2026-03,254.30,https://ec.europa.eu/agrifood/api/dairy/prices?memberStateCodes=EU&beginDate=01/01/2020&endDate=28/09/2026,2026-09-28,computed: arithmetic mean of 5 weekly quotes whose week begins in this month; raw weekly values in eu_weekly.csv
skimmed_milk_powder,"EC: SMP (skimmed milk powder), EU average price - MONTHLY MEAN OF WEEKLY QUOTES (computed by us)",European Commission Agri-food Data Portal API,EUR/100kg,2026-04,263.40,https://ec.europa.eu/agrifood/api/dairy/prices?memberStateCodes=EU&beginDate=01/01/2020&endDate=28/09/2026,2026-09-28,computed: arithmetic mean of 4 weekly quotes whose week begins in this month; raw weekly values in eu_weekly.csv
skimmed_milk_powder,"EC: SMP (skimmed milk powder), EU average price - MONTHLY MEAN OF WEEKLY QUOTES (computed by us)",European Commission Agri-food Data Portal API,EUR/100kg,2026-05,279.90,https://ec.europa.eu/agrifood/api/dairy/prices?memberStateCodes=EU&beginDate=01/01/2020&endDate=28/09/2026,2026-09-28,computed: arithmetic mean of 4 weekly quotes whose week begins in this month; raw weekly values in eu_weekly.csv
skimmed_milk_powder,"EC: SMP (skimmed milk powder), EU average price - MONTHLY MEAN OF WEEKLY QUOTES (computed by us)",European Commission Agri-food Data Portal API,EUR/100kg,2026-06,272.34,https://ec.europa.eu/agrifood/api/dairy/prices?memberStateCodes=EU&beginDate=01/01/2020&endDate=28/09/2026,2026-09-28,computed: arithmetic mean of 5 weekly quotes whose week begins in this month; raw weekly values in eu_weekly.csv
skimmed_milk_powder,"EC: SMP (skimmed milk powder), EU average price - MONTHLY MEAN OF WEEKLY QUOTES (computed by us)",European Commission Agri-food Data Portal API,EUR/100kg,2026-07,275.57,https://ec.europa.eu/agrifood/api/dairy/prices?memberStateCodes=EU&beginDate=01/01/2020&endDate=28/09/2026,2026-09-28,computed: arithmetic mean of 4 weekly quotes whose week begins in this month; raw weekly values in eu_weekly.csv
skimmed_milk_powder,"EC: SMP (skimmed milk powder), EU average price - MONTHLY MEAN OF WEEKLY QUOTES (computed by us)",European Commission Agri-food Data Portal API,EUR/100kg,2026-08,293.77,https://ec.europa.eu/agrifood/api/dairy/prices?memberStateCodes=EU&beginDate=01/01/2020&endDate=28/09/2026,2026-09-28,computed: arithmetic mean of 5 weekly quotes whose week begins in this month; raw weekly values in eu_weekly.csv
skimmed_milk_powder,"EC: SMP (skimmed milk powder), EU average price - MONTHLY MEAN OF WEEKLY QUOTES (computed by us)",European Commission Agri-food Data Portal API,EUR/100kg,2026-09,308.46,https://ec.europa.eu/agrifood/api/dairy/prices?memberStateCodes=EU&beginDate=01/01/2020&endDate=28/09/2026,2026-09-28,PARTIAL MONTH (weeks up to 14/09/2026 only). computed: arithmetic mean of 2 weekly quotes whose week begins in this month; raw weekly values in eu_weekly.csv
eggs,"EC: Eggs, barn, EU average price - MONTHLY MEAN OF WEEKLY QUOTES (computed by us)",European Commission Agri-food Data Portal API,EUR/100kg,2022-01,157.61,https://ec.europa.eu/agrifood/api/poultry/egg/prices?memberStateCodes=EU&beginDate=01/01/2020&endDate=28/09/2026,2026-09-28,computed: arithmetic mean of 5 weekly quotes whose week begins in this month; raw weekly values in eu_weekly.csv
eggs,"EC: Eggs, barn, EU average price - MONTHLY MEAN OF WEEKLY QUOTES (computed by us)",European Commission Agri-food Data Portal API,EUR/100kg,2022-02,165.22,https://ec.europa.eu/agrifood/api/poultry/egg/prices?memberStateCodes=EU&beginDate=01/01/2020&endDate=28/09/2026,2026-09-28,computed: arithmetic mean of 4 weekly quotes whose week begins in this month; raw weekly values in eu_weekly.csv
eggs,"EC: Eggs, barn, EU average price - MONTHLY MEAN OF WEEKLY QUOTES (computed by us)",European Commission Agri-food Data Portal API,EUR/100kg,2022-03,190.17,https://ec.europa.eu/agrifood/api/poultry/egg/prices?memberStateCodes=EU&beginDate=01/01/2020&endDate=28/09/2026,2026-09-28,computed: arithmetic mean of 4 weekly quotes whose week begins in this month; raw weekly values in eu_weekly.csv
eggs,"EC: Eggs, barn, EU average price - MONTHLY MEAN OF WEEKLY QUOTES (computed by us)",European Commission Agri-food Data Portal API,EUR/100kg,2022-04,205.66,https://ec.europa.eu/agrifood/api/poultry/egg/prices?memberStateCodes=EU&beginDate=01/01/2020&endDate=28/09/2026,2026-09-28,computed: arithmetic mean of 4 weekly quotes whose week begins in this month; raw weekly values in eu_weekly.csv
eggs,"EC: Eggs, barn, EU average price - MONTHLY MEAN OF WEEKLY QUOTES (computed by us)",European Commission Agri-food Data Portal API,EUR/100kg,2022-05,199.11,https://ec.europa.eu/agrifood/api/poultry/egg/prices?memberStateCodes=EU&beginDate=01/01/2020&endDate=28/09/2026,2026-09-28,computed: arithmetic mean of 5 weekly quotes whose week begins in this month; raw weekly values in eu_weekly.csv
eggs,"EC: Eggs, barn, EU average price - MONTHLY MEAN OF WEEKLY QUOTES (computed by us)",European Commission Agri-food Data Portal API,EUR/100kg,2022-06,197.53,https://ec.europa.eu/agrifood/api/poultry/egg/prices?memberStateCodes=EU&beginDate=01/01/2020&endDate=28/09/2026,2026-09-28,computed: arithmetic mean of 4 weekly quotes whose week begins in this month; raw weekly values in eu_weekly.csv
eggs,"EC: Eggs, barn, EU average price - MONTHLY MEAN OF WEEKLY QUOTES (computed by us)",European Commission Agri-food Data Portal API,EUR/100kg,2022-07,196.33,https://ec.europa.eu/agrifood/api/poultry/egg/prices?memberStateCodes=EU&beginDate=01/01/2020&endDate=28/09/2026,2026-09-28,computed: arithmetic mean of 4 weekly quotes whose week begins in this month; raw weekly values in eu_weekly.csv
eggs,"EC: Eggs, barn, EU average price - MONTHLY MEAN OF WEEKLY QUOTES (computed by us)",European Commission Agri-food Data Portal API,EUR/100kg,2022-08,200.13,https://ec.europa.eu/agrifood/api/poultry/egg/prices?memberStateCodes=EU&beginDate=01/01/2020&endDate=28/09/2026,2026-09-28,computed: arithmetic mean of 5 weekly quotes whose week begins in this month; raw weekly values in eu_weekly.csv
eggs,"EC: Eggs, barn, EU average price - MONTHLY MEAN OF WEEKLY QUOTES (computed by us)",European Commission Agri-food Data Portal API,EUR/100kg,2022-09,214.58,https://ec.europa.eu/agrifood/api/poultry/egg/prices?memberStateCodes=EU&beginDate=01/01/2020&endDate=28/09/2026,2026-09-28,computed: arithmetic mean of 4 weekly quotes whose week begins in this month; raw weekly values in eu_weekly.csv
eggs,"EC: Eggs, barn, EU average price - MONTHLY MEAN OF WEEKLY QUOTES (computed by us)",European Commission Agri-food Data Portal API,EUR/100kg,2022-10,240.71,https://ec.europa.eu/agrifood/api/poultry/egg/prices?memberStateCodes=EU&beginDate=01/01/2020&endDate=28/09/2026,2026-09-28,computed: arithmetic mean of 5 weekly quotes whose week begins in this month; raw weekly values in eu_weekly.csv
eggs,"EC: Eggs, barn, EU average price - MONTHLY MEAN OF WEEKLY QUOTES (computed by us)",European Commission Agri-food Data Portal API,EUR/100kg,2022-11,254.16,https://ec.europa.eu/agrifood/api/poultry/egg/prices?memberStateCodes=EU&beginDate=01/01/2020&endDate=28/09/2026,2026-09-28,computed: arithmetic mean of 4 weekly quotes whose week begins in this month; raw weekly values in eu_weekly.csv
eggs,"EC: Eggs, barn, EU average price - MONTHLY MEAN OF WEEKLY QUOTES (computed by us)",European Commission Agri-food Data Portal API,EUR/100kg,2022-12,259.70,https://ec.europa.eu/agrifood/api/poultry/egg/prices?memberStateCodes=EU&beginDate=01/01/2020&endDate=28/09/2026,2026-09-28,computed: arithmetic mean of 4 weekly quotes whose week begins in this month; raw weekly values in eu_weekly.csv
eggs,"EC: Eggs, barn, EU average price - MONTHLY MEAN OF WEEKLY QUOTES (computed by us)",European Commission Agri-food Data Portal API,EUR/100kg,2023-01,262.16,https://ec.europa.eu/agrifood/api/poultry/egg/prices?memberStateCodes=EU&beginDate=01/01/2020&endDate=28/09/2026,2026-09-28,computed: arithmetic mean of 5 weekly quotes whose week begins in this month; raw weekly values in eu_weekly.csv
eggs,"EC: Eggs, barn, EU average price - MONTHLY MEAN OF WEEKLY QUOTES (computed by us)",European Commission Agri-food Data Portal API,EUR/100kg,2023-02,271.18,https://ec.europa.eu/agrifood/api/poultry/egg/prices?memberStateCodes=EU&beginDate=01/01/2020&endDate=28/09/2026,2026-09-28,computed: arithmetic mean of 4 weekly quotes whose week begins in this month; raw weekly values in eu_weekly.csv
eggs,"EC: Eggs, barn, EU average price - MONTHLY MEAN OF WEEKLY QUOTES (computed by us)",European Commission Agri-food Data Portal API,EUR/100kg,2023-03,278.66,https://ec.europa.eu/agrifood/api/poultry/egg/prices?memberStateCodes=EU&beginDate=01/01/2020&endDate=28/09/2026,2026-09-28,computed: arithmetic mean of 4 weekly quotes whose week begins in this month; raw weekly values in eu_weekly.csv
eggs,"EC: Eggs, barn, EU average price - MONTHLY MEAN OF WEEKLY QUOTES (computed by us)",European Commission Agri-food Data Portal API,EUR/100kg,2023-04,275.10,https://ec.europa.eu/agrifood/api/poultry/egg/prices?memberStateCodes=EU&beginDate=01/01/2020&endDate=28/09/2026,2026-09-28,computed: arithmetic mean of 4 weekly quotes whose week begins in this month; raw weekly values in eu_weekly.csv
eggs,"EC: Eggs, barn, EU average price - MONTHLY MEAN OF WEEKLY QUOTES (computed by us)",European Commission Agri-food Data Portal API,EUR/100kg,2023-05,264.64,https://ec.europa.eu/agrifood/api/poultry/egg/prices?memberStateCodes=EU&beginDate=01/01/2020&endDate=28/09/2026,2026-09-28,computed: arithmetic mean of 5 weekly quotes whose week begins in this month; raw weekly values in eu_weekly.csv
eggs,"EC: Eggs, barn, EU average price - MONTHLY MEAN OF WEEKLY QUOTES (computed by us)",European Commission Agri-food Data Portal API,EUR/100kg,2023-06,250.52,https://ec.europa.eu/agrifood/api/poultry/egg/prices?memberStateCodes=EU&beginDate=01/01/2020&endDate=28/09/2026,2026-09-28,computed: arithmetic mean of 4 weekly quotes whose week begins in this month; raw weekly values in eu_weekly.csv
eggs,"EC: Eggs, barn, EU average price - MONTHLY MEAN OF WEEKLY QUOTES (computed by us)",European Commission Agri-food Data Portal API,EUR/100kg,2023-07,231.98,https://ec.europa.eu/agrifood/api/poultry/egg/prices?memberStateCodes=EU&beginDate=01/01/2020&endDate=28/09/2026,2026-09-28,computed: arithmetic mean of 5 weekly quotes whose week begins in this month; raw weekly values in eu_weekly.csv
eggs,"EC: Eggs, barn, EU average price - MONTHLY MEAN OF WEEKLY QUOTES (computed by us)",European Commission Agri-food Data Portal API,EUR/100kg,2023-08,230.07,https://ec.europa.eu/agrifood/api/poultry/egg/prices?memberStateCodes=EU&beginDate=01/01/2020&endDate=28/09/2026,2026-09-28,computed: arithmetic mean of 4 weekly quotes whose week begins in this month; raw weekly values in eu_weekly.csv
eggs,"EC: Eggs, barn, EU average price - MONTHLY MEAN OF WEEKLY QUOTES (computed by us)",European Commission Agri-food Data Portal API,EUR/100kg,2023-09,235.87,https://ec.europa.eu/agrifood/api/poultry/egg/prices?memberStateCodes=EU&beginDate=01/01/2020&endDate=28/09/2026,2026-09-28,computed: arithmetic mean of 4 weekly quotes whose week begins in this month; raw weekly values in eu_weekly.csv
eggs,"EC: Eggs, barn, EU average price - MONTHLY MEAN OF WEEKLY QUOTES (computed by us)",European Commission Agri-food Data Portal API,EUR/100kg,2023-10,238.71,https://ec.europa.eu/agrifood/api/poultry/egg/prices?memberStateCodes=EU&beginDate=01/01/2020&endDate=28/09/2026,2026-09-28,computed: arithmetic mean of 5 weekly quotes whose week begins in this month; raw weekly values in eu_weekly.csv
eggs,"EC: Eggs, barn, EU average price - MONTHLY MEAN OF WEEKLY QUOTES (computed by us)",European Commission Agri-food Data Portal API,EUR/100kg,2023-11,242.27,https://ec.europa.eu/agrifood/api/poultry/egg/prices?memberStateCodes=EU&beginDate=01/01/2020&endDate=28/09/2026,2026-09-28,computed: arithmetic mean of 4 weekly quotes whose week begins in this month; raw weekly values in eu_weekly.csv
eggs,"EC: Eggs, barn, EU average price - MONTHLY MEAN OF WEEKLY QUOTES (computed by us)",European Commission Agri-food Data Portal API,EUR/100kg,2023-12,245.50,https://ec.europa.eu/agrifood/api/poultry/egg/prices?memberStateCodes=EU&beginDate=01/01/2020&endDate=28/09/2026,2026-09-28,computed: arithmetic mean of 4 weekly quotes whose week begins in this month; raw weekly values in eu_weekly.csv
eggs,"EC: Eggs, barn, EU average price - MONTHLY MEAN OF WEEKLY QUOTES (computed by us)",European Commission Agri-food Data Portal API,EUR/100kg,2024-01,241.92,https://ec.europa.eu/agrifood/api/poultry/egg/prices?memberStateCodes=EU&beginDate=01/01/2020&endDate=28/09/2026,2026-09-28,computed: arithmetic mean of 5 weekly quotes whose week begins in this month; raw weekly values in eu_weekly.csv
eggs,"EC: Eggs, barn, EU average price - MONTHLY MEAN OF WEEKLY QUOTES (computed by us)",European Commission Agri-food Data Portal API,EUR/100kg,2024-02,242.01,https://ec.europa.eu/agrifood/api/poultry/egg/prices?memberStateCodes=EU&beginDate=01/01/2020&endDate=28/09/2026,2026-09-28,computed: arithmetic mean of 4 weekly quotes whose week begins in this month; raw weekly values in eu_weekly.csv
eggs,"EC: Eggs, barn, EU average price - MONTHLY MEAN OF WEEKLY QUOTES (computed by us)",European Commission Agri-food Data Portal API,EUR/100kg,2024-03,247.10,https://ec.europa.eu/agrifood/api/poultry/egg/prices?memberStateCodes=EU&beginDate=01/01/2020&endDate=28/09/2026,2026-09-28,computed: arithmetic mean of 4 weekly quotes whose week begins in this month; raw weekly values in eu_weekly.csv
eggs,"EC: Eggs, barn, EU average price - MONTHLY MEAN OF WEEKLY QUOTES (computed by us)",European Commission Agri-food Data Portal API,EUR/100kg,2024-04,234.29,https://ec.europa.eu/agrifood/api/poultry/egg/prices?memberStateCodes=EU&beginDate=01/01/2020&endDate=28/09/2026,2026-09-28,computed: arithmetic mean of 5 weekly quotes whose week begins in this month; raw weekly values in eu_weekly.csv
eggs,"EC: Eggs, barn, EU average price - MONTHLY MEAN OF WEEKLY QUOTES (computed by us)",European Commission Agri-food Data Portal API,EUR/100kg,2024-05,223.03,https://ec.europa.eu/agrifood/api/poultry/egg/prices?memberStateCodes=EU&beginDate=01/01/2020&endDate=28/09/2026,2026-09-28,computed: arithmetic mean of 4 weekly quotes whose week begins in this month; raw weekly values in eu_weekly.csv
eggs,"EC: Eggs, barn, EU average price - MONTHLY MEAN OF WEEKLY QUOTES (computed by us)",European Commission Agri-food Data Portal API,EUR/100kg,2024-06,217.41,https://ec.europa.eu/agrifood/api/poultry/egg/prices?memberStateCodes=EU&beginDate=01/01/2020&endDate=28/09/2026,2026-09-28,computed: arithmetic mean of 4 weekly quotes whose week begins in this month; raw weekly values in eu_weekly.csv
eggs,"EC: Eggs, barn, EU average price - MONTHLY MEAN OF WEEKLY QUOTES (computed by us)",European Commission Agri-food Data Portal API,EUR/100kg,2024-07,214.27,https://ec.europa.eu/agrifood/api/poultry/egg/prices?memberStateCodes=EU&beginDate=01/01/2020&endDate=28/09/2026,2026-09-28,computed: arithmetic mean of 5 weekly quotes whose week begins in this month; raw weekly values in eu_weekly.csv
eggs,"EC: Eggs, barn, EU average price - MONTHLY MEAN OF WEEKLY QUOTES (computed by us)",European Commission Agri-food Data Portal API,EUR/100kg,2024-08,214.78,https://ec.europa.eu/agrifood/api/poultry/egg/prices?memberStateCodes=EU&beginDate=01/01/2020&endDate=28/09/2026,2026-09-28,computed: arithmetic mean of 4 weekly quotes whose week begins in this month; raw weekly values in eu_weekly.csv
eggs,"EC: Eggs, barn, EU average price - MONTHLY MEAN OF WEEKLY QUOTES (computed by us)",European Commission Agri-food Data Portal API,EUR/100kg,2024-09,222.56,https://ec.europa.eu/agrifood/api/poultry/egg/prices?memberStateCodes=EU&beginDate=01/01/2020&endDate=28/09/2026,2026-09-28,computed: arithmetic mean of 5 weekly quotes whose week begins in this month; raw weekly values in eu_weekly.csv
eggs,"EC: Eggs, barn, EU average price - MONTHLY MEAN OF WEEKLY QUOTES (computed by us)",European Commission Agri-food Data Portal API,EUR/100kg,2024-10,238.97,https://ec.europa.eu/agrifood/api/poultry/egg/prices?memberStateCodes=EU&beginDate=01/01/2020&endDate=28/09/2026,2026-09-28,computed: arithmetic mean of 4 weekly quotes whose week begins in this month; raw weekly values in eu_weekly.csv
eggs,"EC: Eggs, barn, EU average price - MONTHLY MEAN OF WEEKLY QUOTES (computed by us)",European Commission Agri-food Data Portal API,EUR/100kg,2024-11,257.68,https://ec.europa.eu/agrifood/api/poultry/egg/prices?memberStateCodes=EU&beginDate=01/01/2020&endDate=28/09/2026,2026-09-28,computed: arithmetic mean of 4 weekly quotes whose week begins in this month; raw weekly values in eu_weekly.csv
eggs,"EC: Eggs, barn, EU average price - MONTHLY MEAN OF WEEKLY QUOTES (computed by us)",European Commission Agri-food Data Portal API,EUR/100kg,2024-12,258.60,https://ec.europa.eu/agrifood/api/poultry/egg/prices?memberStateCodes=EU&beginDate=01/01/2020&endDate=28/09/2026,2026-09-28,computed: arithmetic mean of 5 weekly quotes whose week begins in this month; raw weekly values in eu_weekly.csv
eggs,"EC: Eggs, barn, EU average price - MONTHLY MEAN OF WEEKLY QUOTES (computed by us)",European Commission Agri-food Data Portal API,EUR/100kg,2025-01,254.01,https://ec.europa.eu/agrifood/api/poultry/egg/prices?memberStateCodes=EU&beginDate=01/01/2020&endDate=28/09/2026,2026-09-28,computed: arithmetic mean of 4 weekly quotes whose week begins in this month; raw weekly values in eu_weekly.csv
eggs,"EC: Eggs, barn, EU average price - MONTHLY MEAN OF WEEKLY QUOTES (computed by us)",European Commission Agri-food Data Portal API,EUR/100kg,2025-02,266.63,https://ec.europa.eu/agrifood/api/poultry/egg/prices?memberStateCodes=EU&beginDate=01/01/2020&endDate=28/09/2026,2026-09-28,computed: arithmetic mean of 4 weekly quotes whose week begins in this month; raw weekly values in eu_weekly.csv
eggs,"EC: Eggs, barn, EU average price - MONTHLY MEAN OF WEEKLY QUOTES (computed by us)",European Commission Agri-food Data Portal API,EUR/100kg,2025-03,294.59,https://ec.europa.eu/agrifood/api/poultry/egg/prices?memberStateCodes=EU&beginDate=01/01/2020&endDate=28/09/2026,2026-09-28,computed: arithmetic mean of 5 weekly quotes whose week begins in this month; raw weekly values in eu_weekly.csv
eggs,"EC: Eggs, barn, EU average price - MONTHLY MEAN OF WEEKLY QUOTES (computed by us)",European Commission Agri-food Data Portal API,EUR/100kg,2025-04,293.26,https://ec.europa.eu/agrifood/api/poultry/egg/prices?memberStateCodes=EU&beginDate=01/01/2020&endDate=28/09/2026,2026-09-28,computed: arithmetic mean of 4 weekly quotes whose week begins in this month; raw weekly values in eu_weekly.csv
eggs,"EC: Eggs, barn, EU average price - MONTHLY MEAN OF WEEKLY QUOTES (computed by us)",European Commission Agri-food Data Portal API,EUR/100kg,2025-05,279.36,https://ec.europa.eu/agrifood/api/poultry/egg/prices?memberStateCodes=EU&beginDate=01/01/2020&endDate=28/09/2026,2026-09-28,computed: arithmetic mean of 4 weekly quotes whose week begins in this month; raw weekly values in eu_weekly.csv
eggs,"EC: Eggs, barn, EU average price - MONTHLY MEAN OF WEEKLY QUOTES (computed by us)",European Commission Agri-food Data Portal API,EUR/100kg,2025-06,273.53,https://ec.europa.eu/agrifood/api/poultry/egg/prices?memberStateCodes=EU&beginDate=01/01/2020&endDate=28/09/2026,2026-09-28,computed: arithmetic mean of 5 weekly quotes whose week begins in this month; raw weekly values in eu_weekly.csv
eggs,"EC: Eggs, barn, EU average price - MONTHLY MEAN OF WEEKLY QUOTES (computed by us)",European Commission Agri-food Data Portal API,EUR/100kg,2025-07,270.89,https://ec.europa.eu/agrifood/api/poultry/egg/prices?memberStateCodes=EU&beginDate=01/01/2020&endDate=28/09/2026,2026-09-28,computed: arithmetic mean of 4 weekly quotes whose week begins in this month; raw weekly values in eu_weekly.csv
eggs,"EC: Eggs, barn, EU average price - MONTHLY MEAN OF WEEKLY QUOTES (computed by us)",European Commission Agri-food Data Portal API,EUR/100kg,2025-08,269.96,https://ec.europa.eu/agrifood/api/poultry/egg/prices?memberStateCodes=EU&beginDate=01/01/2020&endDate=28/09/2026,2026-09-28,computed: arithmetic mean of 4 weekly quotes whose week begins in this month; raw weekly values in eu_weekly.csv
eggs,"EC: Eggs, barn, EU average price - MONTHLY MEAN OF WEEKLY QUOTES (computed by us)",European Commission Agri-food Data Portal API,EUR/100kg,2025-09,278.82,https://ec.europa.eu/agrifood/api/poultry/egg/prices?memberStateCodes=EU&beginDate=01/01/2020&endDate=28/09/2026,2026-09-28,computed: arithmetic mean of 5 weekly quotes whose week begins in this month; raw weekly values in eu_weekly.csv
eggs,"EC: Eggs, barn, EU average price - MONTHLY MEAN OF WEEKLY QUOTES (computed by us)",European Commission Agri-food Data Portal API,EUR/100kg,2025-10,300.86,https://ec.europa.eu/agrifood/api/poultry/egg/prices?memberStateCodes=EU&beginDate=01/01/2020&endDate=28/09/2026,2026-09-28,computed: arithmetic mean of 4 weekly quotes whose week begins in this month; raw weekly values in eu_weekly.csv
eggs,"EC: Eggs, barn, EU average price - MONTHLY MEAN OF WEEKLY QUOTES (computed by us)",European Commission Agri-food Data Portal API,EUR/100kg,2025-11,309.06,https://ec.europa.eu/agrifood/api/poultry/egg/prices?memberStateCodes=EU&beginDate=01/01/2020&endDate=28/09/2026,2026-09-28,computed: arithmetic mean of 4 weekly quotes whose week begins in this month; raw weekly values in eu_weekly.csv
eggs,"EC: Eggs, barn, EU average price - MONTHLY MEAN OF WEEKLY QUOTES (computed by us)",European Commission Agri-food Data Portal API,EUR/100kg,2025-12,312.23,https://ec.europa.eu/agrifood/api/poultry/egg/prices?memberStateCodes=EU&beginDate=01/01/2020&endDate=28/09/2026,2026-09-28,computed: arithmetic mean of 5 weekly quotes whose week begins in this month; raw weekly values in eu_weekly.csv
eggs,"EC: Eggs, barn, EU average price - MONTHLY MEAN OF WEEKLY QUOTES (computed by us)",European Commission Agri-food Data Portal API,EUR/100kg,2026-01,304.72,https://ec.europa.eu/agrifood/api/poultry/egg/prices?memberStateCodes=EU&beginDate=01/01/2020&endDate=28/09/2026,2026-09-28,computed: arithmetic mean of 4 weekly quotes whose week begins in this month; raw weekly values in eu_weekly.csv
eggs,"EC: Eggs, barn, EU average price - MONTHLY MEAN OF WEEKLY QUOTES (computed by us)",European Commission Agri-food Data Portal API,EUR/100kg,2026-02,315.50,https://ec.europa.eu/agrifood/api/poultry/egg/prices?memberStateCodes=EU&beginDate=01/01/2020&endDate=28/09/2026,2026-09-28,computed: arithmetic mean of 4 weekly quotes whose week begins in this month; raw weekly values in eu_weekly.csv
eggs,"EC: Eggs, barn, EU average price - MONTHLY MEAN OF WEEKLY QUOTES (computed by us)",European Commission Agri-food Data Portal API,EUR/100kg,2026-03,324.87,https://ec.europa.eu/agrifood/api/poultry/egg/prices?memberStateCodes=EU&beginDate=01/01/2020&endDate=28/09/2026,2026-09-28,computed: arithmetic mean of 5 weekly quotes whose week begins in this month; raw weekly values in eu_weekly.csv
eggs,"EC: Eggs, barn, EU average price - MONTHLY MEAN OF WEEKLY QUOTES (computed by us)",European Commission Agri-food Data Portal API,EUR/100kg,2026-04,318.56,https://ec.europa.eu/agrifood/api/poultry/egg/prices?memberStateCodes=EU&beginDate=01/01/2020&endDate=28/09/2026,2026-09-28,computed: arithmetic mean of 4 weekly quotes whose week begins in this month; raw weekly values in eu_weekly.csv
eggs,"EC: Eggs, barn, EU average price - MONTHLY MEAN OF WEEKLY QUOTES (computed by us)",European Commission Agri-food Data Portal API,EUR/100kg,2026-05,302.78,https://ec.europa.eu/agrifood/api/poultry/egg/prices?memberStateCodes=EU&beginDate=01/01/2020&endDate=28/09/2026,2026-09-28,computed: arithmetic mean of 4 weekly quotes whose week begins in this month; raw weekly values in eu_weekly.csv
eggs,"EC: Eggs, barn, EU average price - MONTHLY MEAN OF WEEKLY QUOTES (computed by us)",European Commission Agri-food Data Portal API,EUR/100kg,2026-06,280.07,https://ec.europa.eu/agrifood/api/poultry/egg/prices?memberStateCodes=EU&beginDate=01/01/2020&endDate=28/09/2026,2026-09-28,computed: arithmetic mean of 5 weekly quotes whose week begins in this month; raw weekly values in eu_weekly.csv
eggs,"EC: Eggs, barn, EU average price - MONTHLY MEAN OF WEEKLY QUOTES (computed by us)",European Commission Agri-food Data Portal API,EUR/100kg,2026-07,259.18,https://ec.europa.eu/agrifood/api/poultry/egg/prices?memberStateCodes=EU&beginDate=01/01/2020&endDate=28/09/2026,2026-09-28,computed: arithmetic mean of 4 weekly quotes whose week begins in this month; raw weekly values in eu_weekly.csv
eggs,"EC: Eggs, barn, EU average price - MONTHLY MEAN OF WEEKLY QUOTES (computed by us)",European Commission Agri-food Data Portal API,EUR/100kg,2026-08,256.80,https://ec.europa.eu/agrifood/api/poultry/egg/prices?memberStateCodes=EU&beginDate=01/01/2020&endDate=28/09/2026,2026-09-28,computed: arithmetic mean of 5 weekly quotes whose week begins in this month; raw weekly values in eu_weekly.csv
eggs,"EC: Eggs, barn, EU average price - MONTHLY MEAN OF WEEKLY QUOTES (computed by us)",European Commission Agri-food Data Portal API,EUR/100kg,2026-09,264.62,https://ec.europa.eu/agrifood/api/poultry/egg/prices?memberStateCodes=EU&beginDate=01/01/2020&endDate=28/09/2026,2026-09-28,PARTIAL MONTH (weeks up to 14/09/2026 only). computed: arithmetic mean of 2 weekly quotes whose week begins in this month; raw weekly values in eu_weekly.csv
eggs,"EC: Eggs, free range, EU average price - MONTHLY MEAN OF WEEKLY QUOTES (computed by us)",European Commission Agri-food Data Portal API,EUR/100kg,2022-01,219.19,https://ec.europa.eu/agrifood/api/poultry/egg/prices?memberStateCodes=EU&beginDate=01/01/2020&endDate=28/09/2026,2026-09-28,computed: arithmetic mean of 5 weekly quotes whose week begins in this month; raw weekly values in eu_weekly.csv
eggs,"EC: Eggs, free range, EU average price - MONTHLY MEAN OF WEEKLY QUOTES (computed by us)",European Commission Agri-food Data Portal API,EUR/100kg,2022-02,219.81,https://ec.europa.eu/agrifood/api/poultry/egg/prices?memberStateCodes=EU&beginDate=01/01/2020&endDate=28/09/2026,2026-09-28,computed: arithmetic mean of 4 weekly quotes whose week begins in this month; raw weekly values in eu_weekly.csv
eggs,"EC: Eggs, free range, EU average price - MONTHLY MEAN OF WEEKLY QUOTES (computed by us)",European Commission Agri-food Data Portal API,EUR/100kg,2022-03,235.94,https://ec.europa.eu/agrifood/api/poultry/egg/prices?memberStateCodes=EU&beginDate=01/01/2020&endDate=28/09/2026,2026-09-28,computed: arithmetic mean of 4 weekly quotes whose week begins in this month; raw weekly values in eu_weekly.csv
eggs,"EC: Eggs, free range, EU average price - MONTHLY MEAN OF WEEKLY QUOTES (computed by us)",European Commission Agri-food Data Portal API,EUR/100kg,2022-04,252.34,https://ec.europa.eu/agrifood/api/poultry/egg/prices?memberStateCodes=EU&beginDate=01/01/2020&endDate=28/09/2026,2026-09-28,computed: arithmetic mean of 4 weekly quotes whose week begins in this month; raw weekly values in eu_weekly.csv
eggs,"EC: Eggs, free range, EU average price - MONTHLY MEAN OF WEEKLY QUOTES (computed by us)",European Commission Agri-food Data Portal API,EUR/100kg,2022-05,249.34,https://ec.europa.eu/agrifood/api/poultry/egg/prices?memberStateCodes=EU&beginDate=01/01/2020&endDate=28/09/2026,2026-09-28,computed: arithmetic mean of 5 weekly quotes whose week begins in this month; raw weekly values in eu_weekly.csv
eggs,"EC: Eggs, free range, EU average price - MONTHLY MEAN OF WEEKLY QUOTES (computed by us)",European Commission Agri-food Data Portal API,EUR/100kg,2022-06,250.02,https://ec.europa.eu/agrifood/api/poultry/egg/prices?memberStateCodes=EU&beginDate=01/01/2020&endDate=28/09/2026,2026-09-28,computed: arithmetic mean of 4 weekly quotes whose week begins in this month; raw weekly values in eu_weekly.csv
eggs,"EC: Eggs, free range, EU average price - MONTHLY MEAN OF WEEKLY QUOTES (computed by us)",European Commission Agri-food Data Portal API,EUR/100kg,2022-07,250.87,https://ec.europa.eu/agrifood/api/poultry/egg/prices?memberStateCodes=EU&beginDate=01/01/2020&endDate=28/09/2026,2026-09-28,computed: arithmetic mean of 4 weekly quotes whose week begins in this month; raw weekly values in eu_weekly.csv
eggs,"EC: Eggs, free range, EU average price - MONTHLY MEAN OF WEEKLY QUOTES (computed by us)",European Commission Agri-food Data Portal API,EUR/100kg,2022-08,252.76,https://ec.europa.eu/agrifood/api/poultry/egg/prices?memberStateCodes=EU&beginDate=01/01/2020&endDate=28/09/2026,2026-09-28,computed: arithmetic mean of 5 weekly quotes whose week begins in this month; raw weekly values in eu_weekly.csv
eggs,"EC: Eggs, free range, EU average price - MONTHLY MEAN OF WEEKLY QUOTES (computed by us)",European Commission Agri-food Data Portal API,EUR/100kg,2022-09,260.31,https://ec.europa.eu/agrifood/api/poultry/egg/prices?memberStateCodes=EU&beginDate=01/01/2020&endDate=28/09/2026,2026-09-28,computed: arithmetic mean of 4 weekly quotes whose week begins in this month; raw weekly values in eu_weekly.csv
eggs,"EC: Eggs, free range, EU average price - MONTHLY MEAN OF WEEKLY QUOTES (computed by us)",European Commission Agri-food Data Portal API,EUR/100kg,2022-10,280.24,https://ec.europa.eu/agrifood/api/poultry/egg/prices?memberStateCodes=EU&beginDate=01/01/2020&endDate=28/09/2026,2026-09-28,computed: arithmetic mean of 5 weekly quotes whose week begins in this month; raw weekly values in eu_weekly.csv
eggs,"EC: Eggs, free range, EU average price - MONTHLY MEAN OF WEEKLY QUOTES (computed by us)",European Commission Agri-food Data Portal API,EUR/100kg,2022-11,293.23,https://ec.europa.eu/agrifood/api/poultry/egg/prices?memberStateCodes=EU&beginDate=01/01/2020&endDate=28/09/2026,2026-09-28,computed: arithmetic mean of 4 weekly quotes whose week begins in this month; raw weekly values in eu_weekly.csv
eggs,"EC: Eggs, free range, EU average price - MONTHLY MEAN OF WEEKLY QUOTES (computed by us)",European Commission Agri-food Data Portal API,EUR/100kg,2022-12,294.40,https://ec.europa.eu/agrifood/api/poultry/egg/prices?memberStateCodes=EU&beginDate=01/01/2020&endDate=28/09/2026,2026-09-28,computed: arithmetic mean of 4 weekly quotes whose week begins in this month; raw weekly values in eu_weekly.csv
eggs,"EC: Eggs, free range, EU average price - MONTHLY MEAN OF WEEKLY QUOTES (computed by us)",European Commission Agri-food Data Portal API,EUR/100kg,2023-01,297.69,https://ec.europa.eu/agrifood/api/poultry/egg/prices?memberStateCodes=EU&beginDate=01/01/2020&endDate=28/09/2026,2026-09-28,computed: arithmetic mean of 5 weekly quotes whose week begins in this month; raw weekly values in eu_weekly.csv
eggs,"EC: Eggs, free range, EU average price - MONTHLY MEAN OF WEEKLY QUOTES (computed by us)",European Commission Agri-food Data Portal API,EUR/100kg,2023-02,305.36,https://ec.europa.eu/agrifood/api/poultry/egg/prices?memberStateCodes=EU&beginDate=01/01/2020&endDate=28/09/2026,2026-09-28,computed: arithmetic mean of 4 weekly quotes whose week begins in this month; raw weekly values in eu_weekly.csv
eggs,"EC: Eggs, free range, EU average price - MONTHLY MEAN OF WEEKLY QUOTES (computed by us)",European Commission Agri-food Data Portal API,EUR/100kg,2023-03,310.54,https://ec.europa.eu/agrifood/api/poultry/egg/prices?memberStateCodes=EU&beginDate=01/01/2020&endDate=28/09/2026,2026-09-28,computed: arithmetic mean of 4 weekly quotes whose week begins in this month; raw weekly values in eu_weekly.csv
eggs,"EC: Eggs, free range, EU average price - MONTHLY MEAN OF WEEKLY QUOTES (computed by us)",European Commission Agri-food Data Portal API,EUR/100kg,2023-04,308.38,https://ec.europa.eu/agrifood/api/poultry/egg/prices?memberStateCodes=EU&beginDate=01/01/2020&endDate=28/09/2026,2026-09-28,computed: arithmetic mean of 4 weekly quotes whose week begins in this month; raw weekly values in eu_weekly.csv
eggs,"EC: Eggs, free range, EU average price - MONTHLY MEAN OF WEEKLY QUOTES (computed by us)",European Commission Agri-food Data Portal API,EUR/100kg,2023-05,304.04,https://ec.europa.eu/agrifood/api/poultry/egg/prices?memberStateCodes=EU&beginDate=01/01/2020&endDate=28/09/2026,2026-09-28,computed: arithmetic mean of 5 weekly quotes whose week begins in this month; raw weekly values in eu_weekly.csv
eggs,"EC: Eggs, free range, EU average price - MONTHLY MEAN OF WEEKLY QUOTES (computed by us)",European Commission Agri-food Data Portal API,EUR/100kg,2023-06,299.13,https://ec.europa.eu/agrifood/api/poultry/egg/prices?memberStateCodes=EU&beginDate=01/01/2020&endDate=28/09/2026,2026-09-28,computed: arithmetic mean of 4 weekly quotes whose week begins in this month; raw weekly values in eu_weekly.csv
eggs,"EC: Eggs, free range, EU average price - MONTHLY MEAN OF WEEKLY QUOTES (computed by us)",European Commission Agri-food Data Portal API,EUR/100kg,2023-07,285.77,https://ec.europa.eu/agrifood/api/poultry/egg/prices?memberStateCodes=EU&beginDate=01/01/2020&endDate=28/09/2026,2026-09-28,computed: arithmetic mean of 5 weekly quotes whose week begins in this month; raw weekly values in eu_weekly.csv
eggs,"EC: Eggs, free range, EU average price - MONTHLY MEAN OF WEEKLY QUOTES (computed by us)",European Commission Agri-food Data Portal API,EUR/100kg,2023-08,284.10,https://ec.europa.eu/agrifood/api/poultry/egg/prices?memberStateCodes=EU&beginDate=01/01/2020&endDate=28/09/2026,2026-09-28,computed: arithmetic mean of 4 weekly quotes whose week begins in this month; raw weekly values in eu_weekly.csv
eggs,"EC: Eggs, free range, EU average price - MONTHLY MEAN OF WEEKLY QUOTES (computed by us)",European Commission Agri-food Data Portal API,EUR/100kg,2023-09,288.29,https://ec.europa.eu/agrifood/api/poultry/egg/prices?memberStateCodes=EU&beginDate=01/01/2020&endDate=28/09/2026,2026-09-28,computed: arithmetic mean of 4 weekly quotes whose week begins in this month; raw weekly values in eu_weekly.csv
eggs,"EC: Eggs, free range, EU average price - MONTHLY MEAN OF WEEKLY QUOTES (computed by us)",European Commission Agri-food Data Portal API,EUR/100kg,2023-10,291.06,https://ec.europa.eu/agrifood/api/poultry/egg/prices?memberStateCodes=EU&beginDate=01/01/2020&endDate=28/09/2026,2026-09-28,computed: arithmetic mean of 5 weekly quotes whose week begins in this month; raw weekly values in eu_weekly.csv
eggs,"EC: Eggs, free range, EU average price - MONTHLY MEAN OF WEEKLY QUOTES (computed by us)",European Commission Agri-food Data Portal API,EUR/100kg,2023-11,293.35,https://ec.europa.eu/agrifood/api/poultry/egg/prices?memberStateCodes=EU&beginDate=01/01/2020&endDate=28/09/2026,2026-09-28,computed: arithmetic mean of 4 weekly quotes whose week begins in this month; raw weekly values in eu_weekly.csv
eggs,"EC: Eggs, free range, EU average price - MONTHLY MEAN OF WEEKLY QUOTES (computed by us)",European Commission Agri-food Data Portal API,EUR/100kg,2023-12,295.13,https://ec.europa.eu/agrifood/api/poultry/egg/prices?memberStateCodes=EU&beginDate=01/01/2020&endDate=28/09/2026,2026-09-28,computed: arithmetic mean of 4 weekly quotes whose week begins in this month; raw weekly values in eu_weekly.csv
eggs,"EC: Eggs, free range, EU average price - MONTHLY MEAN OF WEEKLY QUOTES (computed by us)",European Commission Agri-food Data Portal API,EUR/100kg,2024-01,293.82,https://ec.europa.eu/agrifood/api/poultry/egg/prices?memberStateCodes=EU&beginDate=01/01/2020&endDate=28/09/2026,2026-09-28,computed: arithmetic mean of 5 weekly quotes whose week begins in this month; raw weekly values in eu_weekly.csv
eggs,"EC: Eggs, free range, EU average price - MONTHLY MEAN OF WEEKLY QUOTES (computed by us)",European Commission Agri-food Data Portal API,EUR/100kg,2024-02,294.10,https://ec.europa.eu/agrifood/api/poultry/egg/prices?memberStateCodes=EU&beginDate=01/01/2020&endDate=28/09/2026,2026-09-28,computed: arithmetic mean of 4 weekly quotes whose week begins in this month; raw weekly values in eu_weekly.csv
eggs,"EC: Eggs, free range, EU average price - MONTHLY MEAN OF WEEKLY QUOTES (computed by us)",European Commission Agri-food Data Portal API,EUR/100kg,2024-03,299.44,https://ec.europa.eu/agrifood/api/poultry/egg/prices?memberStateCodes=EU&beginDate=01/01/2020&endDate=28/09/2026,2026-09-28,computed: arithmetic mean of 4 weekly quotes whose week begins in this month; raw weekly values in eu_weekly.csv
eggs,"EC: Eggs, free range, EU average price - MONTHLY MEAN OF WEEKLY QUOTES (computed by us)",European Commission Agri-food Data Portal API,EUR/100kg,2024-04,296.06,https://ec.europa.eu/agrifood/api/poultry/egg/prices?memberStateCodes=EU&beginDate=01/01/2020&endDate=28/09/2026,2026-09-28,computed: arithmetic mean of 5 weekly quotes whose week begins in this month; raw weekly values in eu_weekly.csv
eggs,"EC: Eggs, free range, EU average price - MONTHLY MEAN OF WEEKLY QUOTES (computed by us)",European Commission Agri-food Data Portal API,EUR/100kg,2024-05,291.05,https://ec.europa.eu/agrifood/api/poultry/egg/prices?memberStateCodes=EU&beginDate=01/01/2020&endDate=28/09/2026,2026-09-28,computed: arithmetic mean of 4 weekly quotes whose week begins in this month; raw weekly values in eu_weekly.csv
eggs,"EC: Eggs, free range, EU average price - MONTHLY MEAN OF WEEKLY QUOTES (computed by us)",European Commission Agri-food Data Portal API,EUR/100kg,2024-06,286.74,https://ec.europa.eu/agrifood/api/poultry/egg/prices?memberStateCodes=EU&beginDate=01/01/2020&endDate=28/09/2026,2026-09-28,computed: arithmetic mean of 4 weekly quotes whose week begins in this month; raw weekly values in eu_weekly.csv
eggs,"EC: Eggs, free range, EU average price - MONTHLY MEAN OF WEEKLY QUOTES (computed by us)",European Commission Agri-food Data Portal API,EUR/100kg,2024-07,282.50,https://ec.europa.eu/agrifood/api/poultry/egg/prices?memberStateCodes=EU&beginDate=01/01/2020&endDate=28/09/2026,2026-09-28,computed: arithmetic mean of 5 weekly quotes whose week begins in this month; raw weekly values in eu_weekly.csv
eggs,"EC: Eggs, free range, EU average price - MONTHLY MEAN OF WEEKLY QUOTES (computed by us)",European Commission Agri-food Data Portal API,EUR/100kg,2024-08,281.88,https://ec.europa.eu/agrifood/api/poultry/egg/prices?memberStateCodes=EU&beginDate=01/01/2020&endDate=28/09/2026,2026-09-28,computed: arithmetic mean of 4 weekly quotes whose week begins in this month; raw weekly values in eu_weekly.csv
eggs,"EC: Eggs, free range, EU average price - MONTHLY MEAN OF WEEKLY QUOTES (computed by us)",European Commission Agri-food Data Portal API,EUR/100kg,2024-09,285.57,https://ec.europa.eu/agrifood/api/poultry/egg/prices?memberStateCodes=EU&beginDate=01/01/2020&endDate=28/09/2026,2026-09-28,computed: arithmetic mean of 5 weekly quotes whose week begins in this month; raw weekly values in eu_weekly.csv
eggs,"EC: Eggs, free range, EU average price - MONTHLY MEAN OF WEEKLY QUOTES (computed by us)",European Commission Agri-food Data Portal API,EUR/100kg,2024-10,292.81,https://ec.europa.eu/agrifood/api/poultry/egg/prices?memberStateCodes=EU&beginDate=01/01/2020&endDate=28/09/2026,2026-09-28,computed: arithmetic mean of 4 weekly quotes whose week begins in this month; raw weekly values in eu_weekly.csv
eggs,"EC: Eggs, free range, EU average price - MONTHLY MEAN OF WEEKLY QUOTES (computed by us)",European Commission Agri-food Data Portal API,EUR/100kg,2024-11,302.00,https://ec.europa.eu/agrifood/api/poultry/egg/prices?memberStateCodes=EU&beginDate=01/01/2020&endDate=28/09/2026,2026-09-28,computed: arithmetic mean of 4 weekly quotes whose week begins in this month; raw weekly values in eu_weekly.csv
eggs,"EC: Eggs, free range, EU average price - MONTHLY MEAN OF WEEKLY QUOTES (computed by us)",European Commission Agri-food Data Portal API,EUR/100kg,2024-12,303.68,https://ec.europa.eu/agrifood/api/poultry/egg/prices?memberStateCodes=EU&beginDate=01/01/2020&endDate=28/09/2026,2026-09-28,computed: arithmetic mean of 5 weekly quotes whose week begins in this month; raw weekly values in eu_weekly.csv
eggs,"EC: Eggs, free range, EU average price - MONTHLY MEAN OF WEEKLY QUOTES (computed by us)",European Commission Agri-food Data Portal API,EUR/100kg,2025-01,302.04,https://ec.europa.eu/agrifood/api/poultry/egg/prices?memberStateCodes=EU&beginDate=01/01/2020&endDate=28/09/2026,2026-09-28,computed: arithmetic mean of 4 weekly quotes whose week begins in this month; raw weekly values in eu_weekly.csv
eggs,"EC: Eggs, free range, EU average price - MONTHLY MEAN OF WEEKLY QUOTES (computed by us)",European Commission Agri-food Data Portal API,EUR/100kg,2025-02,310.94,https://ec.europa.eu/agrifood/api/poultry/egg/prices?memberStateCodes=EU&beginDate=01/01/2020&endDate=28/09/2026,2026-09-28,computed: arithmetic mean of 4 weekly quotes whose week begins in this month; raw weekly values in eu_weekly.csv
eggs,"EC: Eggs, free range, EU average price - MONTHLY MEAN OF WEEKLY QUOTES (computed by us)",European Commission Agri-food Data Portal API,EUR/100kg,2025-03,331.24,https://ec.europa.eu/agrifood/api/poultry/egg/prices?memberStateCodes=EU&beginDate=01/01/2020&endDate=28/09/2026,2026-09-28,computed: arithmetic mean of 5 weekly quotes whose week begins in this month; raw weekly values in eu_weekly.csv
eggs,"EC: Eggs, free range, EU average price - MONTHLY MEAN OF WEEKLY QUOTES (computed by us)",European Commission Agri-food Data Portal API,EUR/100kg,2025-04,328.74,https://ec.europa.eu/agrifood/api/poultry/egg/prices?memberStateCodes=EU&beginDate=01/01/2020&endDate=28/09/2026,2026-09-28,computed: arithmetic mean of 4 weekly quotes whose week begins in this month; raw weekly values in eu_weekly.csv
eggs,"EC: Eggs, free range, EU average price - MONTHLY MEAN OF WEEKLY QUOTES (computed by us)",European Commission Agri-food Data Portal API,EUR/100kg,2025-05,322.68,https://ec.europa.eu/agrifood/api/poultry/egg/prices?memberStateCodes=EU&beginDate=01/01/2020&endDate=28/09/2026,2026-09-28,computed: arithmetic mean of 4 weekly quotes whose week begins in this month; raw weekly values in eu_weekly.csv
eggs,"EC: Eggs, free range, EU average price - MONTHLY MEAN OF WEEKLY QUOTES (computed by us)",European Commission Agri-food Data Portal API,EUR/100kg,2025-06,313.89,https://ec.europa.eu/agrifood/api/poultry/egg/prices?memberStateCodes=EU&beginDate=01/01/2020&endDate=28/09/2026,2026-09-28,computed: arithmetic mean of 5 weekly quotes whose week begins in this month; raw weekly values in eu_weekly.csv
eggs,"EC: Eggs, free range, EU average price - MONTHLY MEAN OF WEEKLY QUOTES (computed by us)",European Commission Agri-food Data Portal API,EUR/100kg,2025-07,311.65,https://ec.europa.eu/agrifood/api/poultry/egg/prices?memberStateCodes=EU&beginDate=01/01/2020&endDate=28/09/2026,2026-09-28,computed: arithmetic mean of 4 weekly quotes whose week begins in this month; raw weekly values in eu_weekly.csv
eggs,"EC: Eggs, free range, EU average price - MONTHLY MEAN OF WEEKLY QUOTES (computed by us)",European Commission Agri-food Data Portal API,EUR/100kg,2025-08,310.31,https://ec.europa.eu/agrifood/api/poultry/egg/prices?memberStateCodes=EU&beginDate=01/01/2020&endDate=28/09/2026,2026-09-28,computed: arithmetic mean of 4 weekly quotes whose week begins in this month; raw weekly values in eu_weekly.csv
eggs,"EC: Eggs, free range, EU average price - MONTHLY MEAN OF WEEKLY QUOTES (computed by us)",European Commission Agri-food Data Portal API,EUR/100kg,2025-09,314.03,https://ec.europa.eu/agrifood/api/poultry/egg/prices?memberStateCodes=EU&beginDate=01/01/2020&endDate=28/09/2026,2026-09-28,computed: arithmetic mean of 5 weekly quotes whose week begins in this month; raw weekly values in eu_weekly.csv
eggs,"EC: Eggs, free range, EU average price - MONTHLY MEAN OF WEEKLY QUOTES (computed by us)",European Commission Agri-food Data Portal API,EUR/100kg,2025-10,330.31,https://ec.europa.eu/agrifood/api/poultry/egg/prices?memberStateCodes=EU&beginDate=01/01/2020&endDate=28/09/2026,2026-09-28,computed: arithmetic mean of 4 weekly quotes whose week begins in this month; raw weekly values in eu_weekly.csv
eggs,"EC: Eggs, free range, EU average price - MONTHLY MEAN OF WEEKLY QUOTES (computed by us)",European Commission Agri-food Data Portal API,EUR/100kg,2025-11,338.70,https://ec.europa.eu/agrifood/api/poultry/egg/prices?memberStateCodes=EU&beginDate=01/01/2020&endDate=28/09/2026,2026-09-28,computed: arithmetic mean of 4 weekly quotes whose week begins in this month; raw weekly values in eu_weekly.csv
eggs,"EC: Eggs, free range, EU average price - MONTHLY MEAN OF WEEKLY QUOTES (computed by us)",European Commission Agri-food Data Portal API,EUR/100kg,2025-12,340.23,https://ec.europa.eu/agrifood/api/poultry/egg/prices?memberStateCodes=EU&beginDate=01/01/2020&endDate=28/09/2026,2026-09-28,computed: arithmetic mean of 5 weekly quotes whose week begins in this month; raw weekly values in eu_weekly.csv
eggs,"EC: Eggs, free range, EU average price - MONTHLY MEAN OF WEEKLY QUOTES (computed by us)",European Commission Agri-food Data Portal API,EUR/100kg,2026-01,337.83,https://ec.europa.eu/agrifood/api/poultry/egg/prices?memberStateCodes=EU&beginDate=01/01/2020&endDate=28/09/2026,2026-09-28,computed: arithmetic mean of 4 weekly quotes whose week begins in this month; raw weekly values in eu_weekly.csv
eggs,"EC: Eggs, free range, EU average price - MONTHLY MEAN OF WEEKLY QUOTES (computed by us)",European Commission Agri-food Data Portal API,EUR/100kg,2026-02,343.24,https://ec.europa.eu/agrifood/api/poultry/egg/prices?memberStateCodes=EU&beginDate=01/01/2020&endDate=28/09/2026,2026-09-28,computed: arithmetic mean of 4 weekly quotes whose week begins in this month; raw weekly values in eu_weekly.csv
eggs,"EC: Eggs, free range, EU average price - MONTHLY MEAN OF WEEKLY QUOTES (computed by us)",European Commission Agri-food Data Portal API,EUR/100kg,2026-03,350.89,https://ec.europa.eu/agrifood/api/poultry/egg/prices?memberStateCodes=EU&beginDate=01/01/2020&endDate=28/09/2026,2026-09-28,computed: arithmetic mean of 5 weekly quotes whose week begins in this month; raw weekly values in eu_weekly.csv
eggs,"EC: Eggs, free range, EU average price - MONTHLY MEAN OF WEEKLY QUOTES (computed by us)",European Commission Agri-food Data Portal API,EUR/100kg,2026-04,352.00,https://ec.europa.eu/agrifood/api/poultry/egg/prices?memberStateCodes=EU&beginDate=01/01/2020&endDate=28/09/2026,2026-09-28,computed: arithmetic mean of 4 weekly quotes whose week begins in this month; raw weekly values in eu_weekly.csv
eggs,"EC: Eggs, free range, EU average price - MONTHLY MEAN OF WEEKLY QUOTES (computed by us)",European Commission Agri-food Data Portal API,EUR/100kg,2026-05,346.25,https://ec.europa.eu/agrifood/api/poultry/egg/prices?memberStateCodes=EU&beginDate=01/01/2020&endDate=28/09/2026,2026-09-28,computed: arithmetic mean of 4 weekly quotes whose week begins in this month; raw weekly values in eu_weekly.csv
eggs,"EC: Eggs, free range, EU average price - MONTHLY MEAN OF WEEKLY QUOTES (computed by us)",European Commission Agri-food Data Portal API,EUR/100kg,2026-06,336.11,https://ec.europa.eu/agrifood/api/poultry/egg/prices?memberStateCodes=EU&beginDate=01/01/2020&endDate=28/09/2026,2026-09-28,computed: arithmetic mean of 5 weekly quotes whose week begins in this month; raw weekly values in eu_weekly.csv
eggs,"EC: Eggs, free range, EU average price - MONTHLY MEAN OF WEEKLY QUOTES (computed by us)",European Commission Agri-food Data Portal API,EUR/100kg,2026-07,325.18,https://ec.europa.eu/agrifood/api/poultry/egg/prices?memberStateCodes=EU&beginDate=01/01/2020&endDate=28/09/2026,2026-09-28,computed: arithmetic mean of 4 weekly quotes whose week begins in this month; raw weekly values in eu_weekly.csv
eggs,"EC: Eggs, free range, EU average price - MONTHLY MEAN OF WEEKLY QUOTES (computed by us)",European Commission Agri-food Data Portal API,EUR/100kg,2026-08,319.58,https://ec.europa.eu/agrifood/api/poultry/egg/prices?memberStateCodes=EU&beginDate=01/01/2020&endDate=28/09/2026,2026-09-28,computed: arithmetic mean of 5 weekly quotes whose week begins in this month; raw weekly values in eu_weekly.csv
eggs,"EC: Eggs, free range, EU average price - MONTHLY MEAN OF WEEKLY QUOTES (computed by us)",European Commission Agri-food Data Portal API,EUR/100kg,2026-09,319.29,https://ec.europa.eu/agrifood/api/poultry/egg/prices?memberStateCodes=EU&beginDate=01/01/2020&endDate=28/09/2026,2026-09-28,PARTIAL MONTH (weeks up to 14/09/2026 only). computed: arithmetic mean of 2 weekly quotes whose week begins in this month; raw weekly values in eu_weekly.csv
eggs,"EC: Eggs, cage, EU average price - MONTHLY MEAN OF WEEKLY QUOTES (computed by us)",European Commission Agri-food Data Portal API,EUR/100kg,2022-01,146.32,https://ec.europa.eu/agrifood/api/poultry/egg/prices?memberStateCodes=EU&beginDate=01/01/2020&endDate=28/09/2026,2026-09-28,computed: arithmetic mean of 5 weekly quotes whose week begins in this month; raw weekly values in eu_weekly.csv
eggs,"EC: Eggs, cage, EU average price - MONTHLY MEAN OF WEEKLY QUOTES (computed by us)",European Commission Agri-food Data Portal API,EUR/100kg,2022-02,149.81,https://ec.europa.eu/agrifood/api/poultry/egg/prices?memberStateCodes=EU&beginDate=01/01/2020&endDate=28/09/2026,2026-09-28,computed: arithmetic mean of 4 weekly quotes whose week begins in this month; raw weekly values in eu_weekly.csv
eggs,"EC: Eggs, cage, EU average price - MONTHLY MEAN OF WEEKLY QUOTES (computed by us)",European Commission Agri-food Data Portal API,EUR/100kg,2022-03,169.64,https://ec.europa.eu/agrifood/api/poultry/egg/prices?memberStateCodes=EU&beginDate=01/01/2020&endDate=28/09/2026,2026-09-28,computed: arithmetic mean of 4 weekly quotes whose week begins in this month; raw weekly values in eu_weekly.csv
eggs,"EC: Eggs, cage, EU average price - MONTHLY MEAN OF WEEKLY QUOTES (computed by us)",European Commission Agri-food Data Portal API,EUR/100kg,2022-04,185.64,https://ec.europa.eu/agrifood/api/poultry/egg/prices?memberStateCodes=EU&beginDate=01/01/2020&endDate=28/09/2026,2026-09-28,computed: arithmetic mean of 4 weekly quotes whose week begins in this month; raw weekly values in eu_weekly.csv
eggs,"EC: Eggs, cage, EU average price - MONTHLY MEAN OF WEEKLY QUOTES (computed by us)",European Commission Agri-food Data Portal API,EUR/100kg,2022-05,179.77,https://ec.europa.eu/agrifood/api/poultry/egg/prices?memberStateCodes=EU&beginDate=01/01/2020&endDate=28/09/2026,2026-09-28,computed: arithmetic mean of 5 weekly quotes whose week begins in this month; raw weekly values in eu_weekly.csv
eggs,"EC: Eggs, cage, EU average price - MONTHLY MEAN OF WEEKLY QUOTES (computed by us)",European Commission Agri-food Data Portal API,EUR/100kg,2022-06,175.61,https://ec.europa.eu/agrifood/api/poultry/egg/prices?memberStateCodes=EU&beginDate=01/01/2020&endDate=28/09/2026,2026-09-28,computed: arithmetic mean of 4 weekly quotes whose week begins in this month; raw weekly values in eu_weekly.csv
eggs,"EC: Eggs, cage, EU average price - MONTHLY MEAN OF WEEKLY QUOTES (computed by us)",European Commission Agri-food Data Portal API,EUR/100kg,2022-07,178.61,https://ec.europa.eu/agrifood/api/poultry/egg/prices?memberStateCodes=EU&beginDate=01/01/2020&endDate=28/09/2026,2026-09-28,computed: arithmetic mean of 4 weekly quotes whose week begins in this month; raw weekly values in eu_weekly.csv
eggs,"EC: Eggs, cage, EU average price - MONTHLY MEAN OF WEEKLY QUOTES (computed by us)",European Commission Agri-food Data Portal API,EUR/100kg,2022-08,181.73,https://ec.europa.eu/agrifood/api/poultry/egg/prices?memberStateCodes=EU&beginDate=01/01/2020&endDate=28/09/2026,2026-09-28,computed: arithmetic mean of 5 weekly quotes whose week begins in this month; raw weekly values in eu_weekly.csv
eggs,"EC: Eggs, cage, EU average price - MONTHLY MEAN OF WEEKLY QUOTES (computed by us)",European Commission Agri-food Data Portal API,EUR/100kg,2022-09,196.16,https://ec.europa.eu/agrifood/api/poultry/egg/prices?memberStateCodes=EU&beginDate=01/01/2020&endDate=28/09/2026,2026-09-28,computed: arithmetic mean of 4 weekly quotes whose week begins in this month; raw weekly values in eu_weekly.csv
eggs,"EC: Eggs, cage, EU average price - MONTHLY MEAN OF WEEKLY QUOTES (computed by us)",European Commission Agri-food Data Portal API,EUR/100kg,2022-10,218.55,https://ec.europa.eu/agrifood/api/poultry/egg/prices?memberStateCodes=EU&beginDate=01/01/2020&endDate=28/09/2026,2026-09-28,computed: arithmetic mean of 5 weekly quotes whose week begins in this month; raw weekly values in eu_weekly.csv
eggs,"EC: Eggs, cage, EU average price - MONTHLY MEAN OF WEEKLY QUOTES (computed by us)",European Commission Agri-food Data Portal API,EUR/100kg,2022-11,233.73,https://ec.europa.eu/agrifood/api/poultry/egg/prices?memberStateCodes=EU&beginDate=01/01/2020&endDate=28/09/2026,2026-09-28,computed: arithmetic mean of 4 weekly quotes whose week begins in this month; raw weekly values in eu_weekly.csv
eggs,"EC: Eggs, cage, EU average price - MONTHLY MEAN OF WEEKLY QUOTES (computed by us)",European Commission Agri-food Data Portal API,EUR/100kg,2022-12,242.52,https://ec.europa.eu/agrifood/api/poultry/egg/prices?memberStateCodes=EU&beginDate=01/01/2020&endDate=28/09/2026,2026-09-28,computed: arithmetic mean of 4 weekly quotes whose week begins in this month; raw weekly values in eu_weekly.csv
eggs,"EC: Eggs, cage, EU average price - MONTHLY MEAN OF WEEKLY QUOTES (computed by us)",European Commission Agri-food Data Portal API,EUR/100kg,2023-01,245.20,https://ec.europa.eu/agrifood/api/poultry/egg/prices?memberStateCodes=EU&beginDate=01/01/2020&endDate=28/09/2026,2026-09-28,computed: arithmetic mean of 5 weekly quotes whose week begins in this month; raw weekly values in eu_weekly.csv
eggs,"EC: Eggs, cage, EU average price - MONTHLY MEAN OF WEEKLY QUOTES (computed by us)",European Commission Agri-food Data Portal API,EUR/100kg,2023-02,250.26,https://ec.europa.eu/agrifood/api/poultry/egg/prices?memberStateCodes=EU&beginDate=01/01/2020&endDate=28/09/2026,2026-09-28,computed: arithmetic mean of 4 weekly quotes whose week begins in this month; raw weekly values in eu_weekly.csv
eggs,"EC: Eggs, cage, EU average price - MONTHLY MEAN OF WEEKLY QUOTES (computed by us)",European Commission Agri-food Data Portal API,EUR/100kg,2023-03,258.99,https://ec.europa.eu/agrifood/api/poultry/egg/prices?memberStateCodes=EU&beginDate=01/01/2020&endDate=28/09/2026,2026-09-28,computed: arithmetic mean of 4 weekly quotes whose week begins in this month; raw weekly values in eu_weekly.csv
eggs,"EC: Eggs, cage, EU average price - MONTHLY MEAN OF WEEKLY QUOTES (computed by us)",European Commission Agri-food Data Portal API,EUR/100kg,2023-04,258.58,https://ec.europa.eu/agrifood/api/poultry/egg/prices?memberStateCodes=EU&beginDate=01/01/2020&endDate=28/09/2026,2026-09-28,computed: arithmetic mean of 4 weekly quotes whose week begins in this month; raw weekly values in eu_weekly.csv
eggs,"EC: Eggs, cage, EU average price - MONTHLY MEAN OF WEEKLY QUOTES (computed by us)",European Commission Agri-food Data Portal API,EUR/100kg,2023-05,246.23,https://ec.europa.eu/agrifood/api/poultry/egg/prices?memberStateCodes=EU&beginDate=01/01/2020&endDate=28/09/2026,2026-09-28,computed: arithmetic mean of 5 weekly quotes whose week begins in this month; raw weekly values in eu_weekly.csv
eggs,"EC: Eggs, cage, EU average price - MONTHLY MEAN OF WEEKLY QUOTES (computed by us)",European Commission Agri-food Data Portal API,EUR/100kg,2023-06,233.65,https://ec.europa.eu/agrifood/api/poultry/egg/prices?memberStateCodes=EU&beginDate=01/01/2020&endDate=28/09/2026,2026-09-28,computed: arithmetic mean of 4 weekly quotes whose week begins in this month; raw weekly values in eu_weekly.csv
eggs,"EC: Eggs, cage, EU average price - MONTHLY MEAN OF WEEKLY QUOTES (computed by us)",European Commission Agri-food Data Portal API,EUR/100kg,2023-07,212.47,https://ec.europa.eu/agrifood/api/poultry/egg/prices?memberStateCodes=EU&beginDate=01/01/2020&endDate=28/09/2026,2026-09-28,computed: arithmetic mean of 5 weekly quotes whose week begins in this month; raw weekly values in eu_weekly.csv
eggs,"EC: Eggs, cage, EU average price - MONTHLY MEAN OF WEEKLY QUOTES (computed by us)",European Commission Agri-food Data Portal API,EUR/100kg,2023-08,205.39,https://ec.europa.eu/agrifood/api/poultry/egg/prices?memberStateCodes=EU&beginDate=01/01/2020&endDate=28/09/2026,2026-09-28,computed: arithmetic mean of 4 weekly quotes whose week begins in this month; raw weekly values in eu_weekly.csv
eggs,"EC: Eggs, cage, EU average price - MONTHLY MEAN OF WEEKLY QUOTES (computed by us)",European Commission Agri-food Data Portal API,EUR/100kg,2023-09,208.64,https://ec.europa.eu/agrifood/api/poultry/egg/prices?memberStateCodes=EU&beginDate=01/01/2020&endDate=28/09/2026,2026-09-28,computed: arithmetic mean of 4 weekly quotes whose week begins in this month; raw weekly values in eu_weekly.csv
eggs,"EC: Eggs, cage, EU average price - MONTHLY MEAN OF WEEKLY QUOTES (computed by us)",European Commission Agri-food Data Portal API,EUR/100kg,2023-10,213.53,https://ec.europa.eu/agrifood/api/poultry/egg/prices?memberStateCodes=EU&beginDate=01/01/2020&endDate=28/09/2026,2026-09-28,computed: arithmetic mean of 5 weekly quotes whose week begins in this month; raw weekly values in eu_weekly.csv
eggs,"EC: Eggs, cage, EU average price - MONTHLY MEAN OF WEEKLY QUOTES (computed by us)",European Commission Agri-food Data Portal API,EUR/100kg,2023-11,222.85,https://ec.europa.eu/agrifood/api/poultry/egg/prices?memberStateCodes=EU&beginDate=01/01/2020&endDate=28/09/2026,2026-09-28,computed: arithmetic mean of 4 weekly quotes whose week begins in this month; raw weekly values in eu_weekly.csv
eggs,"EC: Eggs, cage, EU average price - MONTHLY MEAN OF WEEKLY QUOTES (computed by us)",European Commission Agri-food Data Portal API,EUR/100kg,2023-12,227.03,https://ec.europa.eu/agrifood/api/poultry/egg/prices?memberStateCodes=EU&beginDate=01/01/2020&endDate=28/09/2026,2026-09-28,computed: arithmetic mean of 4 weekly quotes whose week begins in this month; raw weekly values in eu_weekly.csv
eggs,"EC: Eggs, cage, EU average price - MONTHLY MEAN OF WEEKLY QUOTES (computed by us)",European Commission Agri-food Data Portal API,EUR/100kg,2024-01,221.88,https://ec.europa.eu/agrifood/api/poultry/egg/prices?memberStateCodes=EU&beginDate=01/01/2020&endDate=28/09/2026,2026-09-28,computed: arithmetic mean of 5 weekly quotes whose week begins in this month; raw weekly values in eu_weekly.csv
eggs,"EC: Eggs, cage, EU average price - MONTHLY MEAN OF WEEKLY QUOTES (computed by us)",European Commission Agri-food Data Portal API,EUR/100kg,2024-02,218.74,https://ec.europa.eu/agrifood/api/poultry/egg/prices?memberStateCodes=EU&beginDate=01/01/2020&endDate=28/09/2026,2026-09-28,computed: arithmetic mean of 4 weekly quotes whose week begins in this month; raw weekly values in eu_weekly.csv
eggs,"EC: Eggs, cage, EU average price - MONTHLY MEAN OF WEEKLY QUOTES (computed by us)",European Commission Agri-food Data Portal API,EUR/100kg,2024-03,223.24,https://ec.europa.eu/agrifood/api/poultry/egg/prices?memberStateCodes=EU&beginDate=01/01/2020&endDate=28/09/2026,2026-09-28,computed: arithmetic mean of 4 weekly quotes whose week begins in this month; raw weekly values in eu_weekly.csv
eggs,"EC: Eggs, cage, EU average price - MONTHLY MEAN OF WEEKLY QUOTES (computed by us)",European Commission Agri-food Data Portal API,EUR/100kg,2024-04,215.75,https://ec.europa.eu/agrifood/api/poultry/egg/prices?memberStateCodes=EU&beginDate=01/01/2020&endDate=28/09/2026,2026-09-28,computed: arithmetic mean of 5 weekly quotes whose week begins in this month; raw weekly values in eu_weekly.csv
eggs,"EC: Eggs, cage, EU average price - MONTHLY MEAN OF WEEKLY QUOTES (computed by us)",European Commission Agri-food Data Portal API,EUR/100kg,2024-05,199.47,https://ec.europa.eu/agrifood/api/poultry/egg/prices?memberStateCodes=EU&beginDate=01/01/2020&endDate=28/09/2026,2026-09-28,computed: arithmetic mean of 4 weekly quotes whose week begins in this month; raw weekly values in eu_weekly.csv
eggs,"EC: Eggs, cage, EU average price - MONTHLY MEAN OF WEEKLY QUOTES (computed by us)",European Commission Agri-food Data Portal API,EUR/100kg,2024-06,193.49,https://ec.europa.eu/agrifood/api/poultry/egg/prices?memberStateCodes=EU&beginDate=01/01/2020&endDate=28/09/2026,2026-09-28,computed: arithmetic mean of 4 weekly quotes whose week begins in this month; raw weekly values in eu_weekly.csv
eggs,"EC: Eggs, cage, EU average price - MONTHLY MEAN OF WEEKLY QUOTES (computed by us)",European Commission Agri-food Data Portal API,EUR/100kg,2024-07,192.43,https://ec.europa.eu/agrifood/api/poultry/egg/prices?memberStateCodes=EU&beginDate=01/01/2020&endDate=28/09/2026,2026-09-28,computed: arithmetic mean of 5 weekly quotes whose week begins in this month; raw weekly values in eu_weekly.csv
eggs,"EC: Eggs, cage, EU average price - MONTHLY MEAN OF WEEKLY QUOTES (computed by us)",European Commission Agri-food Data Portal API,EUR/100kg,2024-08,193.56,https://ec.europa.eu/agrifood/api/poultry/egg/prices?memberStateCodes=EU&beginDate=01/01/2020&endDate=28/09/2026,2026-09-28,computed: arithmetic mean of 4 weekly quotes whose week begins in this month; raw weekly values in eu_weekly.csv
eggs,"EC: Eggs, cage, EU average price - MONTHLY MEAN OF WEEKLY QUOTES (computed by us)",European Commission Agri-food Data Portal API,EUR/100kg,2024-09,203.82,https://ec.europa.eu/agrifood/api/poultry/egg/prices?memberStateCodes=EU&beginDate=01/01/2020&endDate=28/09/2026,2026-09-28,computed: arithmetic mean of 5 weekly quotes whose week begins in this month; raw weekly values in eu_weekly.csv
eggs,"EC: Eggs, cage, EU average price - MONTHLY MEAN OF WEEKLY QUOTES (computed by us)",European Commission Agri-food Data Portal API,EUR/100kg,2024-10,218.08,https://ec.europa.eu/agrifood/api/poultry/egg/prices?memberStateCodes=EU&beginDate=01/01/2020&endDate=28/09/2026,2026-09-28,computed: arithmetic mean of 4 weekly quotes whose week begins in this month; raw weekly values in eu_weekly.csv
eggs,"EC: Eggs, cage, EU average price - MONTHLY MEAN OF WEEKLY QUOTES (computed by us)",European Commission Agri-food Data Portal API,EUR/100kg,2024-11,236.49,https://ec.europa.eu/agrifood/api/poultry/egg/prices?memberStateCodes=EU&beginDate=01/01/2020&endDate=28/09/2026,2026-09-28,computed: arithmetic mean of 4 weekly quotes whose week begins in this month; raw weekly values in eu_weekly.csv
eggs,"EC: Eggs, cage, EU average price - MONTHLY MEAN OF WEEKLY QUOTES (computed by us)",European Commission Agri-food Data Portal API,EUR/100kg,2024-12,241.57,https://ec.europa.eu/agrifood/api/poultry/egg/prices?memberStateCodes=EU&beginDate=01/01/2020&endDate=28/09/2026,2026-09-28,computed: arithmetic mean of 5 weekly quotes whose week begins in this month; raw weekly values in eu_weekly.csv
eggs,"EC: Eggs, cage, EU average price - MONTHLY MEAN OF WEEKLY QUOTES (computed by us)",European Commission Agri-food Data Portal API,EUR/100kg,2025-01,236.24,https://ec.europa.eu/agrifood/api/poultry/egg/prices?memberStateCodes=EU&beginDate=01/01/2020&endDate=28/09/2026,2026-09-28,computed: arithmetic mean of 4 weekly quotes whose week begins in this month; raw weekly values in eu_weekly.csv
eggs,"EC: Eggs, cage, EU average price - MONTHLY MEAN OF WEEKLY QUOTES (computed by us)",European Commission Agri-food Data Portal API,EUR/100kg,2025-02,241.22,https://ec.europa.eu/agrifood/api/poultry/egg/prices?memberStateCodes=EU&beginDate=01/01/2020&endDate=28/09/2026,2026-09-28,computed: arithmetic mean of 4 weekly quotes whose week begins in this month; raw weekly values in eu_weekly.csv
eggs,"EC: Eggs, cage, EU average price - MONTHLY MEAN OF WEEKLY QUOTES (computed by us)",European Commission Agri-food Data Portal API,EUR/100kg,2025-03,269.57,https://ec.europa.eu/agrifood/api/poultry/egg/prices?memberStateCodes=EU&beginDate=01/01/2020&endDate=28/09/2026,2026-09-28,computed: arithmetic mean of 5 weekly quotes whose week begins in this month; raw weekly values in eu_weekly.csv
eggs,"EC: Eggs, cage, EU average price - MONTHLY MEAN OF WEEKLY QUOTES (computed by us)",European Commission Agri-food Data Portal API,EUR/100kg,2025-04,271.56,https://ec.europa.eu/agrifood/api/poultry/egg/prices?memberStateCodes=EU&beginDate=01/01/2020&endDate=28/09/2026,2026-09-28,computed: arithmetic mean of 4 weekly quotes whose week begins in this month; raw weekly values in eu_weekly.csv
eggs,"EC: Eggs, cage, EU average price - MONTHLY MEAN OF WEEKLY QUOTES (computed by us)",European Commission Agri-food Data Portal API,EUR/100kg,2025-05,259.06,https://ec.europa.eu/agrifood/api/poultry/egg/prices?memberStateCodes=EU&beginDate=01/01/2020&endDate=28/09/2026,2026-09-28,computed: arithmetic mean of 4 weekly quotes whose week begins in this month; raw weekly values in eu_weekly.csv
eggs,"EC: Eggs, cage, EU average price - MONTHLY MEAN OF WEEKLY QUOTES (computed by us)",European Commission Agri-food Data Portal API,EUR/100kg,2025-06,251.53,https://ec.europa.eu/agrifood/api/poultry/egg/prices?memberStateCodes=EU&beginDate=01/01/2020&endDate=28/09/2026,2026-09-28,computed: arithmetic mean of 5 weekly quotes whose week begins in this month; raw weekly values in eu_weekly.csv
eggs,"EC: Eggs, cage, EU average price - MONTHLY MEAN OF WEEKLY QUOTES (computed by us)",European Commission Agri-food Data Portal API,EUR/100kg,2025-07,251.97,https://ec.europa.eu/agrifood/api/poultry/egg/prices?memberStateCodes=EU&beginDate=01/01/2020&endDate=28/09/2026,2026-09-28,computed: arithmetic mean of 4 weekly quotes whose week begins in this month; raw weekly values in eu_weekly.csv
eggs,"EC: Eggs, cage, EU average price - MONTHLY MEAN OF WEEKLY QUOTES (computed by us)",European Commission Agri-food Data Portal API,EUR/100kg,2025-08,253.61,https://ec.europa.eu/agrifood/api/poultry/egg/prices?memberStateCodes=EU&beginDate=01/01/2020&endDate=28/09/2026,2026-09-28,computed: arithmetic mean of 4 weekly quotes whose week begins in this month; raw weekly values in eu_weekly.csv
eggs,"EC: Eggs, cage, EU average price - MONTHLY MEAN OF WEEKLY QUOTES (computed by us)",European Commission Agri-food Data Portal API,EUR/100kg,2025-09,260.13,https://ec.europa.eu/agrifood/api/poultry/egg/prices?memberStateCodes=EU&beginDate=01/01/2020&endDate=28/09/2026,2026-09-28,computed: arithmetic mean of 5 weekly quotes whose week begins in this month; raw weekly values in eu_weekly.csv
eggs,"EC: Eggs, cage, EU average price - MONTHLY MEAN OF WEEKLY QUOTES (computed by us)",European Commission Agri-food Data Portal API,EUR/100kg,2025-10,279.05,https://ec.europa.eu/agrifood/api/poultry/egg/prices?memberStateCodes=EU&beginDate=01/01/2020&endDate=28/09/2026,2026-09-28,computed: arithmetic mean of 4 weekly quotes whose week begins in this month; raw weekly values in eu_weekly.csv
eggs,"EC: Eggs, cage, EU average price - MONTHLY MEAN OF WEEKLY QUOTES (computed by us)",European Commission Agri-food Data Portal API,EUR/100kg,2025-11,288.42,https://ec.europa.eu/agrifood/api/poultry/egg/prices?memberStateCodes=EU&beginDate=01/01/2020&endDate=28/09/2026,2026-09-28,computed: arithmetic mean of 4 weekly quotes whose week begins in this month; raw weekly values in eu_weekly.csv
eggs,"EC: Eggs, cage, EU average price - MONTHLY MEAN OF WEEKLY QUOTES (computed by us)",European Commission Agri-food Data Portal API,EUR/100kg,2025-12,292.48,https://ec.europa.eu/agrifood/api/poultry/egg/prices?memberStateCodes=EU&beginDate=01/01/2020&endDate=28/09/2026,2026-09-28,computed: arithmetic mean of 5 weekly quotes whose week begins in this month; raw weekly values in eu_weekly.csv
eggs,"EC: Eggs, cage, EU average price - MONTHLY MEAN OF WEEKLY QUOTES (computed by us)",European Commission Agri-food Data Portal API,EUR/100kg,2026-01,279.70,https://ec.europa.eu/agrifood/api/poultry/egg/prices?memberStateCodes=EU&beginDate=01/01/2020&endDate=28/09/2026,2026-09-28,computed: arithmetic mean of 4 weekly quotes whose week begins in this month; raw weekly values in eu_weekly.csv
eggs,"EC: Eggs, cage, EU average price - MONTHLY MEAN OF WEEKLY QUOTES (computed by us)",European Commission Agri-food Data Portal API,EUR/100kg,2026-02,285.13,https://ec.europa.eu/agrifood/api/poultry/egg/prices?memberStateCodes=EU&beginDate=01/01/2020&endDate=28/09/2026,2026-09-28,computed: arithmetic mean of 4 weekly quotes whose week begins in this month; raw weekly values in eu_weekly.csv
eggs,"EC: Eggs, cage, EU average price - MONTHLY MEAN OF WEEKLY QUOTES (computed by us)",European Commission Agri-food Data Portal API,EUR/100kg,2026-03,291.68,https://ec.europa.eu/agrifood/api/poultry/egg/prices?memberStateCodes=EU&beginDate=01/01/2020&endDate=28/09/2026,2026-09-28,computed: arithmetic mean of 5 weekly quotes whose week begins in this month; raw weekly values in eu_weekly.csv
eggs,"EC: Eggs, cage, EU average price - MONTHLY MEAN OF WEEKLY QUOTES (computed by us)",European Commission Agri-food Data Portal API,EUR/100kg,2026-04,286.93,https://ec.europa.eu/agrifood/api/poultry/egg/prices?memberStateCodes=EU&beginDate=01/01/2020&endDate=28/09/2026,2026-09-28,computed: arithmetic mean of 4 weekly quotes whose week begins in this month; raw weekly values in eu_weekly.csv
eggs,"EC: Eggs, cage, EU average price - MONTHLY MEAN OF WEEKLY QUOTES (computed by us)",European Commission Agri-food Data Portal API,EUR/100kg,2026-05,274.68,https://ec.europa.eu/agrifood/api/poultry/egg/prices?memberStateCodes=EU&beginDate=01/01/2020&endDate=28/09/2026,2026-09-28,computed: arithmetic mean of 4 weekly quotes whose week begins in this month; raw weekly values in eu_weekly.csv
eggs,"EC: Eggs, cage, EU average price - MONTHLY MEAN OF WEEKLY QUOTES (computed by us)",European Commission Agri-food Data Portal API,EUR/100kg,2026-06,256.74,https://ec.europa.eu/agrifood/api/poultry/egg/prices?memberStateCodes=EU&beginDate=01/01/2020&endDate=28/09/2026,2026-09-28,computed: arithmetic mean of 5 weekly quotes whose week begins in this month; raw weekly values in eu_weekly.csv
eggs,"EC: Eggs, cage, EU average price - MONTHLY MEAN OF WEEKLY QUOTES (computed by us)",European Commission Agri-food Data Portal API,EUR/100kg,2026-07,240.71,https://ec.europa.eu/agrifood/api/poultry/egg/prices?memberStateCodes=EU&beginDate=01/01/2020&endDate=28/09/2026,2026-09-28,computed: arithmetic mean of 4 weekly quotes whose week begins in this month; raw weekly values in eu_weekly.csv
eggs,"EC: Eggs, cage, EU average price - MONTHLY MEAN OF WEEKLY QUOTES (computed by us)",European Commission Agri-food Data Portal API,EUR/100kg,2026-08,239.93,https://ec.europa.eu/agrifood/api/poultry/egg/prices?memberStateCodes=EU&beginDate=01/01/2020&endDate=28/09/2026,2026-09-28,computed: arithmetic mean of 5 weekly quotes whose week begins in this month; raw weekly values in eu_weekly.csv
eggs,"EC: Eggs, cage, EU average price - MONTHLY MEAN OF WEEKLY QUOTES (computed by us)",European Commission Agri-food Data Portal API,EUR/100kg,2026-09,250.66,https://ec.europa.eu/agrifood/api/poultry/egg/prices?memberStateCodes=EU&beginDate=01/01/2020&endDate=28/09/2026,2026-09-28,PARTIAL MONTH (weeks up to 14/09/2026 only). computed: arithmetic mean of 2 weekly quotes whose week begins in this month; raw weekly values in eu_weekly.csv
