country,series,measure,month,annual_rate_pct,source_url,retrieved_on
UK,ONS CPI D7JA (MM23) CPI annual rate 11.1.1 Restaurants & cafes,restaurants,2023-01,9.4,https://www.ons.gov.uk/generator?format=csv&uri=/economy/inflationandpriceindices/timeseries/d7ja/mm23,2026-09-28
UK,ONS CPI D7JA (MM23) CPI annual rate 11.1.1 Restaurants & cafes,restaurants,2023-02,11.4,https://www.ons.gov.uk/generator?format=csv&uri=/economy/inflationandpriceindices/timeseries/d7ja/mm23,2026-09-28
UK,ONS CPI D7JA (MM23) CPI annual rate 11.1.1 Restaurants & cafes,restaurants,2023-03,10.4,https://www.ons.gov.uk/generator?format=csv&uri=/economy/inflationandpriceindices/timeseries/d7ja/mm23,2026-09-28
UK,ONS CPI D7JA (MM23) CPI annual rate 11.1.1 Restaurants & cafes,restaurants,2023-04,9.4,https://www.ons.gov.uk/generator?format=csv&uri=/economy/inflationandpriceindices/timeseries/d7ja/mm23,2026-09-28
UK,ONS CPI D7JA (MM23) CPI annual rate 11.1.1 Restaurants & cafes,restaurants,2023-05,9.3,https://www.ons.gov.uk/generator?format=csv&uri=/economy/inflationandpriceindices/timeseries/d7ja/mm23,2026-09-28
UK,ONS CPI D7JA (MM23) CPI annual rate 11.1.1 Restaurants & cafes,restaurants,2023-06,9.1,https://www.ons.gov.uk/generator?format=csv&uri=/economy/inflationandpriceindices/timeseries/d7ja/mm23,2026-09-28
UK,ONS CPI D7JA (MM23) CPI annual rate 11.1.1 Restaurants & cafes,restaurants,2023-07,9.0,https://www.ons.gov.uk/generator?format=csv&uri=/economy/inflationandpriceindices/timeseries/d7ja/mm23,2026-09-28
UK,ONS CPI D7JA (MM23) CPI annual rate 11.1.1 Restaurants & cafes,restaurants,2023-08,8.8,https://www.ons.gov.uk/generator?format=csv&uri=/economy/inflationandpriceindices/timeseries/d7ja/mm23,2026-09-28
UK,ONS CPI D7JA (MM23) CPI annual rate 11.1.1 Restaurants & cafes,restaurants,2023-09,9.1,https://www.ons.gov.uk/generator?format=csv&uri=/economy/inflationandpriceindices/timeseries/d7ja/mm23,2026-09-28
UK,ONS CPI D7JA (MM23) CPI annual rate 11.1.1 Restaurants & cafes,restaurants,2023-10,8.8,https://www.ons.gov.uk/generator?format=csv&uri=/economy/inflationandpriceindices/timeseries/d7ja/mm23,2026-09-28
UK,ONS CPI D7JA (MM23) CPI annual rate 11.1.1 Restaurants & cafes,restaurants,2023-11,8.2,https://www.ons.gov.uk/generator?format=csv&uri=/economy/inflationandpriceindices/timeseries/d7ja/mm23,2026-09-28
UK,ONS CPI D7JA (MM23) CPI annual rate 11.1.1 Restaurants & cafes,restaurants,2023-12,7.7,https://www.ons.gov.uk/generator?format=csv&uri=/economy/inflationandpriceindices/timeseries/d7ja/mm23,2026-09-28
UK,ONS CPI D7JA (MM23) CPI annual rate 11.1.1 Restaurants & cafes,restaurants,2024-01,8.2,https://www.ons.gov.uk/generator?format=csv&uri=/economy/inflationandpriceindices/timeseries/d7ja/mm23,2026-09-28
UK,ONS CPI D7JA (MM23) CPI annual rate 11.1.1 Restaurants & cafes,restaurants,2024-02,6.7,https://www.ons.gov.uk/generator?format=csv&uri=/economy/inflationandpriceindices/timeseries/d7ja/mm23,2026-09-28
UK,ONS CPI D7JA (MM23) CPI annual rate 11.1.1 Restaurants & cafes,restaurants,2024-03,6.2,https://www.ons.gov.uk/generator?format=csv&uri=/economy/inflationandpriceindices/timeseries/d7ja/mm23,2026-09-28
UK,ONS CPI D7JA (MM23) CPI annual rate 11.1.1 Restaurants & cafes,restaurants,2024-04,6.2,https://www.ons.gov.uk/generator?format=csv&uri=/economy/inflationandpriceindices/timeseries/d7ja/mm23,2026-09-28
UK,ONS CPI D7JA (MM23) CPI annual rate 11.1.1 Restaurants & cafes,restaurants,2024-05,5.9,https://www.ons.gov.uk/generator?format=csv&uri=/economy/inflationandpriceindices/timeseries/d7ja/mm23,2026-09-28
UK,ONS CPI D7JA (MM23) CPI annual rate 11.1.1 Restaurants & cafes,restaurants,2024-06,5.6,https://www.ons.gov.uk/generator?format=csv&uri=/economy/inflationandpriceindices/timeseries/d7ja/mm23,2026-09-28
UK,ONS CPI D7JA (MM23) CPI annual rate 11.1.1 Restaurants & cafes,restaurants,2024-07,5.5,https://www.ons.gov.uk/generator?format=csv&uri=/economy/inflationandpriceindices/timeseries/d7ja/mm23,2026-09-28
UK,ONS CPI D7JA (MM23) CPI annual rate 11.1.1 Restaurants & cafes,restaurants,2024-08,4.9,https://www.ons.gov.uk/generator?format=csv&uri=/economy/inflationandpriceindices/timeseries/d7ja/mm23,2026-09-28
UK,ONS CPI D7JA (MM23) CPI annual rate 11.1.1 Restaurants & cafes,restaurants,2024-09,4.6,https://www.ons.gov.uk/generator?format=csv&uri=/economy/inflationandpriceindices/timeseries/d7ja/mm23,2026-09-28
UK,ONS CPI D7JA (MM23) CPI annual rate 11.1.1 Restaurants & cafes,restaurants,2024-10,4.2,https://www.ons.gov.uk/generator?format=csv&uri=/economy/inflationandpriceindices/timeseries/d7ja/mm23,2026-09-28
UK,ONS CPI D7JA (MM23) CPI annual rate 11.1.1 Restaurants & cafes,restaurants,2024-11,3.9,https://www.ons.gov.uk/generator?format=csv&uri=/economy/inflationandpriceindices/timeseries/d7ja/mm23,2026-09-28
UK,ONS CPI D7JA (MM23) CPI annual rate 11.1.1 Restaurants & cafes,restaurants,2024-12,3.8,https://www.ons.gov.uk/generator?format=csv&uri=/economy/inflationandpriceindices/timeseries/d7ja/mm23,2026-09-28
UK,ONS CPI D7JA (MM23) CPI annual rate 11.1.1 Restaurants & cafes,restaurants,2025-01,3.5,https://www.ons.gov.uk/generator?format=csv&uri=/economy/inflationandpriceindices/timeseries/d7ja/mm23,2026-09-28
UK,ONS CPI D7JA (MM23) CPI annual rate 11.1.1 Restaurants & cafes,restaurants,2025-02,4.1,https://www.ons.gov.uk/generator?format=csv&uri=/economy/inflationandpriceindices/timeseries/d7ja/mm23,2026-09-28
UK,ONS CPI D7JA (MM23) CPI annual rate 11.1.1 Restaurants & cafes,restaurants,2025-03,4.2,https://www.ons.gov.uk/generator?format=csv&uri=/economy/inflationandpriceindices/timeseries/d7ja/mm23,2026-09-28
UK,ONS CPI D7JA (MM23) CPI annual rate 11.1.1 Restaurants & cafes,restaurants,2025-04,3.9,https://www.ons.gov.uk/generator?format=csv&uri=/economy/inflationandpriceindices/timeseries/d7ja/mm23,2026-09-28
UK,ONS CPI D7JA (MM23) CPI annual rate 11.1.1 Restaurants & cafes,restaurants,2025-05,4.0,https://www.ons.gov.uk/generator?format=csv&uri=/economy/inflationandpriceindices/timeseries/d7ja/mm23,2026-09-28
UK,ONS CPI D7JA (MM23) CPI annual rate 11.1.1 Restaurants & cafes,restaurants,2025-06,4.1,https://www.ons.gov.uk/generator?format=csv&uri=/economy/inflationandpriceindices/timeseries/d7ja/mm23,2026-09-28
UK,ONS CPI D7JA (MM23) CPI annual rate 11.1.1 Restaurants & cafes,restaurants,2025-07,4.2,https://www.ons.gov.uk/generator?format=csv&uri=/economy/inflationandpriceindices/timeseries/d7ja/mm23,2026-09-28
UK,ONS CPI D7JA (MM23) CPI annual rate 11.1.1 Restaurants & cafes,restaurants,2025-08,4.1,https://www.ons.gov.uk/generator?format=csv&uri=/economy/inflationandpriceindices/timeseries/d7ja/mm23,2026-09-28
UK,ONS CPI D7JA (MM23) CPI annual rate 11.1.1 Restaurants & cafes,restaurants,2025-09,4.1,https://www.ons.gov.uk/generator?format=csv&uri=/economy/inflationandpriceindices/timeseries/d7ja/mm23,2026-09-28
UK,ONS CPI D7JA (MM23) CPI annual rate 11.1.1 Restaurants & cafes,restaurants,2025-10,4.4,https://www.ons.gov.uk/generator?format=csv&uri=/economy/inflationandpriceindices/timeseries/d7ja/mm23,2026-09-28
UK,ONS CPI D7JA (MM23) CPI annual rate 11.1.1 Restaurants & cafes,restaurants,2025-11,4.6,https://www.ons.gov.uk/generator?format=csv&uri=/economy/inflationandpriceindices/timeseries/d7ja/mm23,2026-09-28
UK,ONS CPI D7JA (MM23) CPI annual rate 11.1.1 Restaurants & cafes,restaurants,2025-12,4.7,https://www.ons.gov.uk/generator?format=csv&uri=/economy/inflationandpriceindices/timeseries/d7ja/mm23,2026-09-28
UK,ONS CPI D7JA (MM23) CPI annual rate 11.1.1 Restaurants & cafes,restaurants,2026-01,4.8,https://www.ons.gov.uk/generator?format=csv&uri=/economy/inflationandpriceindices/timeseries/d7ja/mm23,2026-09-28
UK,ONS CPI D7JA (MM23) CPI annual rate 11.1.1 Restaurants & cafes,restaurants,2026-02,4.5,https://www.ons.gov.uk/generator?format=csv&uri=/economy/inflationandpriceindices/timeseries/d7ja/mm23,2026-09-28
UK,ONS CPI D7JA (MM23) CPI annual rate 11.1.1 Restaurants & cafes,restaurants,2026-03,4.5,https://www.ons.gov.uk/generator?format=csv&uri=/economy/inflationandpriceindices/timeseries/d7ja/mm23,2026-09-28
UK,ONS CPI D7JA (MM23) CPI annual rate 11.1.1 Restaurants & cafes,restaurants,2026-04,4.5,https://www.ons.gov.uk/generator?format=csv&uri=/economy/inflationandpriceindices/timeseries/d7ja/mm23,2026-09-28
UK,ONS CPI D7JA (MM23) CPI annual rate 11.1.1 Restaurants & cafes,restaurants,2026-05,4.4,https://www.ons.gov.uk/generator?format=csv&uri=/economy/inflationandpriceindices/timeseries/d7ja/mm23,2026-09-28
UK,ONS CPI D7JA (MM23) CPI annual rate 11.1.1 Restaurants & cafes,restaurants,2026-06,4.4,https://www.ons.gov.uk/generator?format=csv&uri=/economy/inflationandpriceindices/timeseries/d7ja/mm23,2026-09-28
UK,ONS CPI D7JA (MM23) CPI annual rate 11.1.1 Restaurants & cafes,restaurants,2026-07,4.3,https://www.ons.gov.uk/generator?format=csv&uri=/economy/inflationandpriceindices/timeseries/d7ja/mm23,2026-09-28
UK,ONS CPI D7JA (MM23) CPI annual rate 11.1.1 Restaurants & cafes,restaurants,2026-08,4.6,https://www.ons.gov.uk/generator?format=csv&uri=/economy/inflationandpriceindices/timeseries/d7ja/mm23,2026-09-28
UK,ONS CPI D7G7 (MM23) CPI annual rate 00 All items,all_items,2023-01,10.1,https://www.ons.gov.uk/generator?format=csv&uri=/economy/inflationandpriceindices/timeseries/d7g7/mm23,2026-09-28
UK,ONS CPI D7G7 (MM23) CPI annual rate 00 All items,all_items,2023-02,10.4,https://www.ons.gov.uk/generator?format=csv&uri=/economy/inflationandpriceindices/timeseries/d7g7/mm23,2026-09-28
UK,ONS CPI D7G7 (MM23) CPI annual rate 00 All items,all_items,2023-03,10.1,https://www.ons.gov.uk/generator?format=csv&uri=/economy/inflationandpriceindices/timeseries/d7g7/mm23,2026-09-28
UK,ONS CPI D7G7 (MM23) CPI annual rate 00 All items,all_items,2023-04,8.7,https://www.ons.gov.uk/generator?format=csv&uri=/economy/inflationandpriceindices/timeseries/d7g7/mm23,2026-09-28
UK,ONS CPI D7G7 (MM23) CPI annual rate 00 All items,all_items,2023-05,8.7,https://www.ons.gov.uk/generator?format=csv&uri=/economy/inflationandpriceindices/timeseries/d7g7/mm23,2026-09-28
UK,ONS CPI D7G7 (MM23) CPI annual rate 00 All items,all_items,2023-06,7.9,https://www.ons.gov.uk/generator?format=csv&uri=/economy/inflationandpriceindices/timeseries/d7g7/mm23,2026-09-28
UK,ONS CPI D7G7 (MM23) CPI annual rate 00 All items,all_items,2023-07,6.8,https://www.ons.gov.uk/generator?format=csv&uri=/economy/inflationandpriceindices/timeseries/d7g7/mm23,2026-09-28
UK,ONS CPI D7G7 (MM23) CPI annual rate 00 All items,all_items,2023-08,6.7,https://www.ons.gov.uk/generator?format=csv&uri=/economy/inflationandpriceindices/timeseries/d7g7/mm23,2026-09-28
UK,ONS CPI D7G7 (MM23) CPI annual rate 00 All items,all_items,2023-09,6.7,https://www.ons.gov.uk/generator?format=csv&uri=/economy/inflationandpriceindices/timeseries/d7g7/mm23,2026-09-28
UK,ONS CPI D7G7 (MM23) CPI annual rate 00 All items,all_items,2023-10,4.6,https://www.ons.gov.uk/generator?format=csv&uri=/economy/inflationandpriceindices/timeseries/d7g7/mm23,2026-09-28
UK,ONS CPI D7G7 (MM23) CPI annual rate 00 All items,all_items,2023-11,3.9,https://www.ons.gov.uk/generator?format=csv&uri=/economy/inflationandpriceindices/timeseries/d7g7/mm23,2026-09-28
UK,ONS CPI D7G7 (MM23) CPI annual rate 00 All items,all_items,2023-12,4.0,https://www.ons.gov.uk/generator?format=csv&uri=/economy/inflationandpriceindices/timeseries/d7g7/mm23,2026-09-28
UK,ONS CPI D7G7 (MM23) CPI annual rate 00 All items,all_items,2024-01,4.0,https://www.ons.gov.uk/generator?format=csv&uri=/economy/inflationandpriceindices/timeseries/d7g7/mm23,2026-09-28
UK,ONS CPI D7G7 (MM23) CPI annual rate 00 All items,all_items,2024-02,3.4,https://www.ons.gov.uk/generator?format=csv&uri=/economy/inflationandpriceindices/timeseries/d7g7/mm23,2026-09-28
UK,ONS CPI D7G7 (MM23) CPI annual rate 00 All items,all_items,2024-03,3.2,https://www.ons.gov.uk/generator?format=csv&uri=/economy/inflationandpriceindices/timeseries/d7g7/mm23,2026-09-28
UK,ONS CPI D7G7 (MM23) CPI annual rate 00 All items,all_items,2024-04,2.3,https://www.ons.gov.uk/generator?format=csv&uri=/economy/inflationandpriceindices/timeseries/d7g7/mm23,2026-09-28
UK,ONS CPI D7G7 (MM23) CPI annual rate 00 All items,all_items,2024-05,2.0,https://www.ons.gov.uk/generator?format=csv&uri=/economy/inflationandpriceindices/timeseries/d7g7/mm23,2026-09-28
UK,ONS CPI D7G7 (MM23) CPI annual rate 00 All items,all_items,2024-06,2.0,https://www.ons.gov.uk/generator?format=csv&uri=/economy/inflationandpriceindices/timeseries/d7g7/mm23,2026-09-28
UK,ONS CPI D7G7 (MM23) CPI annual rate 00 All items,all_items,2024-07,2.2,https://www.ons.gov.uk/generator?format=csv&uri=/economy/inflationandpriceindices/timeseries/d7g7/mm23,2026-09-28
UK,ONS CPI D7G7 (MM23) CPI annual rate 00 All items,all_items,2024-08,2.2,https://www.ons.gov.uk/generator?format=csv&uri=/economy/inflationandpriceindices/timeseries/d7g7/mm23,2026-09-28
UK,ONS CPI D7G7 (MM23) CPI annual rate 00 All items,all_items,2024-09,1.7,https://www.ons.gov.uk/generator?format=csv&uri=/economy/inflationandpriceindices/timeseries/d7g7/mm23,2026-09-28
UK,ONS CPI D7G7 (MM23) CPI annual rate 00 All items,all_items,2024-10,2.3,https://www.ons.gov.uk/generator?format=csv&uri=/economy/inflationandpriceindices/timeseries/d7g7/mm23,2026-09-28
UK,ONS CPI D7G7 (MM23) CPI annual rate 00 All items,all_items,2024-11,2.6,https://www.ons.gov.uk/generator?format=csv&uri=/economy/inflationandpriceindices/timeseries/d7g7/mm23,2026-09-28
UK,ONS CPI D7G7 (MM23) CPI annual rate 00 All items,all_items,2024-12,2.5,https://www.ons.gov.uk/generator?format=csv&uri=/economy/inflationandpriceindices/timeseries/d7g7/mm23,2026-09-28
UK,ONS CPI D7G7 (MM23) CPI annual rate 00 All items,all_items,2025-01,3.0,https://www.ons.gov.uk/generator?format=csv&uri=/economy/inflationandpriceindices/timeseries/d7g7/mm23,2026-09-28
UK,ONS CPI D7G7 (MM23) CPI annual rate 00 All items,all_items,2025-02,2.8,https://www.ons.gov.uk/generator?format=csv&uri=/economy/inflationandpriceindices/timeseries/d7g7/mm23,2026-09-28
UK,ONS CPI D7G7 (MM23) CPI annual rate 00 All items,all_items,2025-03,2.6,https://www.ons.gov.uk/generator?format=csv&uri=/economy/inflationandpriceindices/timeseries/d7g7/mm23,2026-09-28
UK,ONS CPI D7G7 (MM23) CPI annual rate 00 All items,all_items,2025-04,3.5,https://www.ons.gov.uk/generator?format=csv&uri=/economy/inflationandpriceindices/timeseries/d7g7/mm23,2026-09-28
UK,ONS CPI D7G7 (MM23) CPI annual rate 00 All items,all_items,2025-05,3.4,https://www.ons.gov.uk/generator?format=csv&uri=/economy/inflationandpriceindices/timeseries/d7g7/mm23,2026-09-28
UK,ONS CPI D7G7 (MM23) CPI annual rate 00 All items,all_items,2025-06,3.6,https://www.ons.gov.uk/generator?format=csv&uri=/economy/inflationandpriceindices/timeseries/d7g7/mm23,2026-09-28
UK,ONS CPI D7G7 (MM23) CPI annual rate 00 All items,all_items,2025-07,3.8,https://www.ons.gov.uk/generator?format=csv&uri=/economy/inflationandpriceindices/timeseries/d7g7/mm23,2026-09-28
UK,ONS CPI D7G7 (MM23) CPI annual rate 00 All items,all_items,2025-08,3.8,https://www.ons.gov.uk/generator?format=csv&uri=/economy/inflationandpriceindices/timeseries/d7g7/mm23,2026-09-28
UK,ONS CPI D7G7 (MM23) CPI annual rate 00 All items,all_items,2025-09,3.8,https://www.ons.gov.uk/generator?format=csv&uri=/economy/inflationandpriceindices/timeseries/d7g7/mm23,2026-09-28
UK,ONS CPI D7G7 (MM23) CPI annual rate 00 All items,all_items,2025-10,3.6,https://www.ons.gov.uk/generator?format=csv&uri=/economy/inflationandpriceindices/timeseries/d7g7/mm23,2026-09-28
UK,ONS CPI D7G7 (MM23) CPI annual rate 00 All items,all_items,2025-11,3.2,https://www.ons.gov.uk/generator?format=csv&uri=/economy/inflationandpriceindices/timeseries/d7g7/mm23,2026-09-28
UK,ONS CPI D7G7 (MM23) CPI annual rate 00 All items,all_items,2025-12,3.4,https://www.ons.gov.uk/generator?format=csv&uri=/economy/inflationandpriceindices/timeseries/d7g7/mm23,2026-09-28
UK,ONS CPI D7G7 (MM23) CPI annual rate 00 All items,all_items,2026-01,3.0,https://www.ons.gov.uk/generator?format=csv&uri=/economy/inflationandpriceindices/timeseries/d7g7/mm23,2026-09-28
UK,ONS CPI D7G7 (MM23) CPI annual rate 00 All items,all_items,2026-02,3.0,https://www.ons.gov.uk/generator?format=csv&uri=/economy/inflationandpriceindices/timeseries/d7g7/mm23,2026-09-28
UK,ONS CPI D7G7 (MM23) CPI annual rate 00 All items,all_items,2026-03,3.3,https://www.ons.gov.uk/generator?format=csv&uri=/economy/inflationandpriceindices/timeseries/d7g7/mm23,2026-09-28
UK,ONS CPI D7G7 (MM23) CPI annual rate 00 All items,all_items,2026-04,2.8,https://www.ons.gov.uk/generator?format=csv&uri=/economy/inflationandpriceindices/timeseries/d7g7/mm23,2026-09-28
UK,ONS CPI D7G7 (MM23) CPI annual rate 00 All items,all_items,2026-05,2.8,https://www.ons.gov.uk/generator?format=csv&uri=/economy/inflationandpriceindices/timeseries/d7g7/mm23,2026-09-28
UK,ONS CPI D7G7 (MM23) CPI annual rate 00 All items,all_items,2026-06,2.6,https://www.ons.gov.uk/generator?format=csv&uri=/economy/inflationandpriceindices/timeseries/d7g7/mm23,2026-09-28
UK,ONS CPI D7G7 (MM23) CPI annual rate 00 All items,all_items,2026-07,2.9,https://www.ons.gov.uk/generator?format=csv&uri=/economy/inflationandpriceindices/timeseries/d7g7/mm23,2026-09-28
UK,ONS CPI D7G7 (MM23) CPI annual rate 00 All items,all_items,2026-08,3.1,https://www.ons.gov.uk/generator?format=csv&uri=/economy/inflationandpriceindices/timeseries/d7g7/mm23,2026-09-28
DK,"Danmarks Statistik PRIS01 CPI, VAREGR 1111 '11.1.1 Restaurants, cafés and the like', ENHED 300",restaurants,2023-01,9.70,"https://api.statbank.dk/v1/data/PRIS01/CSV?lang=en&VAREGR=000000,1111&ENHED=300&Tid=>=2023M01",2026-09-28
DK,"Danmarks Statistik PRIS01 CPI, VAREGR 1111 '11.1.1 Restaurants, cafés and the like', ENHED 300",restaurants,2023-02,10.10,"https://api.statbank.dk/v1/data/PRIS01/CSV?lang=en&VAREGR=000000,1111&ENHED=300&Tid=>=2023M01",2026-09-28
DK,"Danmarks Statistik PRIS01 CPI, VAREGR 1111 '11.1.1 Restaurants, cafés and the like', ENHED 300",restaurants,2023-03,9.20,"https://api.statbank.dk/v1/data/PRIS01/CSV?lang=en&VAREGR=000000,1111&ENHED=300&Tid=>=2023M01",2026-09-28
DK,"Danmarks Statistik PRIS01 CPI, VAREGR 1111 '11.1.1 Restaurants, cafés and the like', ENHED 300",restaurants,2023-04,9.20,"https://api.statbank.dk/v1/data/PRIS01/CSV?lang=en&VAREGR=000000,1111&ENHED=300&Tid=>=2023M01",2026-09-28
DK,"Danmarks Statistik PRIS01 CPI, VAREGR 1111 '11.1.1 Restaurants, cafés and the like', ENHED 300",restaurants,2023-05,7.70,"https://api.statbank.dk/v1/data/PRIS01/CSV?lang=en&VAREGR=000000,1111&ENHED=300&Tid=>=2023M01",2026-09-28
DK,"Danmarks Statistik PRIS01 CPI, VAREGR 1111 '11.1.1 Restaurants, cafés and the like', ENHED 300",restaurants,2023-06,7.30,"https://api.statbank.dk/v1/data/PRIS01/CSV?lang=en&VAREGR=000000,1111&ENHED=300&Tid=>=2023M01",2026-09-28
DK,"Danmarks Statistik PRIS01 CPI, VAREGR 1111 '11.1.1 Restaurants, cafés and the like', ENHED 300",restaurants,2023-07,6.80,"https://api.statbank.dk/v1/data/PRIS01/CSV?lang=en&VAREGR=000000,1111&ENHED=300&Tid=>=2023M01",2026-09-28
DK,"Danmarks Statistik PRIS01 CPI, VAREGR 1111 '11.1.1 Restaurants, cafés and the like', ENHED 300",restaurants,2023-08,6.30,"https://api.statbank.dk/v1/data/PRIS01/CSV?lang=en&VAREGR=000000,1111&ENHED=300&Tid=>=2023M01",2026-09-28
DK,"Danmarks Statistik PRIS01 CPI, VAREGR 1111 '11.1.1 Restaurants, cafés and the like', ENHED 300",restaurants,2023-09,6.50,"https://api.statbank.dk/v1/data/PRIS01/CSV?lang=en&VAREGR=000000,1111&ENHED=300&Tid=>=2023M01",2026-09-28
DK,"Danmarks Statistik PRIS01 CPI, VAREGR 1111 '11.1.1 Restaurants, cafés and the like', ENHED 300",restaurants,2023-10,5.60,"https://api.statbank.dk/v1/data/PRIS01/CSV?lang=en&VAREGR=000000,1111&ENHED=300&Tid=>=2023M01",2026-09-28
DK,"Danmarks Statistik PRIS01 CPI, VAREGR 1111 '11.1.1 Restaurants, cafés and the like', ENHED 300",restaurants,2023-11,5.50,"https://api.statbank.dk/v1/data/PRIS01/CSV?lang=en&VAREGR=000000,1111&ENHED=300&Tid=>=2023M01",2026-09-28
DK,"Danmarks Statistik PRIS01 CPI, VAREGR 1111 '11.1.1 Restaurants, cafés and the like', ENHED 300",restaurants,2023-12,5.70,"https://api.statbank.dk/v1/data/PRIS01/CSV?lang=en&VAREGR=000000,1111&ENHED=300&Tid=>=2023M01",2026-09-28
DK,"Danmarks Statistik PRIS01 CPI, VAREGR 1111 '11.1.1 Restaurants, cafés and the like', ENHED 300",restaurants,2024-01,5.60,"https://api.statbank.dk/v1/data/PRIS01/CSV?lang=en&VAREGR=000000,1111&ENHED=300&Tid=>=2023M01",2026-09-28
DK,"Danmarks Statistik PRIS01 CPI, VAREGR 1111 '11.1.1 Restaurants, cafés and the like', ENHED 300",restaurants,2024-02,4.30,"https://api.statbank.dk/v1/data/PRIS01/CSV?lang=en&VAREGR=000000,1111&ENHED=300&Tid=>=2023M01",2026-09-28
DK,"Danmarks Statistik PRIS01 CPI, VAREGR 1111 '11.1.1 Restaurants, cafés and the like', ENHED 300",restaurants,2024-03,3.60,"https://api.statbank.dk/v1/data/PRIS01/CSV?lang=en&VAREGR=000000,1111&ENHED=300&Tid=>=2023M01",2026-09-28
DK,"Danmarks Statistik PRIS01 CPI, VAREGR 1111 '11.1.1 Restaurants, cafés and the like', ENHED 300",restaurants,2024-04,3.90,"https://api.statbank.dk/v1/data/PRIS01/CSV?lang=en&VAREGR=000000,1111&ENHED=300&Tid=>=2023M01",2026-09-28
DK,"Danmarks Statistik PRIS01 CPI, VAREGR 1111 '11.1.1 Restaurants, cafés and the like', ENHED 300",restaurants,2024-05,3.60,"https://api.statbank.dk/v1/data/PRIS01/CSV?lang=en&VAREGR=000000,1111&ENHED=300&Tid=>=2023M01",2026-09-28
DK,"Danmarks Statistik PRIS01 CPI, VAREGR 1111 '11.1.1 Restaurants, cafés and the like', ENHED 300",restaurants,2024-06,3.70,"https://api.statbank.dk/v1/data/PRIS01/CSV?lang=en&VAREGR=000000,1111&ENHED=300&Tid=>=2023M01",2026-09-28
DK,"Danmarks Statistik PRIS01 CPI, VAREGR 1111 '11.1.1 Restaurants, cafés and the like', ENHED 300",restaurants,2024-07,2.80,"https://api.statbank.dk/v1/data/PRIS01/CSV?lang=en&VAREGR=000000,1111&ENHED=300&Tid=>=2023M01",2026-09-28
DK,"Danmarks Statistik PRIS01 CPI, VAREGR 1111 '11.1.1 Restaurants, cafés and the like', ENHED 300",restaurants,2024-08,2.40,"https://api.statbank.dk/v1/data/PRIS01/CSV?lang=en&VAREGR=000000,1111&ENHED=300&Tid=>=2023M01",2026-09-28
DK,"Danmarks Statistik PRIS01 CPI, VAREGR 1111 '11.1.1 Restaurants, cafés and the like', ENHED 300",restaurants,2024-09,2.60,"https://api.statbank.dk/v1/data/PRIS01/CSV?lang=en&VAREGR=000000,1111&ENHED=300&Tid=>=2023M01",2026-09-28
DK,"Danmarks Statistik PRIS01 CPI, VAREGR 1111 '11.1.1 Restaurants, cafés and the like', ENHED 300",restaurants,2024-10,1.50,"https://api.statbank.dk/v1/data/PRIS01/CSV?lang=en&VAREGR=000000,1111&ENHED=300&Tid=>=2023M01",2026-09-28
DK,"Danmarks Statistik PRIS01 CPI, VAREGR 1111 '11.1.1 Restaurants, cafés and the like', ENHED 300",restaurants,2024-11,1.40,"https://api.statbank.dk/v1/data/PRIS01/CSV?lang=en&VAREGR=000000,1111&ENHED=300&Tid=>=2023M01",2026-09-28
DK,"Danmarks Statistik PRIS01 CPI, VAREGR 1111 '11.1.1 Restaurants, cafés and the like', ENHED 300",restaurants,2024-12,1.00,"https://api.statbank.dk/v1/data/PRIS01/CSV?lang=en&VAREGR=000000,1111&ENHED=300&Tid=>=2023M01",2026-09-28
DK,"Danmarks Statistik PRIS01 CPI, VAREGR 1111 '11.1.1 Restaurants, cafés and the like', ENHED 300",restaurants,2025-01,0.80,"https://api.statbank.dk/v1/data/PRIS01/CSV?lang=en&VAREGR=000000,1111&ENHED=300&Tid=>=2023M01",2026-09-28
DK,"Danmarks Statistik PRIS01 CPI, VAREGR 1111 '11.1.1 Restaurants, cafés and the like', ENHED 300",restaurants,2025-02,1.30,"https://api.statbank.dk/v1/data/PRIS01/CSV?lang=en&VAREGR=000000,1111&ENHED=300&Tid=>=2023M01",2026-09-28
DK,"Danmarks Statistik PRIS01 CPI, VAREGR 1111 '11.1.1 Restaurants, cafés and the like', ENHED 300",restaurants,2025-03,1.30,"https://api.statbank.dk/v1/data/PRIS01/CSV?lang=en&VAREGR=000000,1111&ENHED=300&Tid=>=2023M01",2026-09-28
DK,"Danmarks Statistik PRIS01 CPI, VAREGR 1111 '11.1.1 Restaurants, cafés and the like', ENHED 300",restaurants,2025-04,0.90,"https://api.statbank.dk/v1/data/PRIS01/CSV?lang=en&VAREGR=000000,1111&ENHED=300&Tid=>=2023M01",2026-09-28
DK,"Danmarks Statistik PRIS01 CPI, VAREGR 1111 '11.1.1 Restaurants, cafés and the like', ENHED 300",restaurants,2025-05,0.00,"https://api.statbank.dk/v1/data/PRIS01/CSV?lang=en&VAREGR=000000,1111&ENHED=300&Tid=>=2023M01",2026-09-28
DK,"Danmarks Statistik PRIS01 CPI, VAREGR 1111 '11.1.1 Restaurants, cafés and the like', ENHED 300",restaurants,2025-06,0.20,"https://api.statbank.dk/v1/data/PRIS01/CSV?lang=en&VAREGR=000000,1111&ENHED=300&Tid=>=2023M01",2026-09-28
DK,"Danmarks Statistik PRIS01 CPI, VAREGR 1111 '11.1.1 Restaurants, cafés and the like', ENHED 300",restaurants,2025-07,0.60,"https://api.statbank.dk/v1/data/PRIS01/CSV?lang=en&VAREGR=000000,1111&ENHED=300&Tid=>=2023M01",2026-09-28
DK,"Danmarks Statistik PRIS01 CPI, VAREGR 1111 '11.1.1 Restaurants, cafés and the like', ENHED 300",restaurants,2025-08,0.80,"https://api.statbank.dk/v1/data/PRIS01/CSV?lang=en&VAREGR=000000,1111&ENHED=300&Tid=>=2023M01",2026-09-28
DK,"Danmarks Statistik PRIS01 CPI, VAREGR 1111 '11.1.1 Restaurants, cafés and the like', ENHED 300",restaurants,2025-09,0.80,"https://api.statbank.dk/v1/data/PRIS01/CSV?lang=en&VAREGR=000000,1111&ENHED=300&Tid=>=2023M01",2026-09-28
DK,"Danmarks Statistik PRIS01 CPI, VAREGR 1111 '11.1.1 Restaurants, cafés and the like', ENHED 300",restaurants,2025-10,2.10,"https://api.statbank.dk/v1/data/PRIS01/CSV?lang=en&VAREGR=000000,1111&ENHED=300&Tid=>=2023M01",2026-09-28
DK,"Danmarks Statistik PRIS01 CPI, VAREGR 1111 '11.1.1 Restaurants, cafés and the like', ENHED 300",restaurants,2025-11,2.60,"https://api.statbank.dk/v1/data/PRIS01/CSV?lang=en&VAREGR=000000,1111&ENHED=300&Tid=>=2023M01",2026-09-28
DK,"Danmarks Statistik PRIS01 CPI, VAREGR 1111 '11.1.1 Restaurants, cafés and the like', ENHED 300",restaurants,2025-12,2.90,"https://api.statbank.dk/v1/data/PRIS01/CSV?lang=en&VAREGR=000000,1111&ENHED=300&Tid=>=2023M01",2026-09-28
DK,"Danmarks Statistik PRIS01 CPI, VAREGR 1111 '11.1.1 Restaurants, cafés and the like', ENHED 300",restaurants,2026-01,2.60,"https://api.statbank.dk/v1/data/PRIS01/CSV?lang=en&VAREGR=000000,1111&ENHED=300&Tid=>=2023M01",2026-09-28
DK,"Danmarks Statistik PRIS01 CPI, VAREGR 1111 '11.1.1 Restaurants, cafés and the like', ENHED 300",restaurants,2026-02,2.30,"https://api.statbank.dk/v1/data/PRIS01/CSV?lang=en&VAREGR=000000,1111&ENHED=300&Tid=>=2023M01",2026-09-28
DK,"Danmarks Statistik PRIS01 CPI, VAREGR 1111 '11.1.1 Restaurants, cafés and the like', ENHED 300",restaurants,2026-03,2.70,"https://api.statbank.dk/v1/data/PRIS01/CSV?lang=en&VAREGR=000000,1111&ENHED=300&Tid=>=2023M01",2026-09-28
DK,"Danmarks Statistik PRIS01 CPI, VAREGR 1111 '11.1.1 Restaurants, cafés and the like', ENHED 300",restaurants,2026-04,2.20,"https://api.statbank.dk/v1/data/PRIS01/CSV?lang=en&VAREGR=000000,1111&ENHED=300&Tid=>=2023M01",2026-09-28
DK,"Danmarks Statistik PRIS01 CPI, VAREGR 1111 '11.1.1 Restaurants, cafés and the like', ENHED 300",restaurants,2026-05,3.30,"https://api.statbank.dk/v1/data/PRIS01/CSV?lang=en&VAREGR=000000,1111&ENHED=300&Tid=>=2023M01",2026-09-28
DK,"Danmarks Statistik PRIS01 CPI, VAREGR 1111 '11.1.1 Restaurants, cafés and the like', ENHED 300",restaurants,2026-06,2.90,"https://api.statbank.dk/v1/data/PRIS01/CSV?lang=en&VAREGR=000000,1111&ENHED=300&Tid=>=2023M01",2026-09-28
DK,"Danmarks Statistik PRIS01 CPI, VAREGR 1111 '11.1.1 Restaurants, cafés and the like', ENHED 300",restaurants,2026-07,3.00,"https://api.statbank.dk/v1/data/PRIS01/CSV?lang=en&VAREGR=000000,1111&ENHED=300&Tid=>=2023M01",2026-09-28
DK,"Danmarks Statistik PRIS01 CPI, VAREGR 1111 '11.1.1 Restaurants, cafés and the like', ENHED 300",restaurants,2026-08,3.10,"https://api.statbank.dk/v1/data/PRIS01/CSV?lang=en&VAREGR=000000,1111&ENHED=300&Tid=>=2023M01",2026-09-28
DK,"Danmarks Statistik PRIS01 CPI, VAREGR 000000 '00 Consumer price index, total', ENHED 300",all_items,2023-01,7.70,"https://api.statbank.dk/v1/data/PRIS01/CSV?lang=en&VAREGR=000000,1111&ENHED=300&Tid=>=2023M01",2026-09-28
DK,"Danmarks Statistik PRIS01 CPI, VAREGR 000000 '00 Consumer price index, total', ENHED 300",all_items,2023-02,7.60,"https://api.statbank.dk/v1/data/PRIS01/CSV?lang=en&VAREGR=000000,1111&ENHED=300&Tid=>=2023M01",2026-09-28
DK,"Danmarks Statistik PRIS01 CPI, VAREGR 000000 '00 Consumer price index, total', ENHED 300",all_items,2023-03,6.80,"https://api.statbank.dk/v1/data/PRIS01/CSV?lang=en&VAREGR=000000,1111&ENHED=300&Tid=>=2023M01",2026-09-28
DK,"Danmarks Statistik PRIS01 CPI, VAREGR 000000 '00 Consumer price index, total', ENHED 300",all_items,2023-04,5.30,"https://api.statbank.dk/v1/data/PRIS01/CSV?lang=en&VAREGR=000000,1111&ENHED=300&Tid=>=2023M01",2026-09-28
DK,"Danmarks Statistik PRIS01 CPI, VAREGR 000000 '00 Consumer price index, total', ENHED 300",all_items,2023-05,2.90,"https://api.statbank.dk/v1/data/PRIS01/CSV?lang=en&VAREGR=000000,1111&ENHED=300&Tid=>=2023M01",2026-09-28
DK,"Danmarks Statistik PRIS01 CPI, VAREGR 000000 '00 Consumer price index, total', ENHED 300",all_items,2023-06,2.40,"https://api.statbank.dk/v1/data/PRIS01/CSV?lang=en&VAREGR=000000,1111&ENHED=300&Tid=>=2023M01",2026-09-28
DK,"Danmarks Statistik PRIS01 CPI, VAREGR 000000 '00 Consumer price index, total', ENHED 300",all_items,2023-07,3.20,"https://api.statbank.dk/v1/data/PRIS01/CSV?lang=en&VAREGR=000000,1111&ENHED=300&Tid=>=2023M01",2026-09-28
DK,"Danmarks Statistik PRIS01 CPI, VAREGR 000000 '00 Consumer price index, total', ENHED 300",all_items,2023-08,2.40,"https://api.statbank.dk/v1/data/PRIS01/CSV?lang=en&VAREGR=000000,1111&ENHED=300&Tid=>=2023M01",2026-09-28
DK,"Danmarks Statistik PRIS01 CPI, VAREGR 000000 '00 Consumer price index, total', ENHED 300",all_items,2023-09,0.90,"https://api.statbank.dk/v1/data/PRIS01/CSV?lang=en&VAREGR=000000,1111&ENHED=300&Tid=>=2023M01",2026-09-28
DK,"Danmarks Statistik PRIS01 CPI, VAREGR 000000 '00 Consumer price index, total', ENHED 300",all_items,2023-10,0.00,"https://api.statbank.dk/v1/data/PRIS01/CSV?lang=en&VAREGR=000000,1111&ENHED=300&Tid=>=2023M01",2026-09-28
DK,"Danmarks Statistik PRIS01 CPI, VAREGR 000000 '00 Consumer price index, total', ENHED 300",all_items,2023-11,0.60,"https://api.statbank.dk/v1/data/PRIS01/CSV?lang=en&VAREGR=000000,1111&ENHED=300&Tid=>=2023M01",2026-09-28
DK,"Danmarks Statistik PRIS01 CPI, VAREGR 000000 '00 Consumer price index, total', ENHED 300",all_items,2023-12,0.70,"https://api.statbank.dk/v1/data/PRIS01/CSV?lang=en&VAREGR=000000,1111&ENHED=300&Tid=>=2023M01",2026-09-28
DK,"Danmarks Statistik PRIS01 CPI, VAREGR 000000 '00 Consumer price index, total', ENHED 300",all_items,2024-01,1.20,"https://api.statbank.dk/v1/data/PRIS01/CSV?lang=en&VAREGR=000000,1111&ENHED=300&Tid=>=2023M01",2026-09-28
DK,"Danmarks Statistik PRIS01 CPI, VAREGR 000000 '00 Consumer price index, total', ENHED 300",all_items,2024-02,0.80,"https://api.statbank.dk/v1/data/PRIS01/CSV?lang=en&VAREGR=000000,1111&ENHED=300&Tid=>=2023M01",2026-09-28
DK,"Danmarks Statistik PRIS01 CPI, VAREGR 000000 '00 Consumer price index, total', ENHED 300",all_items,2024-03,0.90,"https://api.statbank.dk/v1/data/PRIS01/CSV?lang=en&VAREGR=000000,1111&ENHED=300&Tid=>=2023M01",2026-09-28
DK,"Danmarks Statistik PRIS01 CPI, VAREGR 000000 '00 Consumer price index, total', ENHED 300",all_items,2024-04,0.70,"https://api.statbank.dk/v1/data/PRIS01/CSV?lang=en&VAREGR=000000,1111&ENHED=300&Tid=>=2023M01",2026-09-28
DK,"Danmarks Statistik PRIS01 CPI, VAREGR 000000 '00 Consumer price index, total', ENHED 300",all_items,2024-05,2.10,"https://api.statbank.dk/v1/data/PRIS01/CSV?lang=en&VAREGR=000000,1111&ENHED=300&Tid=>=2023M01",2026-09-28
DK,"Danmarks Statistik PRIS01 CPI, VAREGR 000000 '00 Consumer price index, total', ENHED 300",all_items,2024-06,1.80,"https://api.statbank.dk/v1/data/PRIS01/CSV?lang=en&VAREGR=000000,1111&ENHED=300&Tid=>=2023M01",2026-09-28
DK,"Danmarks Statistik PRIS01 CPI, VAREGR 000000 '00 Consumer price index, total', ENHED 300",all_items,2024-07,1.10,"https://api.statbank.dk/v1/data/PRIS01/CSV?lang=en&VAREGR=000000,1111&ENHED=300&Tid=>=2023M01",2026-09-28
DK,"Danmarks Statistik PRIS01 CPI, VAREGR 000000 '00 Consumer price index, total', ENHED 300",all_items,2024-08,1.40,"https://api.statbank.dk/v1/data/PRIS01/CSV?lang=en&VAREGR=000000,1111&ENHED=300&Tid=>=2023M01",2026-09-28
DK,"Danmarks Statistik PRIS01 CPI, VAREGR 000000 '00 Consumer price index, total', ENHED 300",all_items,2024-09,1.30,"https://api.statbank.dk/v1/data/PRIS01/CSV?lang=en&VAREGR=000000,1111&ENHED=300&Tid=>=2023M01",2026-09-28
DK,"Danmarks Statistik PRIS01 CPI, VAREGR 000000 '00 Consumer price index, total', ENHED 300",all_items,2024-10,1.60,"https://api.statbank.dk/v1/data/PRIS01/CSV?lang=en&VAREGR=000000,1111&ENHED=300&Tid=>=2023M01",2026-09-28
DK,"Danmarks Statistik PRIS01 CPI, VAREGR 000000 '00 Consumer price index, total', ENHED 300",all_items,2024-11,1.70,"https://api.statbank.dk/v1/data/PRIS01/CSV?lang=en&VAREGR=000000,1111&ENHED=300&Tid=>=2023M01",2026-09-28
DK,"Danmarks Statistik PRIS01 CPI, VAREGR 000000 '00 Consumer price index, total', ENHED 300",all_items,2024-12,1.90,"https://api.statbank.dk/v1/data/PRIS01/CSV?lang=en&VAREGR=000000,1111&ENHED=300&Tid=>=2023M01",2026-09-28
DK,"Danmarks Statistik PRIS01 CPI, VAREGR 000000 '00 Consumer price index, total', ENHED 300",all_items,2025-01,1.50,"https://api.statbank.dk/v1/data/PRIS01/CSV?lang=en&VAREGR=000000,1111&ENHED=300&Tid=>=2023M01",2026-09-28
DK,"Danmarks Statistik PRIS01 CPI, VAREGR 000000 '00 Consumer price index, total', ENHED 300",all_items,2025-02,2.00,"https://api.statbank.dk/v1/data/PRIS01/CSV?lang=en&VAREGR=000000,1111&ENHED=300&Tid=>=2023M01",2026-09-28
DK,"Danmarks Statistik PRIS01 CPI, VAREGR 000000 '00 Consumer price index, total', ENHED 300",all_items,2025-03,1.50,"https://api.statbank.dk/v1/data/PRIS01/CSV?lang=en&VAREGR=000000,1111&ENHED=300&Tid=>=2023M01",2026-09-28
DK,"Danmarks Statistik PRIS01 CPI, VAREGR 000000 '00 Consumer price index, total', ENHED 300",all_items,2025-04,1.60,"https://api.statbank.dk/v1/data/PRIS01/CSV?lang=en&VAREGR=000000,1111&ENHED=300&Tid=>=2023M01",2026-09-28
DK,"Danmarks Statistik PRIS01 CPI, VAREGR 000000 '00 Consumer price index, total', ENHED 300",all_items,2025-05,1.60,"https://api.statbank.dk/v1/data/PRIS01/CSV?lang=en&VAREGR=000000,1111&ENHED=300&Tid=>=2023M01",2026-09-28
DK,"Danmarks Statistik PRIS01 CPI, VAREGR 000000 '00 Consumer price index, total', ENHED 300",all_items,2025-06,1.80,"https://api.statbank.dk/v1/data/PRIS01/CSV?lang=en&VAREGR=000000,1111&ENHED=300&Tid=>=2023M01",2026-09-28
DK,"Danmarks Statistik PRIS01 CPI, VAREGR 000000 '00 Consumer price index, total', ENHED 300",all_items,2025-07,2.20,"https://api.statbank.dk/v1/data/PRIS01/CSV?lang=en&VAREGR=000000,1111&ENHED=300&Tid=>=2023M01",2026-09-28
DK,"Danmarks Statistik PRIS01 CPI, VAREGR 000000 '00 Consumer price index, total', ENHED 300",all_items,2025-08,2.00,"https://api.statbank.dk/v1/data/PRIS01/CSV?lang=en&VAREGR=000000,1111&ENHED=300&Tid=>=2023M01",2026-09-28
DK,"Danmarks Statistik PRIS01 CPI, VAREGR 000000 '00 Consumer price index, total', ENHED 300",all_items,2025-09,2.20,"https://api.statbank.dk/v1/data/PRIS01/CSV?lang=en&VAREGR=000000,1111&ENHED=300&Tid=>=2023M01",2026-09-28
DK,"Danmarks Statistik PRIS01 CPI, VAREGR 000000 '00 Consumer price index, total', ENHED 300",all_items,2025-10,2.10,"https://api.statbank.dk/v1/data/PRIS01/CSV?lang=en&VAREGR=000000,1111&ENHED=300&Tid=>=2023M01",2026-09-28
DK,"Danmarks Statistik PRIS01 CPI, VAREGR 000000 '00 Consumer price index, total', ENHED 300",all_items,2025-11,2.10,"https://api.statbank.dk/v1/data/PRIS01/CSV?lang=en&VAREGR=000000,1111&ENHED=300&Tid=>=2023M01",2026-09-28
DK,"Danmarks Statistik PRIS01 CPI, VAREGR 000000 '00 Consumer price index, total', ENHED 300",all_items,2025-12,1.90,"https://api.statbank.dk/v1/data/PRIS01/CSV?lang=en&VAREGR=000000,1111&ENHED=300&Tid=>=2023M01",2026-09-28
DK,"Danmarks Statistik PRIS01 CPI, VAREGR 000000 '00 Consumer price index, total', ENHED 300",all_items,2026-01,0.80,"https://api.statbank.dk/v1/data/PRIS01/CSV?lang=en&VAREGR=000000,1111&ENHED=300&Tid=>=2023M01",2026-09-28
DK,"Danmarks Statistik PRIS01 CPI, VAREGR 000000 '00 Consumer price index, total', ENHED 300",all_items,2026-02,0.70,"https://api.statbank.dk/v1/data/PRIS01/CSV?lang=en&VAREGR=000000,1111&ENHED=300&Tid=>=2023M01",2026-09-28
DK,"Danmarks Statistik PRIS01 CPI, VAREGR 000000 '00 Consumer price index, total', ENHED 300",all_items,2026-03,1.20,"https://api.statbank.dk/v1/data/PRIS01/CSV?lang=en&VAREGR=000000,1111&ENHED=300&Tid=>=2023M01",2026-09-28
DK,"Danmarks Statistik PRIS01 CPI, VAREGR 000000 '00 Consumer price index, total', ENHED 300",all_items,2026-04,1.40,"https://api.statbank.dk/v1/data/PRIS01/CSV?lang=en&VAREGR=000000,1111&ENHED=300&Tid=>=2023M01",2026-09-28
DK,"Danmarks Statistik PRIS01 CPI, VAREGR 000000 '00 Consumer price index, total', ENHED 300",all_items,2026-05,1.90,"https://api.statbank.dk/v1/data/PRIS01/CSV?lang=en&VAREGR=000000,1111&ENHED=300&Tid=>=2023M01",2026-09-28
DK,"Danmarks Statistik PRIS01 CPI, VAREGR 000000 '00 Consumer price index, total', ENHED 300",all_items,2026-06,1.90,"https://api.statbank.dk/v1/data/PRIS01/CSV?lang=en&VAREGR=000000,1111&ENHED=300&Tid=>=2023M01",2026-09-28
DK,"Danmarks Statistik PRIS01 CPI, VAREGR 000000 '00 Consumer price index, total', ENHED 300",all_items,2026-07,1.70,"https://api.statbank.dk/v1/data/PRIS01/CSV?lang=en&VAREGR=000000,1111&ENHED=300&Tid=>=2023M01",2026-09-28
DK,"Danmarks Statistik PRIS01 CPI, VAREGR 000000 '00 Consumer price index, total', ENHED 300",all_items,2026-08,2.00,"https://api.statbank.dk/v1/data/PRIS01/CSV?lang=en&VAREGR=000000,1111&ENHED=300&Tid=>=2023M01",2026-09-28
ES,"INE IPC291378 'Nacional. Restaurantes, cafés, establecimientos de comida rápida y similares. Variación anual' (base 2025)",restaurants,2023-01,7.8,https://servicios.ine.es/wstempus/js/ES/DATOS_SERIE/IPC291378?date=20230101:20261231,2026-09-28
ES,"INE IPC291378 'Nacional. Restaurantes, cafés, establecimientos de comida rápida y similares. Variación anual' (base 2025)",restaurants,2023-02,7.7,https://servicios.ine.es/wstempus/js/ES/DATOS_SERIE/IPC291378?date=20230101:20261231,2026-09-28
ES,"INE IPC291378 'Nacional. Restaurantes, cafés, establecimientos de comida rápida y similares. Variación anual' (base 2025)",restaurants,2023-03,7.6,https://servicios.ine.es/wstempus/js/ES/DATOS_SERIE/IPC291378?date=20230101:20261231,2026-09-28
ES,"INE IPC291378 'Nacional. Restaurantes, cafés, establecimientos de comida rápida y similares. Variación anual' (base 2025)",restaurants,2023-04,7.4,https://servicios.ine.es/wstempus/js/ES/DATOS_SERIE/IPC291378?date=20230101:20261231,2026-09-28
ES,"INE IPC291378 'Nacional. Restaurantes, cafés, establecimientos de comida rápida y similares. Variación anual' (base 2025)",restaurants,2023-05,7.1,https://servicios.ine.es/wstempus/js/ES/DATOS_SERIE/IPC291378?date=20230101:20261231,2026-09-28
ES,"INE IPC291378 'Nacional. Restaurantes, cafés, establecimientos de comida rápida y similares. Variación anual' (base 2025)",restaurants,2023-06,6.8,https://servicios.ine.es/wstempus/js/ES/DATOS_SERIE/IPC291378?date=20230101:20261231,2026-09-28
ES,"INE IPC291378 'Nacional. Restaurantes, cafés, establecimientos de comida rápida y similares. Variación anual' (base 2025)",restaurants,2023-07,6.5,https://servicios.ine.es/wstempus/js/ES/DATOS_SERIE/IPC291378?date=20230101:20261231,2026-09-28
ES,"INE IPC291378 'Nacional. Restaurantes, cafés, establecimientos de comida rápida y similares. Variación anual' (base 2025)",restaurants,2023-08,6.5,https://servicios.ine.es/wstempus/js/ES/DATOS_SERIE/IPC291378?date=20230101:20261231,2026-09-28
ES,"INE IPC291378 'Nacional. Restaurantes, cafés, establecimientos de comida rápida y similares. Variación anual' (base 2025)",restaurants,2023-09,6.1,https://servicios.ine.es/wstempus/js/ES/DATOS_SERIE/IPC291378?date=20230101:20261231,2026-09-28
ES,"INE IPC291378 'Nacional. Restaurantes, cafés, establecimientos de comida rápida y similares. Variación anual' (base 2025)",restaurants,2023-10,6.0,https://servicios.ine.es/wstempus/js/ES/DATOS_SERIE/IPC291378?date=20230101:20261231,2026-09-28
ES,"INE IPC291378 'Nacional. Restaurantes, cafés, establecimientos de comida rápida y similares. Variación anual' (base 2025)",restaurants,2023-11,5.7,https://servicios.ine.es/wstempus/js/ES/DATOS_SERIE/IPC291378?date=20230101:20261231,2026-09-28
ES,"INE IPC291378 'Nacional. Restaurantes, cafés, establecimientos de comida rápida y similares. Variación anual' (base 2025)",restaurants,2023-12,5.4,https://servicios.ine.es/wstempus/js/ES/DATOS_SERIE/IPC291378?date=20230101:20261231,2026-09-28
ES,"INE IPC291378 'Nacional. Restaurantes, cafés, establecimientos de comida rápida y similares. Variación anual' (base 2025)",restaurants,2024-01,5.3,https://servicios.ine.es/wstempus/js/ES/DATOS_SERIE/IPC291378?date=20230101:20261231,2026-09-28
ES,"INE IPC291378 'Nacional. Restaurantes, cafés, establecimientos de comida rápida y similares. Variación anual' (base 2025)",restaurants,2024-02,5.3,https://servicios.ine.es/wstempus/js/ES/DATOS_SERIE/IPC291378?date=20230101:20261231,2026-09-28
ES,"INE IPC291378 'Nacional. Restaurantes, cafés, establecimientos de comida rápida y similares. Variación anual' (base 2025)",restaurants,2024-03,5.3,https://servicios.ine.es/wstempus/js/ES/DATOS_SERIE/IPC291378?date=20230101:20261231,2026-09-28
ES,"INE IPC291378 'Nacional. Restaurantes, cafés, establecimientos de comida rápida y similares. Variación anual' (base 2025)",restaurants,2024-04,5.1,https://servicios.ine.es/wstempus/js/ES/DATOS_SERIE/IPC291378?date=20230101:20261231,2026-09-28
ES,"INE IPC291378 'Nacional. Restaurantes, cafés, establecimientos de comida rápida y similares. Variación anual' (base 2025)",restaurants,2024-05,4.9,https://servicios.ine.es/wstempus/js/ES/DATOS_SERIE/IPC291378?date=20230101:20261231,2026-09-28
ES,"INE IPC291378 'Nacional. Restaurantes, cafés, establecimientos de comida rápida y similares. Variación anual' (base 2025)",restaurants,2024-06,4.7,https://servicios.ine.es/wstempus/js/ES/DATOS_SERIE/IPC291378?date=20230101:20261231,2026-09-28
ES,"INE IPC291378 'Nacional. Restaurantes, cafés, establecimientos de comida rápida y similares. Variación anual' (base 2025)",restaurants,2024-07,4.6,https://servicios.ine.es/wstempus/js/ES/DATOS_SERIE/IPC291378?date=20230101:20261231,2026-09-28
ES,"INE IPC291378 'Nacional. Restaurantes, cafés, establecimientos de comida rápida y similares. Variación anual' (base 2025)",restaurants,2024-08,4.5,https://servicios.ine.es/wstempus/js/ES/DATOS_SERIE/IPC291378?date=20230101:20261231,2026-09-28
ES,"INE IPC291378 'Nacional. Restaurantes, cafés, establecimientos de comida rápida y similares. Variación anual' (base 2025)",restaurants,2024-09,4.4,https://servicios.ine.es/wstempus/js/ES/DATOS_SERIE/IPC291378?date=20230101:20261231,2026-09-28
ES,"INE IPC291378 'Nacional. Restaurantes, cafés, establecimientos de comida rápida y similares. Variación anual' (base 2025)",restaurants,2024-10,4.2,https://servicios.ine.es/wstempus/js/ES/DATOS_SERIE/IPC291378?date=20230101:20261231,2026-09-28
ES,"INE IPC291378 'Nacional. Restaurantes, cafés, establecimientos de comida rápida y similares. Variación anual' (base 2025)",restaurants,2024-11,4.1,https://servicios.ine.es/wstempus/js/ES/DATOS_SERIE/IPC291378?date=20230101:20261231,2026-09-28
ES,"INE IPC291378 'Nacional. Restaurantes, cafés, establecimientos de comida rápida y similares. Variación anual' (base 2025)",restaurants,2024-12,4.1,https://servicios.ine.es/wstempus/js/ES/DATOS_SERIE/IPC291378?date=20230101:20261231,2026-09-28
ES,"INE IPC291378 'Nacional. Restaurantes, cafés, establecimientos de comida rápida y similares. Variación anual' (base 2025)",restaurants,2025-01,4.1,https://servicios.ine.es/wstempus/js/ES/DATOS_SERIE/IPC291378?date=20230101:20261231,2026-09-28
ES,"INE IPC291378 'Nacional. Restaurantes, cafés, establecimientos de comida rápida y similares. Variación anual' (base 2025)",restaurants,2025-02,4.1,https://servicios.ine.es/wstempus/js/ES/DATOS_SERIE/IPC291378?date=20230101:20261231,2026-09-28
ES,"INE IPC291378 'Nacional. Restaurantes, cafés, establecimientos de comida rápida y similares. Variación anual' (base 2025)",restaurants,2025-03,4.0,https://servicios.ine.es/wstempus/js/ES/DATOS_SERIE/IPC291378?date=20230101:20261231,2026-09-28
ES,"INE IPC291378 'Nacional. Restaurantes, cafés, establecimientos de comida rápida y similares. Variación anual' (base 2025)",restaurants,2025-04,4.0,https://servicios.ine.es/wstempus/js/ES/DATOS_SERIE/IPC291378?date=20230101:20261231,2026-09-28
ES,"INE IPC291378 'Nacional. Restaurantes, cafés, establecimientos de comida rápida y similares. Variación anual' (base 2025)",restaurants,2025-05,4.0,https://servicios.ine.es/wstempus/js/ES/DATOS_SERIE/IPC291378?date=20230101:20261231,2026-09-28
ES,"INE IPC291378 'Nacional. Restaurantes, cafés, establecimientos de comida rápida y similares. Variación anual' (base 2025)",restaurants,2025-06,4.1,https://servicios.ine.es/wstempus/js/ES/DATOS_SERIE/IPC291378?date=20230101:20261231,2026-09-28
ES,"INE IPC291378 'Nacional. Restaurantes, cafés, establecimientos de comida rápida y similares. Variación anual' (base 2025)",restaurants,2025-07,4.0,https://servicios.ine.es/wstempus/js/ES/DATOS_SERIE/IPC291378?date=20230101:20261231,2026-09-28
ES,"INE IPC291378 'Nacional. Restaurantes, cafés, establecimientos de comida rápida y similares. Variación anual' (base 2025)",restaurants,2025-08,4.1,https://servicios.ine.es/wstempus/js/ES/DATOS_SERIE/IPC291378?date=20230101:20261231,2026-09-28
ES,"INE IPC291378 'Nacional. Restaurantes, cafés, establecimientos de comida rápida y similares. Variación anual' (base 2025)",restaurants,2025-09,4.2,https://servicios.ine.es/wstempus/js/ES/DATOS_SERIE/IPC291378?date=20230101:20261231,2026-09-28
ES,"INE IPC291378 'Nacional. Restaurantes, cafés, establecimientos de comida rápida y similares. Variación anual' (base 2025)",restaurants,2025-10,4.2,https://servicios.ine.es/wstempus/js/ES/DATOS_SERIE/IPC291378?date=20230101:20261231,2026-09-28
ES,"INE IPC291378 'Nacional. Restaurantes, cafés, establecimientos de comida rápida y similares. Variación anual' (base 2025)",restaurants,2025-11,4.2,https://servicios.ine.es/wstempus/js/ES/DATOS_SERIE/IPC291378?date=20230101:20261231,2026-09-28
ES,"INE IPC291378 'Nacional. Restaurantes, cafés, establecimientos de comida rápida y similares. Variación anual' (base 2025)",restaurants,2025-12,4.3,https://servicios.ine.es/wstempus/js/ES/DATOS_SERIE/IPC291378?date=20230101:20261231,2026-09-28
ES,"INE IPC291378 'Nacional. Restaurantes, cafés, establecimientos de comida rápida y similares. Variación anual' (base 2025)",restaurants,2026-01,4.4,https://servicios.ine.es/wstempus/js/ES/DATOS_SERIE/IPC291378?date=20230101:20261231,2026-09-28
ES,"INE IPC291378 'Nacional. Restaurantes, cafés, establecimientos de comida rápida y similares. Variación anual' (base 2025)",restaurants,2026-02,4.5,https://servicios.ine.es/wstempus/js/ES/DATOS_SERIE/IPC291378?date=20230101:20261231,2026-09-28
ES,"INE IPC291378 'Nacional. Restaurantes, cafés, establecimientos de comida rápida y similares. Variación anual' (base 2025)",restaurants,2026-03,4.5,https://servicios.ine.es/wstempus/js/ES/DATOS_SERIE/IPC291378?date=20230101:20261231,2026-09-28
ES,"INE IPC291378 'Nacional. Restaurantes, cafés, establecimientos de comida rápida y similares. Variación anual' (base 2025)",restaurants,2026-04,4.5,https://servicios.ine.es/wstempus/js/ES/DATOS_SERIE/IPC291378?date=20230101:20261231,2026-09-28
ES,"INE IPC291378 'Nacional. Restaurantes, cafés, establecimientos de comida rápida y similares. Variación anual' (base 2025)",restaurants,2026-05,4.5,https://servicios.ine.es/wstempus/js/ES/DATOS_SERIE/IPC291378?date=20230101:20261231,2026-09-28
ES,"INE IPC291378 'Nacional. Restaurantes, cafés, establecimientos de comida rápida y similares. Variación anual' (base 2025)",restaurants,2026-06,4.5,https://servicios.ine.es/wstempus/js/ES/DATOS_SERIE/IPC291378?date=20230101:20261231,2026-09-28
ES,"INE IPC291378 'Nacional. Restaurantes, cafés, establecimientos de comida rápida y similares. Variación anual' (base 2025)",restaurants,2026-07,4.5,https://servicios.ine.es/wstempus/js/ES/DATOS_SERIE/IPC291378?date=20230101:20261231,2026-09-28
ES,"INE IPC291378 'Nacional. Restaurantes, cafés, establecimientos de comida rápida y similares. Variación anual' (base 2025)",restaurants,2026-08,4.4,https://servicios.ine.es/wstempus/js/ES/DATOS_SERIE/IPC291378?date=20230101:20261231,2026-09-28
ES,INE IPC290750 'Nacional. Índice general. Variación anual' (base 2025),all_items,2023-01,5.9,https://servicios.ine.es/wstempus/js/ES/DATOS_SERIE/IPC290750?date=20230101:20261231,2026-09-28
ES,INE IPC290750 'Nacional. Índice general. Variación anual' (base 2025),all_items,2023-02,6.0,https://servicios.ine.es/wstempus/js/ES/DATOS_SERIE/IPC290750?date=20230101:20261231,2026-09-28
ES,INE IPC290750 'Nacional. Índice general. Variación anual' (base 2025),all_items,2023-03,3.3,https://servicios.ine.es/wstempus/js/ES/DATOS_SERIE/IPC290750?date=20230101:20261231,2026-09-28
ES,INE IPC290750 'Nacional. Índice general. Variación anual' (base 2025),all_items,2023-04,4.1,https://servicios.ine.es/wstempus/js/ES/DATOS_SERIE/IPC290750?date=20230101:20261231,2026-09-28
ES,INE IPC290750 'Nacional. Índice general. Variación anual' (base 2025),all_items,2023-05,3.2,https://servicios.ine.es/wstempus/js/ES/DATOS_SERIE/IPC290750?date=20230101:20261231,2026-09-28
ES,INE IPC290750 'Nacional. Índice general. Variación anual' (base 2025),all_items,2023-06,1.9,https://servicios.ine.es/wstempus/js/ES/DATOS_SERIE/IPC290750?date=20230101:20261231,2026-09-28
ES,INE IPC290750 'Nacional. Índice general. Variación anual' (base 2025),all_items,2023-07,2.3,https://servicios.ine.es/wstempus/js/ES/DATOS_SERIE/IPC290750?date=20230101:20261231,2026-09-28
ES,INE IPC290750 'Nacional. Índice general. Variación anual' (base 2025),all_items,2023-08,2.6,https://servicios.ine.es/wstempus/js/ES/DATOS_SERIE/IPC290750?date=20230101:20261231,2026-09-28
ES,INE IPC290750 'Nacional. Índice general. Variación anual' (base 2025),all_items,2023-09,3.5,https://servicios.ine.es/wstempus/js/ES/DATOS_SERIE/IPC290750?date=20230101:20261231,2026-09-28
ES,INE IPC290750 'Nacional. Índice general. Variación anual' (base 2025),all_items,2023-10,3.5,https://servicios.ine.es/wstempus/js/ES/DATOS_SERIE/IPC290750?date=20230101:20261231,2026-09-28
ES,INE IPC290750 'Nacional. Índice general. Variación anual' (base 2025),all_items,2023-11,3.2,https://servicios.ine.es/wstempus/js/ES/DATOS_SERIE/IPC290750?date=20230101:20261231,2026-09-28
ES,INE IPC290750 'Nacional. Índice general. Variación anual' (base 2025),all_items,2023-12,3.1,https://servicios.ine.es/wstempus/js/ES/DATOS_SERIE/IPC290750?date=20230101:20261231,2026-09-28
ES,INE IPC290750 'Nacional. Índice general. Variación anual' (base 2025),all_items,2024-01,3.4,https://servicios.ine.es/wstempus/js/ES/DATOS_SERIE/IPC290750?date=20230101:20261231,2026-09-28
ES,INE IPC290750 'Nacional. Índice general. Variación anual' (base 2025),all_items,2024-02,2.8,https://servicios.ine.es/wstempus/js/ES/DATOS_SERIE/IPC290750?date=20230101:20261231,2026-09-28
ES,INE IPC290750 'Nacional. Índice general. Variación anual' (base 2025),all_items,2024-03,3.2,https://servicios.ine.es/wstempus/js/ES/DATOS_SERIE/IPC290750?date=20230101:20261231,2026-09-28
ES,INE IPC290750 'Nacional. Índice general. Variación anual' (base 2025),all_items,2024-04,3.3,https://servicios.ine.es/wstempus/js/ES/DATOS_SERIE/IPC290750?date=20230101:20261231,2026-09-28
ES,INE IPC290750 'Nacional. Índice general. Variación anual' (base 2025),all_items,2024-05,3.6,https://servicios.ine.es/wstempus/js/ES/DATOS_SERIE/IPC290750?date=20230101:20261231,2026-09-28
ES,INE IPC290750 'Nacional. Índice general. Variación anual' (base 2025),all_items,2024-06,3.4,https://servicios.ine.es/wstempus/js/ES/DATOS_SERIE/IPC290750?date=20230101:20261231,2026-09-28
ES,INE IPC290750 'Nacional. Índice general. Variación anual' (base 2025),all_items,2024-07,2.8,https://servicios.ine.es/wstempus/js/ES/DATOS_SERIE/IPC290750?date=20230101:20261231,2026-09-28
ES,INE IPC290750 'Nacional. Índice general. Variación anual' (base 2025),all_items,2024-08,2.3,https://servicios.ine.es/wstempus/js/ES/DATOS_SERIE/IPC290750?date=20230101:20261231,2026-09-28
ES,INE IPC290750 'Nacional. Índice general. Variación anual' (base 2025),all_items,2024-09,1.5,https://servicios.ine.es/wstempus/js/ES/DATOS_SERIE/IPC290750?date=20230101:20261231,2026-09-28
ES,INE IPC290750 'Nacional. Índice general. Variación anual' (base 2025),all_items,2024-10,1.8,https://servicios.ine.es/wstempus/js/ES/DATOS_SERIE/IPC290750?date=20230101:20261231,2026-09-28
ES,INE IPC290750 'Nacional. Índice general. Variación anual' (base 2025),all_items,2024-11,2.4,https://servicios.ine.es/wstempus/js/ES/DATOS_SERIE/IPC290750?date=20230101:20261231,2026-09-28
ES,INE IPC290750 'Nacional. Índice general. Variación anual' (base 2025),all_items,2024-12,2.8,https://servicios.ine.es/wstempus/js/ES/DATOS_SERIE/IPC290750?date=20230101:20261231,2026-09-28
ES,INE IPC290750 'Nacional. Índice general. Variación anual' (base 2025),all_items,2025-01,2.9,https://servicios.ine.es/wstempus/js/ES/DATOS_SERIE/IPC290750?date=20230101:20261231,2026-09-28
ES,INE IPC290750 'Nacional. Índice general. Variación anual' (base 2025),all_items,2025-02,3.0,https://servicios.ine.es/wstempus/js/ES/DATOS_SERIE/IPC290750?date=20230101:20261231,2026-09-28
ES,INE IPC290750 'Nacional. Índice general. Variación anual' (base 2025),all_items,2025-03,2.3,https://servicios.ine.es/wstempus/js/ES/DATOS_SERIE/IPC290750?date=20230101:20261231,2026-09-28
ES,INE IPC290750 'Nacional. Índice general. Variación anual' (base 2025),all_items,2025-04,2.2,https://servicios.ine.es/wstempus/js/ES/DATOS_SERIE/IPC290750?date=20230101:20261231,2026-09-28
ES,INE IPC290750 'Nacional. Índice general. Variación anual' (base 2025),all_items,2025-05,2.0,https://servicios.ine.es/wstempus/js/ES/DATOS_SERIE/IPC290750?date=20230101:20261231,2026-09-28
ES,INE IPC290750 'Nacional. Índice general. Variación anual' (base 2025),all_items,2025-06,2.3,https://servicios.ine.es/wstempus/js/ES/DATOS_SERIE/IPC290750?date=20230101:20261231,2026-09-28
ES,INE IPC290750 'Nacional. Índice general. Variación anual' (base 2025),all_items,2025-07,2.7,https://servicios.ine.es/wstempus/js/ES/DATOS_SERIE/IPC290750?date=20230101:20261231,2026-09-28
ES,INE IPC290750 'Nacional. Índice general. Variación anual' (base 2025),all_items,2025-08,2.7,https://servicios.ine.es/wstempus/js/ES/DATOS_SERIE/IPC290750?date=20230101:20261231,2026-09-28
ES,INE IPC290750 'Nacional. Índice general. Variación anual' (base 2025),all_items,2025-09,3.0,https://servicios.ine.es/wstempus/js/ES/DATOS_SERIE/IPC290750?date=20230101:20261231,2026-09-28
ES,INE IPC290750 'Nacional. Índice general. Variación anual' (base 2025),all_items,2025-10,3.1,https://servicios.ine.es/wstempus/js/ES/DATOS_SERIE/IPC290750?date=20230101:20261231,2026-09-28
ES,INE IPC290750 'Nacional. Índice general. Variación anual' (base 2025),all_items,2025-11,3.0,https://servicios.ine.es/wstempus/js/ES/DATOS_SERIE/IPC290750?date=20230101:20261231,2026-09-28
ES,INE IPC290750 'Nacional. Índice general. Variación anual' (base 2025),all_items,2025-12,2.9,https://servicios.ine.es/wstempus/js/ES/DATOS_SERIE/IPC290750?date=20230101:20261231,2026-09-28
ES,INE IPC290750 'Nacional. Índice general. Variación anual' (base 2025),all_items,2026-01,2.3,https://servicios.ine.es/wstempus/js/ES/DATOS_SERIE/IPC290750?date=20230101:20261231,2026-09-28
ES,INE IPC290750 'Nacional. Índice general. Variación anual' (base 2025),all_items,2026-02,2.3,https://servicios.ine.es/wstempus/js/ES/DATOS_SERIE/IPC290750?date=20230101:20261231,2026-09-28
ES,INE IPC290750 'Nacional. Índice general. Variación anual' (base 2025),all_items,2026-03,3.4,https://servicios.ine.es/wstempus/js/ES/DATOS_SERIE/IPC290750?date=20230101:20261231,2026-09-28
ES,INE IPC290750 'Nacional. Índice general. Variación anual' (base 2025),all_items,2026-04,3.2,https://servicios.ine.es/wstempus/js/ES/DATOS_SERIE/IPC290750?date=20230101:20261231,2026-09-28
ES,INE IPC290750 'Nacional. Índice general. Variación anual' (base 2025),all_items,2026-05,3.2,https://servicios.ine.es/wstempus/js/ES/DATOS_SERIE/IPC290750?date=20230101:20261231,2026-09-28
ES,INE IPC290750 'Nacional. Índice general. Variación anual' (base 2025),all_items,2026-06,3.2,https://servicios.ine.es/wstempus/js/ES/DATOS_SERIE/IPC290750?date=20230101:20261231,2026-09-28
ES,INE IPC290750 'Nacional. Índice general. Variación anual' (base 2025),all_items,2026-07,3.6,https://servicios.ine.es/wstempus/js/ES/DATOS_SERIE/IPC290750?date=20230101:20261231,2026-09-28
ES,INE IPC290750 'Nacional. Índice general. Variación anual' (base 2025),all_items,2026-08,4.3,https://servicios.ine.es/wstempus/js/ES/DATOS_SERIE/IPC290750?date=20230101:20261231,2026-09-28
DK,"Eurostat HICP prc_hicp_minr RCH_A CP1111 Restaurants, cafés and the like",restaurants_hicp,2023-01,9.7,https://ec.europa.eu/eurostat/api/dissemination/statistics/1.0/data/prc_hicp_minr?format=JSON&geo=DK&geo=ES&coicop18=CP1111&coicop18=TOTAL&sinceTimePeriod=2023-01,2026-09-28
DK,"Eurostat HICP prc_hicp_minr RCH_A CP1111 Restaurants, cafés and the like",restaurants_hicp,2023-02,10.1,https://ec.europa.eu/eurostat/api/dissemination/statistics/1.0/data/prc_hicp_minr?format=JSON&geo=DK&geo=ES&coicop18=CP1111&coicop18=TOTAL&sinceTimePeriod=2023-01,2026-09-28
DK,"Eurostat HICP prc_hicp_minr RCH_A CP1111 Restaurants, cafés and the like",restaurants_hicp,2023-03,9.2,https://ec.europa.eu/eurostat/api/dissemination/statistics/1.0/data/prc_hicp_minr?format=JSON&geo=DK&geo=ES&coicop18=CP1111&coicop18=TOTAL&sinceTimePeriod=2023-01,2026-09-28
DK,"Eurostat HICP prc_hicp_minr RCH_A CP1111 Restaurants, cafés and the like",restaurants_hicp,2023-04,9.2,https://ec.europa.eu/eurostat/api/dissemination/statistics/1.0/data/prc_hicp_minr?format=JSON&geo=DK&geo=ES&coicop18=CP1111&coicop18=TOTAL&sinceTimePeriod=2023-01,2026-09-28
DK,"Eurostat HICP prc_hicp_minr RCH_A CP1111 Restaurants, cafés and the like",restaurants_hicp,2023-05,7.7,https://ec.europa.eu/eurostat/api/dissemination/statistics/1.0/data/prc_hicp_minr?format=JSON&geo=DK&geo=ES&coicop18=CP1111&coicop18=TOTAL&sinceTimePeriod=2023-01,2026-09-28
DK,"Eurostat HICP prc_hicp_minr RCH_A CP1111 Restaurants, cafés and the like",restaurants_hicp,2023-06,7.3,https://ec.europa.eu/eurostat/api/dissemination/statistics/1.0/data/prc_hicp_minr?format=JSON&geo=DK&geo=ES&coicop18=CP1111&coicop18=TOTAL&sinceTimePeriod=2023-01,2026-09-28
DK,"Eurostat HICP prc_hicp_minr RCH_A CP1111 Restaurants, cafés and the like",restaurants_hicp,2023-07,6.8,https://ec.europa.eu/eurostat/api/dissemination/statistics/1.0/data/prc_hicp_minr?format=JSON&geo=DK&geo=ES&coicop18=CP1111&coicop18=TOTAL&sinceTimePeriod=2023-01,2026-09-28
DK,"Eurostat HICP prc_hicp_minr RCH_A CP1111 Restaurants, cafés and the like",restaurants_hicp,2023-08,6.3,https://ec.europa.eu/eurostat/api/dissemination/statistics/1.0/data/prc_hicp_minr?format=JSON&geo=DK&geo=ES&coicop18=CP1111&coicop18=TOTAL&sinceTimePeriod=2023-01,2026-09-28
DK,"Eurostat HICP prc_hicp_minr RCH_A CP1111 Restaurants, cafés and the like",restaurants_hicp,2023-09,6.5,https://ec.europa.eu/eurostat/api/dissemination/statistics/1.0/data/prc_hicp_minr?format=JSON&geo=DK&geo=ES&coicop18=CP1111&coicop18=TOTAL&sinceTimePeriod=2023-01,2026-09-28
DK,"Eurostat HICP prc_hicp_minr RCH_A CP1111 Restaurants, cafés and the like",restaurants_hicp,2023-10,5.6,https://ec.europa.eu/eurostat/api/dissemination/statistics/1.0/data/prc_hicp_minr?format=JSON&geo=DK&geo=ES&coicop18=CP1111&coicop18=TOTAL&sinceTimePeriod=2023-01,2026-09-28
DK,"Eurostat HICP prc_hicp_minr RCH_A CP1111 Restaurants, cafés and the like",restaurants_hicp,2023-11,5.5,https://ec.europa.eu/eurostat/api/dissemination/statistics/1.0/data/prc_hicp_minr?format=JSON&geo=DK&geo=ES&coicop18=CP1111&coicop18=TOTAL&sinceTimePeriod=2023-01,2026-09-28
DK,"Eurostat HICP prc_hicp_minr RCH_A CP1111 Restaurants, cafés and the like",restaurants_hicp,2023-12,5.7,https://ec.europa.eu/eurostat/api/dissemination/statistics/1.0/data/prc_hicp_minr?format=JSON&geo=DK&geo=ES&coicop18=CP1111&coicop18=TOTAL&sinceTimePeriod=2023-01,2026-09-28
DK,"Eurostat HICP prc_hicp_minr RCH_A CP1111 Restaurants, cafés and the like",restaurants_hicp,2024-01,5.6,https://ec.europa.eu/eurostat/api/dissemination/statistics/1.0/data/prc_hicp_minr?format=JSON&geo=DK&geo=ES&coicop18=CP1111&coicop18=TOTAL&sinceTimePeriod=2023-01,2026-09-28
DK,"Eurostat HICP prc_hicp_minr RCH_A CP1111 Restaurants, cafés and the like",restaurants_hicp,2024-02,4.3,https://ec.europa.eu/eurostat/api/dissemination/statistics/1.0/data/prc_hicp_minr?format=JSON&geo=DK&geo=ES&coicop18=CP1111&coicop18=TOTAL&sinceTimePeriod=2023-01,2026-09-28
DK,"Eurostat HICP prc_hicp_minr RCH_A CP1111 Restaurants, cafés and the like",restaurants_hicp,2024-03,3.6,https://ec.europa.eu/eurostat/api/dissemination/statistics/1.0/data/prc_hicp_minr?format=JSON&geo=DK&geo=ES&coicop18=CP1111&coicop18=TOTAL&sinceTimePeriod=2023-01,2026-09-28
DK,"Eurostat HICP prc_hicp_minr RCH_A CP1111 Restaurants, cafés and the like",restaurants_hicp,2024-04,3.9,https://ec.europa.eu/eurostat/api/dissemination/statistics/1.0/data/prc_hicp_minr?format=JSON&geo=DK&geo=ES&coicop18=CP1111&coicop18=TOTAL&sinceTimePeriod=2023-01,2026-09-28
DK,"Eurostat HICP prc_hicp_minr RCH_A CP1111 Restaurants, cafés and the like",restaurants_hicp,2024-05,3.6,https://ec.europa.eu/eurostat/api/dissemination/statistics/1.0/data/prc_hicp_minr?format=JSON&geo=DK&geo=ES&coicop18=CP1111&coicop18=TOTAL&sinceTimePeriod=2023-01,2026-09-28
DK,"Eurostat HICP prc_hicp_minr RCH_A CP1111 Restaurants, cafés and the like",restaurants_hicp,2024-06,3.7,https://ec.europa.eu/eurostat/api/dissemination/statistics/1.0/data/prc_hicp_minr?format=JSON&geo=DK&geo=ES&coicop18=CP1111&coicop18=TOTAL&sinceTimePeriod=2023-01,2026-09-28
DK,"Eurostat HICP prc_hicp_minr RCH_A CP1111 Restaurants, cafés and the like",restaurants_hicp,2024-07,2.8,https://ec.europa.eu/eurostat/api/dissemination/statistics/1.0/data/prc_hicp_minr?format=JSON&geo=DK&geo=ES&coicop18=CP1111&coicop18=TOTAL&sinceTimePeriod=2023-01,2026-09-28
DK,"Eurostat HICP prc_hicp_minr RCH_A CP1111 Restaurants, cafés and the like",restaurants_hicp,2024-08,2.4,https://ec.europa.eu/eurostat/api/dissemination/statistics/1.0/data/prc_hicp_minr?format=JSON&geo=DK&geo=ES&coicop18=CP1111&coicop18=TOTAL&sinceTimePeriod=2023-01,2026-09-28
DK,"Eurostat HICP prc_hicp_minr RCH_A CP1111 Restaurants, cafés and the like",restaurants_hicp,2024-09,2.6,https://ec.europa.eu/eurostat/api/dissemination/statistics/1.0/data/prc_hicp_minr?format=JSON&geo=DK&geo=ES&coicop18=CP1111&coicop18=TOTAL&sinceTimePeriod=2023-01,2026-09-28
DK,"Eurostat HICP prc_hicp_minr RCH_A CP1111 Restaurants, cafés and the like",restaurants_hicp,2024-10,1.5,https://ec.europa.eu/eurostat/api/dissemination/statistics/1.0/data/prc_hicp_minr?format=JSON&geo=DK&geo=ES&coicop18=CP1111&coicop18=TOTAL&sinceTimePeriod=2023-01,2026-09-28
DK,"Eurostat HICP prc_hicp_minr RCH_A CP1111 Restaurants, cafés and the like",restaurants_hicp,2024-11,1.4,https://ec.europa.eu/eurostat/api/dissemination/statistics/1.0/data/prc_hicp_minr?format=JSON&geo=DK&geo=ES&coicop18=CP1111&coicop18=TOTAL&sinceTimePeriod=2023-01,2026-09-28
DK,"Eurostat HICP prc_hicp_minr RCH_A CP1111 Restaurants, cafés and the like",restaurants_hicp,2024-12,1.0,https://ec.europa.eu/eurostat/api/dissemination/statistics/1.0/data/prc_hicp_minr?format=JSON&geo=DK&geo=ES&coicop18=CP1111&coicop18=TOTAL&sinceTimePeriod=2023-01,2026-09-28
DK,"Eurostat HICP prc_hicp_minr RCH_A CP1111 Restaurants, cafés and the like",restaurants_hicp,2025-01,0.8,https://ec.europa.eu/eurostat/api/dissemination/statistics/1.0/data/prc_hicp_minr?format=JSON&geo=DK&geo=ES&coicop18=CP1111&coicop18=TOTAL&sinceTimePeriod=2023-01,2026-09-28
DK,"Eurostat HICP prc_hicp_minr RCH_A CP1111 Restaurants, cafés and the like",restaurants_hicp,2025-02,1.3,https://ec.europa.eu/eurostat/api/dissemination/statistics/1.0/data/prc_hicp_minr?format=JSON&geo=DK&geo=ES&coicop18=CP1111&coicop18=TOTAL&sinceTimePeriod=2023-01,2026-09-28
DK,"Eurostat HICP prc_hicp_minr RCH_A CP1111 Restaurants, cafés and the like",restaurants_hicp,2025-03,1.3,https://ec.europa.eu/eurostat/api/dissemination/statistics/1.0/data/prc_hicp_minr?format=JSON&geo=DK&geo=ES&coicop18=CP1111&coicop18=TOTAL&sinceTimePeriod=2023-01,2026-09-28
DK,"Eurostat HICP prc_hicp_minr RCH_A CP1111 Restaurants, cafés and the like",restaurants_hicp,2025-04,0.9,https://ec.europa.eu/eurostat/api/dissemination/statistics/1.0/data/prc_hicp_minr?format=JSON&geo=DK&geo=ES&coicop18=CP1111&coicop18=TOTAL&sinceTimePeriod=2023-01,2026-09-28
DK,"Eurostat HICP prc_hicp_minr RCH_A CP1111 Restaurants, cafés and the like",restaurants_hicp,2025-05,0.0,https://ec.europa.eu/eurostat/api/dissemination/statistics/1.0/data/prc_hicp_minr?format=JSON&geo=DK&geo=ES&coicop18=CP1111&coicop18=TOTAL&sinceTimePeriod=2023-01,2026-09-28
DK,"Eurostat HICP prc_hicp_minr RCH_A CP1111 Restaurants, cafés and the like",restaurants_hicp,2025-06,0.2,https://ec.europa.eu/eurostat/api/dissemination/statistics/1.0/data/prc_hicp_minr?format=JSON&geo=DK&geo=ES&coicop18=CP1111&coicop18=TOTAL&sinceTimePeriod=2023-01,2026-09-28
DK,"Eurostat HICP prc_hicp_minr RCH_A CP1111 Restaurants, cafés and the like",restaurants_hicp,2025-07,0.6,https://ec.europa.eu/eurostat/api/dissemination/statistics/1.0/data/prc_hicp_minr?format=JSON&geo=DK&geo=ES&coicop18=CP1111&coicop18=TOTAL&sinceTimePeriod=2023-01,2026-09-28
DK,"Eurostat HICP prc_hicp_minr RCH_A CP1111 Restaurants, cafés and the like",restaurants_hicp,2025-08,0.8,https://ec.europa.eu/eurostat/api/dissemination/statistics/1.0/data/prc_hicp_minr?format=JSON&geo=DK&geo=ES&coicop18=CP1111&coicop18=TOTAL&sinceTimePeriod=2023-01,2026-09-28
DK,"Eurostat HICP prc_hicp_minr RCH_A CP1111 Restaurants, cafés and the like",restaurants_hicp,2025-09,0.8,https://ec.europa.eu/eurostat/api/dissemination/statistics/1.0/data/prc_hicp_minr?format=JSON&geo=DK&geo=ES&coicop18=CP1111&coicop18=TOTAL&sinceTimePeriod=2023-01,2026-09-28
DK,"Eurostat HICP prc_hicp_minr RCH_A CP1111 Restaurants, cafés and the like",restaurants_hicp,2025-10,2.1,https://ec.europa.eu/eurostat/api/dissemination/statistics/1.0/data/prc_hicp_minr?format=JSON&geo=DK&geo=ES&coicop18=CP1111&coicop18=TOTAL&sinceTimePeriod=2023-01,2026-09-28
DK,"Eurostat HICP prc_hicp_minr RCH_A CP1111 Restaurants, cafés and the like",restaurants_hicp,2025-11,2.6,https://ec.europa.eu/eurostat/api/dissemination/statistics/1.0/data/prc_hicp_minr?format=JSON&geo=DK&geo=ES&coicop18=CP1111&coicop18=TOTAL&sinceTimePeriod=2023-01,2026-09-28
DK,"Eurostat HICP prc_hicp_minr RCH_A CP1111 Restaurants, cafés and the like",restaurants_hicp,2025-12,2.9,https://ec.europa.eu/eurostat/api/dissemination/statistics/1.0/data/prc_hicp_minr?format=JSON&geo=DK&geo=ES&coicop18=CP1111&coicop18=TOTAL&sinceTimePeriod=2023-01,2026-09-28
DK,"Eurostat HICP prc_hicp_minr RCH_A CP1111 Restaurants, cafés and the like",restaurants_hicp,2026-01,2.6,https://ec.europa.eu/eurostat/api/dissemination/statistics/1.0/data/prc_hicp_minr?format=JSON&geo=DK&geo=ES&coicop18=CP1111&coicop18=TOTAL&sinceTimePeriod=2023-01,2026-09-28
DK,"Eurostat HICP prc_hicp_minr RCH_A CP1111 Restaurants, cafés and the like",restaurants_hicp,2026-02,2.3,https://ec.europa.eu/eurostat/api/dissemination/statistics/1.0/data/prc_hicp_minr?format=JSON&geo=DK&geo=ES&coicop18=CP1111&coicop18=TOTAL&sinceTimePeriod=2023-01,2026-09-28
DK,"Eurostat HICP prc_hicp_minr RCH_A CP1111 Restaurants, cafés and the like",restaurants_hicp,2026-03,2.7,https://ec.europa.eu/eurostat/api/dissemination/statistics/1.0/data/prc_hicp_minr?format=JSON&geo=DK&geo=ES&coicop18=CP1111&coicop18=TOTAL&sinceTimePeriod=2023-01,2026-09-28
DK,"Eurostat HICP prc_hicp_minr RCH_A CP1111 Restaurants, cafés and the like",restaurants_hicp,2026-04,2.2,https://ec.europa.eu/eurostat/api/dissemination/statistics/1.0/data/prc_hicp_minr?format=JSON&geo=DK&geo=ES&coicop18=CP1111&coicop18=TOTAL&sinceTimePeriod=2023-01,2026-09-28
DK,"Eurostat HICP prc_hicp_minr RCH_A CP1111 Restaurants, cafés and the like",restaurants_hicp,2026-05,3.3,https://ec.europa.eu/eurostat/api/dissemination/statistics/1.0/data/prc_hicp_minr?format=JSON&geo=DK&geo=ES&coicop18=CP1111&coicop18=TOTAL&sinceTimePeriod=2023-01,2026-09-28
DK,"Eurostat HICP prc_hicp_minr RCH_A CP1111 Restaurants, cafés and the like",restaurants_hicp,2026-06,2.9,https://ec.europa.eu/eurostat/api/dissemination/statistics/1.0/data/prc_hicp_minr?format=JSON&geo=DK&geo=ES&coicop18=CP1111&coicop18=TOTAL&sinceTimePeriod=2023-01,2026-09-28
DK,"Eurostat HICP prc_hicp_minr RCH_A CP1111 Restaurants, cafés and the like",restaurants_hicp,2026-07,3.0,https://ec.europa.eu/eurostat/api/dissemination/statistics/1.0/data/prc_hicp_minr?format=JSON&geo=DK&geo=ES&coicop18=CP1111&coicop18=TOTAL&sinceTimePeriod=2023-01,2026-09-28
DK,"Eurostat HICP prc_hicp_minr RCH_A CP1111 Restaurants, cafés and the like",restaurants_hicp,2026-08,3.1,https://ec.europa.eu/eurostat/api/dissemination/statistics/1.0/data/prc_hicp_minr?format=JSON&geo=DK&geo=ES&coicop18=CP1111&coicop18=TOTAL&sinceTimePeriod=2023-01,2026-09-28
DK,Eurostat HICP prc_hicp_minr RCH_A TOTAL,all_items_hicp,2023-01,8.4,https://ec.europa.eu/eurostat/api/dissemination/statistics/1.0/data/prc_hicp_minr?format=JSON&geo=DK&geo=ES&coicop18=CP1111&coicop18=TOTAL&sinceTimePeriod=2023-01,2026-09-28
DK,Eurostat HICP prc_hicp_minr RCH_A TOTAL,all_items_hicp,2023-02,8.3,https://ec.europa.eu/eurostat/api/dissemination/statistics/1.0/data/prc_hicp_minr?format=JSON&geo=DK&geo=ES&coicop18=CP1111&coicop18=TOTAL&sinceTimePeriod=2023-01,2026-09-28
DK,Eurostat HICP prc_hicp_minr RCH_A TOTAL,all_items_hicp,2023-03,7.3,https://ec.europa.eu/eurostat/api/dissemination/statistics/1.0/data/prc_hicp_minr?format=JSON&geo=DK&geo=ES&coicop18=CP1111&coicop18=TOTAL&sinceTimePeriod=2023-01,2026-09-28
DK,Eurostat HICP prc_hicp_minr RCH_A TOTAL,all_items_hicp,2023-04,5.6,https://ec.europa.eu/eurostat/api/dissemination/statistics/1.0/data/prc_hicp_minr?format=JSON&geo=DK&geo=ES&coicop18=CP1111&coicop18=TOTAL&sinceTimePeriod=2023-01,2026-09-28
DK,Eurostat HICP prc_hicp_minr RCH_A TOTAL,all_items_hicp,2023-05,2.9,https://ec.europa.eu/eurostat/api/dissemination/statistics/1.0/data/prc_hicp_minr?format=JSON&geo=DK&geo=ES&coicop18=CP1111&coicop18=TOTAL&sinceTimePeriod=2023-01,2026-09-28
DK,Eurostat HICP prc_hicp_minr RCH_A TOTAL,all_items_hicp,2023-06,2.4,https://ec.europa.eu/eurostat/api/dissemination/statistics/1.0/data/prc_hicp_minr?format=JSON&geo=DK&geo=ES&coicop18=CP1111&coicop18=TOTAL&sinceTimePeriod=2023-01,2026-09-28
DK,Eurostat HICP prc_hicp_minr RCH_A TOTAL,all_items_hicp,2023-07,3.2,https://ec.europa.eu/eurostat/api/dissemination/statistics/1.0/data/prc_hicp_minr?format=JSON&geo=DK&geo=ES&coicop18=CP1111&coicop18=TOTAL&sinceTimePeriod=2023-01,2026-09-28
DK,Eurostat HICP prc_hicp_minr RCH_A TOTAL,all_items_hicp,2023-08,2.4,https://ec.europa.eu/eurostat/api/dissemination/statistics/1.0/data/prc_hicp_minr?format=JSON&geo=DK&geo=ES&coicop18=CP1111&coicop18=TOTAL&sinceTimePeriod=2023-01,2026-09-28
DK,Eurostat HICP prc_hicp_minr RCH_A TOTAL,all_items_hicp,2023-09,0.6,https://ec.europa.eu/eurostat/api/dissemination/statistics/1.0/data/prc_hicp_minr?format=JSON&geo=DK&geo=ES&coicop18=CP1111&coicop18=TOTAL&sinceTimePeriod=2023-01,2026-09-28
DK,Eurostat HICP prc_hicp_minr RCH_A TOTAL,all_items_hicp,2023-10,-0.4,https://ec.europa.eu/eurostat/api/dissemination/statistics/1.0/data/prc_hicp_minr?format=JSON&geo=DK&geo=ES&coicop18=CP1111&coicop18=TOTAL&sinceTimePeriod=2023-01,2026-09-28
DK,Eurostat HICP prc_hicp_minr RCH_A TOTAL,all_items_hicp,2023-11,0.2,https://ec.europa.eu/eurostat/api/dissemination/statistics/1.0/data/prc_hicp_minr?format=JSON&geo=DK&geo=ES&coicop18=CP1111&coicop18=TOTAL&sinceTimePeriod=2023-01,2026-09-28
DK,Eurostat HICP prc_hicp_minr RCH_A TOTAL,all_items_hicp,2023-12,0.4,https://ec.europa.eu/eurostat/api/dissemination/statistics/1.0/data/prc_hicp_minr?format=JSON&geo=DK&geo=ES&coicop18=CP1111&coicop18=TOTAL&sinceTimePeriod=2023-01,2026-09-28
DK,Eurostat HICP prc_hicp_minr RCH_A TOTAL,all_items_hicp,2024-01,1.0,https://ec.europa.eu/eurostat/api/dissemination/statistics/1.0/data/prc_hicp_minr?format=JSON&geo=DK&geo=ES&coicop18=CP1111&coicop18=TOTAL&sinceTimePeriod=2023-01,2026-09-28
DK,Eurostat HICP prc_hicp_minr RCH_A TOTAL,all_items_hicp,2024-02,0.6,https://ec.europa.eu/eurostat/api/dissemination/statistics/1.0/data/prc_hicp_minr?format=JSON&geo=DK&geo=ES&coicop18=CP1111&coicop18=TOTAL&sinceTimePeriod=2023-01,2026-09-28
DK,Eurostat HICP prc_hicp_minr RCH_A TOTAL,all_items_hicp,2024-03,0.8,https://ec.europa.eu/eurostat/api/dissemination/statistics/1.0/data/prc_hicp_minr?format=JSON&geo=DK&geo=ES&coicop18=CP1111&coicop18=TOTAL&sinceTimePeriod=2023-01,2026-09-28
DK,Eurostat HICP prc_hicp_minr RCH_A TOTAL,all_items_hicp,2024-04,0.5,https://ec.europa.eu/eurostat/api/dissemination/statistics/1.0/data/prc_hicp_minr?format=JSON&geo=DK&geo=ES&coicop18=CP1111&coicop18=TOTAL&sinceTimePeriod=2023-01,2026-09-28
DK,Eurostat HICP prc_hicp_minr RCH_A TOTAL,all_items_hicp,2024-05,2.1,https://ec.europa.eu/eurostat/api/dissemination/statistics/1.0/data/prc_hicp_minr?format=JSON&geo=DK&geo=ES&coicop18=CP1111&coicop18=TOTAL&sinceTimePeriod=2023-01,2026-09-28
DK,Eurostat HICP prc_hicp_minr RCH_A TOTAL,all_items_hicp,2024-06,1.8,https://ec.europa.eu/eurostat/api/dissemination/statistics/1.0/data/prc_hicp_minr?format=JSON&geo=DK&geo=ES&coicop18=CP1111&coicop18=TOTAL&sinceTimePeriod=2023-01,2026-09-28
DK,Eurostat HICP prc_hicp_minr RCH_A TOTAL,all_items_hicp,2024-07,1.0,https://ec.europa.eu/eurostat/api/dissemination/statistics/1.0/data/prc_hicp_minr?format=JSON&geo=DK&geo=ES&coicop18=CP1111&coicop18=TOTAL&sinceTimePeriod=2023-01,2026-09-28
DK,Eurostat HICP prc_hicp_minr RCH_A TOTAL,all_items_hicp,2024-08,1.3,https://ec.europa.eu/eurostat/api/dissemination/statistics/1.0/data/prc_hicp_minr?format=JSON&geo=DK&geo=ES&coicop18=CP1111&coicop18=TOTAL&sinceTimePeriod=2023-01,2026-09-28
DK,Eurostat HICP prc_hicp_minr RCH_A TOTAL,all_items_hicp,2024-09,1.2,https://ec.europa.eu/eurostat/api/dissemination/statistics/1.0/data/prc_hicp_minr?format=JSON&geo=DK&geo=ES&coicop18=CP1111&coicop18=TOTAL&sinceTimePeriod=2023-01,2026-09-28
DK,Eurostat HICP prc_hicp_minr RCH_A TOTAL,all_items_hicp,2024-10,1.6,https://ec.europa.eu/eurostat/api/dissemination/statistics/1.0/data/prc_hicp_minr?format=JSON&geo=DK&geo=ES&coicop18=CP1111&coicop18=TOTAL&sinceTimePeriod=2023-01,2026-09-28
DK,Eurostat HICP prc_hicp_minr RCH_A TOTAL,all_items_hicp,2024-11,1.6,https://ec.europa.eu/eurostat/api/dissemination/statistics/1.0/data/prc_hicp_minr?format=JSON&geo=DK&geo=ES&coicop18=CP1111&coicop18=TOTAL&sinceTimePeriod=2023-01,2026-09-28
DK,Eurostat HICP prc_hicp_minr RCH_A TOTAL,all_items_hicp,2024-12,1.8,https://ec.europa.eu/eurostat/api/dissemination/statistics/1.0/data/prc_hicp_minr?format=JSON&geo=DK&geo=ES&coicop18=CP1111&coicop18=TOTAL&sinceTimePeriod=2023-01,2026-09-28
DK,Eurostat HICP prc_hicp_minr RCH_A TOTAL,all_items_hicp,2025-01,1.4,https://ec.europa.eu/eurostat/api/dissemination/statistics/1.0/data/prc_hicp_minr?format=JSON&geo=DK&geo=ES&coicop18=CP1111&coicop18=TOTAL&sinceTimePeriod=2023-01,2026-09-28
DK,Eurostat HICP prc_hicp_minr RCH_A TOTAL,all_items_hicp,2025-02,2.0,https://ec.europa.eu/eurostat/api/dissemination/statistics/1.0/data/prc_hicp_minr?format=JSON&geo=DK&geo=ES&coicop18=CP1111&coicop18=TOTAL&sinceTimePeriod=2023-01,2026-09-28
DK,Eurostat HICP prc_hicp_minr RCH_A TOTAL,all_items_hicp,2025-03,1.4,https://ec.europa.eu/eurostat/api/dissemination/statistics/1.0/data/prc_hicp_minr?format=JSON&geo=DK&geo=ES&coicop18=CP1111&coicop18=TOTAL&sinceTimePeriod=2023-01,2026-09-28
DK,Eurostat HICP prc_hicp_minr RCH_A TOTAL,all_items_hicp,2025-04,1.5,https://ec.europa.eu/eurostat/api/dissemination/statistics/1.0/data/prc_hicp_minr?format=JSON&geo=DK&geo=ES&coicop18=CP1111&coicop18=TOTAL&sinceTimePeriod=2023-01,2026-09-28
DK,Eurostat HICP prc_hicp_minr RCH_A TOTAL,all_items_hicp,2025-05,1.5,https://ec.europa.eu/eurostat/api/dissemination/statistics/1.0/data/prc_hicp_minr?format=JSON&geo=DK&geo=ES&coicop18=CP1111&coicop18=TOTAL&sinceTimePeriod=2023-01,2026-09-28
DK,Eurostat HICP prc_hicp_minr RCH_A TOTAL,all_items_hicp,2025-06,1.8,https://ec.europa.eu/eurostat/api/dissemination/statistics/1.0/data/prc_hicp_minr?format=JSON&geo=DK&geo=ES&coicop18=CP1111&coicop18=TOTAL&sinceTimePeriod=2023-01,2026-09-28
DK,Eurostat HICP prc_hicp_minr RCH_A TOTAL,all_items_hicp,2025-07,2.2,https://ec.europa.eu/eurostat/api/dissemination/statistics/1.0/data/prc_hicp_minr?format=JSON&geo=DK&geo=ES&coicop18=CP1111&coicop18=TOTAL&sinceTimePeriod=2023-01,2026-09-28
DK,Eurostat HICP prc_hicp_minr RCH_A TOTAL,all_items_hicp,2025-08,1.9,https://ec.europa.eu/eurostat/api/dissemination/statistics/1.0/data/prc_hicp_minr?format=JSON&geo=DK&geo=ES&coicop18=CP1111&coicop18=TOTAL&sinceTimePeriod=2023-01,2026-09-28
DK,Eurostat HICP prc_hicp_minr RCH_A TOTAL,all_items_hicp,2025-09,2.2,https://ec.europa.eu/eurostat/api/dissemination/statistics/1.0/data/prc_hicp_minr?format=JSON&geo=DK&geo=ES&coicop18=CP1111&coicop18=TOTAL&sinceTimePeriod=2023-01,2026-09-28
DK,Eurostat HICP prc_hicp_minr RCH_A TOTAL,all_items_hicp,2025-10,2.1,https://ec.europa.eu/eurostat/api/dissemination/statistics/1.0/data/prc_hicp_minr?format=JSON&geo=DK&geo=ES&coicop18=CP1111&coicop18=TOTAL&sinceTimePeriod=2023-01,2026-09-28
DK,Eurostat HICP prc_hicp_minr RCH_A TOTAL,all_items_hicp,2025-11,2.0,https://ec.europa.eu/eurostat/api/dissemination/statistics/1.0/data/prc_hicp_minr?format=JSON&geo=DK&geo=ES&coicop18=CP1111&coicop18=TOTAL&sinceTimePeriod=2023-01,2026-09-28
DK,Eurostat HICP prc_hicp_minr RCH_A TOTAL,all_items_hicp,2025-12,1.9,https://ec.europa.eu/eurostat/api/dissemination/statistics/1.0/data/prc_hicp_minr?format=JSON&geo=DK&geo=ES&coicop18=CP1111&coicop18=TOTAL&sinceTimePeriod=2023-01,2026-09-28
DK,Eurostat HICP prc_hicp_minr RCH_A TOTAL,all_items_hicp,2026-01,0.6,https://ec.europa.eu/eurostat/api/dissemination/statistics/1.0/data/prc_hicp_minr?format=JSON&geo=DK&geo=ES&coicop18=CP1111&coicop18=TOTAL&sinceTimePeriod=2023-01,2026-09-28
DK,Eurostat HICP prc_hicp_minr RCH_A TOTAL,all_items_hicp,2026-02,0.5,https://ec.europa.eu/eurostat/api/dissemination/statistics/1.0/data/prc_hicp_minr?format=JSON&geo=DK&geo=ES&coicop18=CP1111&coicop18=TOTAL&sinceTimePeriod=2023-01,2026-09-28
DK,Eurostat HICP prc_hicp_minr RCH_A TOTAL,all_items_hicp,2026-03,1.0,https://ec.europa.eu/eurostat/api/dissemination/statistics/1.0/data/prc_hicp_minr?format=JSON&geo=DK&geo=ES&coicop18=CP1111&coicop18=TOTAL&sinceTimePeriod=2023-01,2026-09-28
DK,Eurostat HICP prc_hicp_minr RCH_A TOTAL,all_items_hicp,2026-04,1.2,https://ec.europa.eu/eurostat/api/dissemination/statistics/1.0/data/prc_hicp_minr?format=JSON&geo=DK&geo=ES&coicop18=CP1111&coicop18=TOTAL&sinceTimePeriod=2023-01,2026-09-28
DK,Eurostat HICP prc_hicp_minr RCH_A TOTAL,all_items_hicp,2026-05,1.8,https://ec.europa.eu/eurostat/api/dissemination/statistics/1.0/data/prc_hicp_minr?format=JSON&geo=DK&geo=ES&coicop18=CP1111&coicop18=TOTAL&sinceTimePeriod=2023-01,2026-09-28
DK,Eurostat HICP prc_hicp_minr RCH_A TOTAL,all_items_hicp,2026-06,1.8,https://ec.europa.eu/eurostat/api/dissemination/statistics/1.0/data/prc_hicp_minr?format=JSON&geo=DK&geo=ES&coicop18=CP1111&coicop18=TOTAL&sinceTimePeriod=2023-01,2026-09-28
DK,Eurostat HICP prc_hicp_minr RCH_A TOTAL,all_items_hicp,2026-07,1.6,https://ec.europa.eu/eurostat/api/dissemination/statistics/1.0/data/prc_hicp_minr?format=JSON&geo=DK&geo=ES&coicop18=CP1111&coicop18=TOTAL&sinceTimePeriod=2023-01,2026-09-28
DK,Eurostat HICP prc_hicp_minr RCH_A TOTAL,all_items_hicp,2026-08,2.0,https://ec.europa.eu/eurostat/api/dissemination/statistics/1.0/data/prc_hicp_minr?format=JSON&geo=DK&geo=ES&coicop18=CP1111&coicop18=TOTAL&sinceTimePeriod=2023-01,2026-09-28
ES,"Eurostat HICP prc_hicp_minr RCH_A CP1111 Restaurants, cafés and the like",restaurants_hicp,2023-01,7.9,https://ec.europa.eu/eurostat/api/dissemination/statistics/1.0/data/prc_hicp_minr?format=JSON&geo=DK&geo=ES&coicop18=CP1111&coicop18=TOTAL&sinceTimePeriod=2023-01,2026-09-28
ES,"Eurostat HICP prc_hicp_minr RCH_A CP1111 Restaurants, cafés and the like",restaurants_hicp,2023-02,7.6,https://ec.europa.eu/eurostat/api/dissemination/statistics/1.0/data/prc_hicp_minr?format=JSON&geo=DK&geo=ES&coicop18=CP1111&coicop18=TOTAL&sinceTimePeriod=2023-01,2026-09-28
ES,"Eurostat HICP prc_hicp_minr RCH_A CP1111 Restaurants, cafés and the like",restaurants_hicp,2023-03,7.6,https://ec.europa.eu/eurostat/api/dissemination/statistics/1.0/data/prc_hicp_minr?format=JSON&geo=DK&geo=ES&coicop18=CP1111&coicop18=TOTAL&sinceTimePeriod=2023-01,2026-09-28
ES,"Eurostat HICP prc_hicp_minr RCH_A CP1111 Restaurants, cafés and the like",restaurants_hicp,2023-04,7.4,https://ec.europa.eu/eurostat/api/dissemination/statistics/1.0/data/prc_hicp_minr?format=JSON&geo=DK&geo=ES&coicop18=CP1111&coicop18=TOTAL&sinceTimePeriod=2023-01,2026-09-28
ES,"Eurostat HICP prc_hicp_minr RCH_A CP1111 Restaurants, cafés and the like",restaurants_hicp,2023-05,7.1,https://ec.europa.eu/eurostat/api/dissemination/statistics/1.0/data/prc_hicp_minr?format=JSON&geo=DK&geo=ES&coicop18=CP1111&coicop18=TOTAL&sinceTimePeriod=2023-01,2026-09-28
ES,"Eurostat HICP prc_hicp_minr RCH_A CP1111 Restaurants, cafés and the like",restaurants_hicp,2023-06,6.8,https://ec.europa.eu/eurostat/api/dissemination/statistics/1.0/data/prc_hicp_minr?format=JSON&geo=DK&geo=ES&coicop18=CP1111&coicop18=TOTAL&sinceTimePeriod=2023-01,2026-09-28
ES,"Eurostat HICP prc_hicp_minr RCH_A CP1111 Restaurants, cafés and the like",restaurants_hicp,2023-07,6.5,https://ec.europa.eu/eurostat/api/dissemination/statistics/1.0/data/prc_hicp_minr?format=JSON&geo=DK&geo=ES&coicop18=CP1111&coicop18=TOTAL&sinceTimePeriod=2023-01,2026-09-28
ES,"Eurostat HICP prc_hicp_minr RCH_A CP1111 Restaurants, cafés and the like",restaurants_hicp,2023-08,6.5,https://ec.europa.eu/eurostat/api/dissemination/statistics/1.0/data/prc_hicp_minr?format=JSON&geo=DK&geo=ES&coicop18=CP1111&coicop18=TOTAL&sinceTimePeriod=2023-01,2026-09-28
ES,"Eurostat HICP prc_hicp_minr RCH_A CP1111 Restaurants, cafés and the like",restaurants_hicp,2023-09,6.1,https://ec.europa.eu/eurostat/api/dissemination/statistics/1.0/data/prc_hicp_minr?format=JSON&geo=DK&geo=ES&coicop18=CP1111&coicop18=TOTAL&sinceTimePeriod=2023-01,2026-09-28
ES,"Eurostat HICP prc_hicp_minr RCH_A CP1111 Restaurants, cafés and the like",restaurants_hicp,2023-10,6.0,https://ec.europa.eu/eurostat/api/dissemination/statistics/1.0/data/prc_hicp_minr?format=JSON&geo=DK&geo=ES&coicop18=CP1111&coicop18=TOTAL&sinceTimePeriod=2023-01,2026-09-28
ES,"Eurostat HICP prc_hicp_minr RCH_A CP1111 Restaurants, cafés and the like",restaurants_hicp,2023-11,5.7,https://ec.europa.eu/eurostat/api/dissemination/statistics/1.0/data/prc_hicp_minr?format=JSON&geo=DK&geo=ES&coicop18=CP1111&coicop18=TOTAL&sinceTimePeriod=2023-01,2026-09-28
ES,"Eurostat HICP prc_hicp_minr RCH_A CP1111 Restaurants, cafés and the like",restaurants_hicp,2023-12,5.4,https://ec.europa.eu/eurostat/api/dissemination/statistics/1.0/data/prc_hicp_minr?format=JSON&geo=DK&geo=ES&coicop18=CP1111&coicop18=TOTAL&sinceTimePeriod=2023-01,2026-09-28
ES,"Eurostat HICP prc_hicp_minr RCH_A CP1111 Restaurants, cafés and the like",restaurants_hicp,2024-01,5.3,https://ec.europa.eu/eurostat/api/dissemination/statistics/1.0/data/prc_hicp_minr?format=JSON&geo=DK&geo=ES&coicop18=CP1111&coicop18=TOTAL&sinceTimePeriod=2023-01,2026-09-28
ES,"Eurostat HICP prc_hicp_minr RCH_A CP1111 Restaurants, cafés and the like",restaurants_hicp,2024-02,5.3,https://ec.europa.eu/eurostat/api/dissemination/statistics/1.0/data/prc_hicp_minr?format=JSON&geo=DK&geo=ES&coicop18=CP1111&coicop18=TOTAL&sinceTimePeriod=2023-01,2026-09-28
ES,"Eurostat HICP prc_hicp_minr RCH_A CP1111 Restaurants, cafés and the like",restaurants_hicp,2024-03,5.3,https://ec.europa.eu/eurostat/api/dissemination/statistics/1.0/data/prc_hicp_minr?format=JSON&geo=DK&geo=ES&coicop18=CP1111&coicop18=TOTAL&sinceTimePeriod=2023-01,2026-09-28
ES,"Eurostat HICP prc_hicp_minr RCH_A CP1111 Restaurants, cafés and the like",restaurants_hicp,2024-04,5.1,https://ec.europa.eu/eurostat/api/dissemination/statistics/1.0/data/prc_hicp_minr?format=JSON&geo=DK&geo=ES&coicop18=CP1111&coicop18=TOTAL&sinceTimePeriod=2023-01,2026-09-28
ES,"Eurostat HICP prc_hicp_minr RCH_A CP1111 Restaurants, cafés and the like",restaurants_hicp,2024-05,5.0,https://ec.europa.eu/eurostat/api/dissemination/statistics/1.0/data/prc_hicp_minr?format=JSON&geo=DK&geo=ES&coicop18=CP1111&coicop18=TOTAL&sinceTimePeriod=2023-01,2026-09-28
ES,"Eurostat HICP prc_hicp_minr RCH_A CP1111 Restaurants, cafés and the like",restaurants_hicp,2024-06,4.7,https://ec.europa.eu/eurostat/api/dissemination/statistics/1.0/data/prc_hicp_minr?format=JSON&geo=DK&geo=ES&coicop18=CP1111&coicop18=TOTAL&sinceTimePeriod=2023-01,2026-09-28
ES,"Eurostat HICP prc_hicp_minr RCH_A CP1111 Restaurants, cafés and the like",restaurants_hicp,2024-07,4.6,https://ec.europa.eu/eurostat/api/dissemination/statistics/1.0/data/prc_hicp_minr?format=JSON&geo=DK&geo=ES&coicop18=CP1111&coicop18=TOTAL&sinceTimePeriod=2023-01,2026-09-28
ES,"Eurostat HICP prc_hicp_minr RCH_A CP1111 Restaurants, cafés and the like",restaurants_hicp,2024-08,4.5,https://ec.europa.eu/eurostat/api/dissemination/statistics/1.0/data/prc_hicp_minr?format=JSON&geo=DK&geo=ES&coicop18=CP1111&coicop18=TOTAL&sinceTimePeriod=2023-01,2026-09-28
ES,"Eurostat HICP prc_hicp_minr RCH_A CP1111 Restaurants, cafés and the like",restaurants_hicp,2024-09,4.4,https://ec.europa.eu/eurostat/api/dissemination/statistics/1.0/data/prc_hicp_minr?format=JSON&geo=DK&geo=ES&coicop18=CP1111&coicop18=TOTAL&sinceTimePeriod=2023-01,2026-09-28
ES,"Eurostat HICP prc_hicp_minr RCH_A CP1111 Restaurants, cafés and the like",restaurants_hicp,2024-10,4.2,https://ec.europa.eu/eurostat/api/dissemination/statistics/1.0/data/prc_hicp_minr?format=JSON&geo=DK&geo=ES&coicop18=CP1111&coicop18=TOTAL&sinceTimePeriod=2023-01,2026-09-28
ES,"Eurostat HICP prc_hicp_minr RCH_A CP1111 Restaurants, cafés and the like",restaurants_hicp,2024-11,4.1,https://ec.europa.eu/eurostat/api/dissemination/statistics/1.0/data/prc_hicp_minr?format=JSON&geo=DK&geo=ES&coicop18=CP1111&coicop18=TOTAL&sinceTimePeriod=2023-01,2026-09-28
ES,"Eurostat HICP prc_hicp_minr RCH_A CP1111 Restaurants, cafés and the like",restaurants_hicp,2024-12,4.1,https://ec.europa.eu/eurostat/api/dissemination/statistics/1.0/data/prc_hicp_minr?format=JSON&geo=DK&geo=ES&coicop18=CP1111&coicop18=TOTAL&sinceTimePeriod=2023-01,2026-09-28
ES,"Eurostat HICP prc_hicp_minr RCH_A CP1111 Restaurants, cafés and the like",restaurants_hicp,2025-01,4.1,https://ec.europa.eu/eurostat/api/dissemination/statistics/1.0/data/prc_hicp_minr?format=JSON&geo=DK&geo=ES&coicop18=CP1111&coicop18=TOTAL&sinceTimePeriod=2023-01,2026-09-28
ES,"Eurostat HICP prc_hicp_minr RCH_A CP1111 Restaurants, cafés and the like",restaurants_hicp,2025-02,4.0,https://ec.europa.eu/eurostat/api/dissemination/statistics/1.0/data/prc_hicp_minr?format=JSON&geo=DK&geo=ES&coicop18=CP1111&coicop18=TOTAL&sinceTimePeriod=2023-01,2026-09-28
ES,"Eurostat HICP prc_hicp_minr RCH_A CP1111 Restaurants, cafés and the like",restaurants_hicp,2025-03,4.0,https://ec.europa.eu/eurostat/api/dissemination/statistics/1.0/data/prc_hicp_minr?format=JSON&geo=DK&geo=ES&coicop18=CP1111&coicop18=TOTAL&sinceTimePeriod=2023-01,2026-09-28
ES,"Eurostat HICP prc_hicp_minr RCH_A CP1111 Restaurants, cafés and the like",restaurants_hicp,2025-04,4.0,https://ec.europa.eu/eurostat/api/dissemination/statistics/1.0/data/prc_hicp_minr?format=JSON&geo=DK&geo=ES&coicop18=CP1111&coicop18=TOTAL&sinceTimePeriod=2023-01,2026-09-28
ES,"Eurostat HICP prc_hicp_minr RCH_A CP1111 Restaurants, cafés and the like",restaurants_hicp,2025-05,4.0,https://ec.europa.eu/eurostat/api/dissemination/statistics/1.0/data/prc_hicp_minr?format=JSON&geo=DK&geo=ES&coicop18=CP1111&coicop18=TOTAL&sinceTimePeriod=2023-01,2026-09-28
ES,"Eurostat HICP prc_hicp_minr RCH_A CP1111 Restaurants, cafés and the like",restaurants_hicp,2025-06,4.1,https://ec.europa.eu/eurostat/api/dissemination/statistics/1.0/data/prc_hicp_minr?format=JSON&geo=DK&geo=ES&coicop18=CP1111&coicop18=TOTAL&sinceTimePeriod=2023-01,2026-09-28
ES,"Eurostat HICP prc_hicp_minr RCH_A CP1111 Restaurants, cafés and the like",restaurants_hicp,2025-07,4.0,https://ec.europa.eu/eurostat/api/dissemination/statistics/1.0/data/prc_hicp_minr?format=JSON&geo=DK&geo=ES&coicop18=CP1111&coicop18=TOTAL&sinceTimePeriod=2023-01,2026-09-28
ES,"Eurostat HICP prc_hicp_minr RCH_A CP1111 Restaurants, cafés and the like",restaurants_hicp,2025-08,4.1,https://ec.europa.eu/eurostat/api/dissemination/statistics/1.0/data/prc_hicp_minr?format=JSON&geo=DK&geo=ES&coicop18=CP1111&coicop18=TOTAL&sinceTimePeriod=2023-01,2026-09-28
ES,"Eurostat HICP prc_hicp_minr RCH_A CP1111 Restaurants, cafés and the like",restaurants_hicp,2025-09,4.2,https://ec.europa.eu/eurostat/api/dissemination/statistics/1.0/data/prc_hicp_minr?format=JSON&geo=DK&geo=ES&coicop18=CP1111&coicop18=TOTAL&sinceTimePeriod=2023-01,2026-09-28
ES,"Eurostat HICP prc_hicp_minr RCH_A CP1111 Restaurants, cafés and the like",restaurants_hicp,2025-10,4.2,https://ec.europa.eu/eurostat/api/dissemination/statistics/1.0/data/prc_hicp_minr?format=JSON&geo=DK&geo=ES&coicop18=CP1111&coicop18=TOTAL&sinceTimePeriod=2023-01,2026-09-28
ES,"Eurostat HICP prc_hicp_minr RCH_A CP1111 Restaurants, cafés and the like",restaurants_hicp,2025-11,4.2,https://ec.europa.eu/eurostat/api/dissemination/statistics/1.0/data/prc_hicp_minr?format=JSON&geo=DK&geo=ES&coicop18=CP1111&coicop18=TOTAL&sinceTimePeriod=2023-01,2026-09-28
ES,"Eurostat HICP prc_hicp_minr RCH_A CP1111 Restaurants, cafés and the like",restaurants_hicp,2025-12,4.3,https://ec.europa.eu/eurostat/api/dissemination/statistics/1.0/data/prc_hicp_minr?format=JSON&geo=DK&geo=ES&coicop18=CP1111&coicop18=TOTAL&sinceTimePeriod=2023-01,2026-09-28
ES,"Eurostat HICP prc_hicp_minr RCH_A CP1111 Restaurants, cafés and the like",restaurants_hicp,2026-01,4.4,https://ec.europa.eu/eurostat/api/dissemination/statistics/1.0/data/prc_hicp_minr?format=JSON&geo=DK&geo=ES&coicop18=CP1111&coicop18=TOTAL&sinceTimePeriod=2023-01,2026-09-28
ES,"Eurostat HICP prc_hicp_minr RCH_A CP1111 Restaurants, cafés and the like",restaurants_hicp,2026-02,4.5,https://ec.europa.eu/eurostat/api/dissemination/statistics/1.0/data/prc_hicp_minr?format=JSON&geo=DK&geo=ES&coicop18=CP1111&coicop18=TOTAL&sinceTimePeriod=2023-01,2026-09-28
ES,"Eurostat HICP prc_hicp_minr RCH_A CP1111 Restaurants, cafés and the like",restaurants_hicp,2026-03,4.5,https://ec.europa.eu/eurostat/api/dissemination/statistics/1.0/data/prc_hicp_minr?format=JSON&geo=DK&geo=ES&coicop18=CP1111&coicop18=TOTAL&sinceTimePeriod=2023-01,2026-09-28
ES,"Eurostat HICP prc_hicp_minr RCH_A CP1111 Restaurants, cafés and the like",restaurants_hicp,2026-04,4.5,https://ec.europa.eu/eurostat/api/dissemination/statistics/1.0/data/prc_hicp_minr?format=JSON&geo=DK&geo=ES&coicop18=CP1111&coicop18=TOTAL&sinceTimePeriod=2023-01,2026-09-28
ES,"Eurostat HICP prc_hicp_minr RCH_A CP1111 Restaurants, cafés and the like",restaurants_hicp,2026-05,4.5,https://ec.europa.eu/eurostat/api/dissemination/statistics/1.0/data/prc_hicp_minr?format=JSON&geo=DK&geo=ES&coicop18=CP1111&coicop18=TOTAL&sinceTimePeriod=2023-01,2026-09-28
ES,"Eurostat HICP prc_hicp_minr RCH_A CP1111 Restaurants, cafés and the like",restaurants_hicp,2026-06,4.5,https://ec.europa.eu/eurostat/api/dissemination/statistics/1.0/data/prc_hicp_minr?format=JSON&geo=DK&geo=ES&coicop18=CP1111&coicop18=TOTAL&sinceTimePeriod=2023-01,2026-09-28
ES,"Eurostat HICP prc_hicp_minr RCH_A CP1111 Restaurants, cafés and the like",restaurants_hicp,2026-07,4.5,https://ec.europa.eu/eurostat/api/dissemination/statistics/1.0/data/prc_hicp_minr?format=JSON&geo=DK&geo=ES&coicop18=CP1111&coicop18=TOTAL&sinceTimePeriod=2023-01,2026-09-28
ES,"Eurostat HICP prc_hicp_minr RCH_A CP1111 Restaurants, cafés and the like",restaurants_hicp,2026-08,4.4,https://ec.europa.eu/eurostat/api/dissemination/statistics/1.0/data/prc_hicp_minr?format=JSON&geo=DK&geo=ES&coicop18=CP1111&coicop18=TOTAL&sinceTimePeriod=2023-01,2026-09-28
ES,Eurostat HICP prc_hicp_minr RCH_A TOTAL,all_items_hicp,2023-01,5.9,https://ec.europa.eu/eurostat/api/dissemination/statistics/1.0/data/prc_hicp_minr?format=JSON&geo=DK&geo=ES&coicop18=CP1111&coicop18=TOTAL&sinceTimePeriod=2023-01,2026-09-28
ES,Eurostat HICP prc_hicp_minr RCH_A TOTAL,all_items_hicp,2023-02,6.0,https://ec.europa.eu/eurostat/api/dissemination/statistics/1.0/data/prc_hicp_minr?format=JSON&geo=DK&geo=ES&coicop18=CP1111&coicop18=TOTAL&sinceTimePeriod=2023-01,2026-09-28
ES,Eurostat HICP prc_hicp_minr RCH_A TOTAL,all_items_hicp,2023-03,3.1,https://ec.europa.eu/eurostat/api/dissemination/statistics/1.0/data/prc_hicp_minr?format=JSON&geo=DK&geo=ES&coicop18=CP1111&coicop18=TOTAL&sinceTimePeriod=2023-01,2026-09-28
ES,Eurostat HICP prc_hicp_minr RCH_A TOTAL,all_items_hicp,2023-04,3.8,https://ec.europa.eu/eurostat/api/dissemination/statistics/1.0/data/prc_hicp_minr?format=JSON&geo=DK&geo=ES&coicop18=CP1111&coicop18=TOTAL&sinceTimePeriod=2023-01,2026-09-28
ES,Eurostat HICP prc_hicp_minr RCH_A TOTAL,all_items_hicp,2023-05,2.9,https://ec.europa.eu/eurostat/api/dissemination/statistics/1.0/data/prc_hicp_minr?format=JSON&geo=DK&geo=ES&coicop18=CP1111&coicop18=TOTAL&sinceTimePeriod=2023-01,2026-09-28
ES,Eurostat HICP prc_hicp_minr RCH_A TOTAL,all_items_hicp,2023-06,1.6,https://ec.europa.eu/eurostat/api/dissemination/statistics/1.0/data/prc_hicp_minr?format=JSON&geo=DK&geo=ES&coicop18=CP1111&coicop18=TOTAL&sinceTimePeriod=2023-01,2026-09-28
ES,Eurostat HICP prc_hicp_minr RCH_A TOTAL,all_items_hicp,2023-07,2.1,https://ec.europa.eu/eurostat/api/dissemination/statistics/1.0/data/prc_hicp_minr?format=JSON&geo=DK&geo=ES&coicop18=CP1111&coicop18=TOTAL&sinceTimePeriod=2023-01,2026-09-28
ES,Eurostat HICP prc_hicp_minr RCH_A TOTAL,all_items_hicp,2023-08,2.4,https://ec.europa.eu/eurostat/api/dissemination/statistics/1.0/data/prc_hicp_minr?format=JSON&geo=DK&geo=ES&coicop18=CP1111&coicop18=TOTAL&sinceTimePeriod=2023-01,2026-09-28
ES,Eurostat HICP prc_hicp_minr RCH_A TOTAL,all_items_hicp,2023-09,3.3,https://ec.europa.eu/eurostat/api/dissemination/statistics/1.0/data/prc_hicp_minr?format=JSON&geo=DK&geo=ES&coicop18=CP1111&coicop18=TOTAL&sinceTimePeriod=2023-01,2026-09-28
ES,Eurostat HICP prc_hicp_minr RCH_A TOTAL,all_items_hicp,2023-10,3.5,https://ec.europa.eu/eurostat/api/dissemination/statistics/1.0/data/prc_hicp_minr?format=JSON&geo=DK&geo=ES&coicop18=CP1111&coicop18=TOTAL&sinceTimePeriod=2023-01,2026-09-28
ES,Eurostat HICP prc_hicp_minr RCH_A TOTAL,all_items_hicp,2023-11,3.3,https://ec.europa.eu/eurostat/api/dissemination/statistics/1.0/data/prc_hicp_minr?format=JSON&geo=DK&geo=ES&coicop18=CP1111&coicop18=TOTAL&sinceTimePeriod=2023-01,2026-09-28
ES,Eurostat HICP prc_hicp_minr RCH_A TOTAL,all_items_hicp,2023-12,3.3,https://ec.europa.eu/eurostat/api/dissemination/statistics/1.0/data/prc_hicp_minr?format=JSON&geo=DK&geo=ES&coicop18=CP1111&coicop18=TOTAL&sinceTimePeriod=2023-01,2026-09-28
ES,Eurostat HICP prc_hicp_minr RCH_A TOTAL,all_items_hicp,2024-01,3.5,https://ec.europa.eu/eurostat/api/dissemination/statistics/1.0/data/prc_hicp_minr?format=JSON&geo=DK&geo=ES&coicop18=CP1111&coicop18=TOTAL&sinceTimePeriod=2023-01,2026-09-28
ES,Eurostat HICP prc_hicp_minr RCH_A TOTAL,all_items_hicp,2024-02,2.9,https://ec.europa.eu/eurostat/api/dissemination/statistics/1.0/data/prc_hicp_minr?format=JSON&geo=DK&geo=ES&coicop18=CP1111&coicop18=TOTAL&sinceTimePeriod=2023-01,2026-09-28
ES,Eurostat HICP prc_hicp_minr RCH_A TOTAL,all_items_hicp,2024-03,3.2,https://ec.europa.eu/eurostat/api/dissemination/statistics/1.0/data/prc_hicp_minr?format=JSON&geo=DK&geo=ES&coicop18=CP1111&coicop18=TOTAL&sinceTimePeriod=2023-01,2026-09-28
ES,Eurostat HICP prc_hicp_minr RCH_A TOTAL,all_items_hicp,2024-04,3.4,https://ec.europa.eu/eurostat/api/dissemination/statistics/1.0/data/prc_hicp_minr?format=JSON&geo=DK&geo=ES&coicop18=CP1111&coicop18=TOTAL&sinceTimePeriod=2023-01,2026-09-28
ES,Eurostat HICP prc_hicp_minr RCH_A TOTAL,all_items_hicp,2024-05,3.8,https://ec.europa.eu/eurostat/api/dissemination/statistics/1.0/data/prc_hicp_minr?format=JSON&geo=DK&geo=ES&coicop18=CP1111&coicop18=TOTAL&sinceTimePeriod=2023-01,2026-09-28
ES,Eurostat HICP prc_hicp_minr RCH_A TOTAL,all_items_hicp,2024-06,3.6,https://ec.europa.eu/eurostat/api/dissemination/statistics/1.0/data/prc_hicp_minr?format=JSON&geo=DK&geo=ES&coicop18=CP1111&coicop18=TOTAL&sinceTimePeriod=2023-01,2026-09-28
ES,Eurostat HICP prc_hicp_minr RCH_A TOTAL,all_items_hicp,2024-07,2.9,https://ec.europa.eu/eurostat/api/dissemination/statistics/1.0/data/prc_hicp_minr?format=JSON&geo=DK&geo=ES&coicop18=CP1111&coicop18=TOTAL&sinceTimePeriod=2023-01,2026-09-28
ES,Eurostat HICP prc_hicp_minr RCH_A TOTAL,all_items_hicp,2024-08,2.4,https://ec.europa.eu/eurostat/api/dissemination/statistics/1.0/data/prc_hicp_minr?format=JSON&geo=DK&geo=ES&coicop18=CP1111&coicop18=TOTAL&sinceTimePeriod=2023-01,2026-09-28
ES,Eurostat HICP prc_hicp_minr RCH_A TOTAL,all_items_hicp,2024-09,1.7,https://ec.europa.eu/eurostat/api/dissemination/statistics/1.0/data/prc_hicp_minr?format=JSON&geo=DK&geo=ES&coicop18=CP1111&coicop18=TOTAL&sinceTimePeriod=2023-01,2026-09-28
ES,Eurostat HICP prc_hicp_minr RCH_A TOTAL,all_items_hicp,2024-10,1.8,https://ec.europa.eu/eurostat/api/dissemination/statistics/1.0/data/prc_hicp_minr?format=JSON&geo=DK&geo=ES&coicop18=CP1111&coicop18=TOTAL&sinceTimePeriod=2023-01,2026-09-28
ES,Eurostat HICP prc_hicp_minr RCH_A TOTAL,all_items_hicp,2024-11,2.4,https://ec.europa.eu/eurostat/api/dissemination/statistics/1.0/data/prc_hicp_minr?format=JSON&geo=DK&geo=ES&coicop18=CP1111&coicop18=TOTAL&sinceTimePeriod=2023-01,2026-09-28
ES,Eurostat HICP prc_hicp_minr RCH_A TOTAL,all_items_hicp,2024-12,2.8,https://ec.europa.eu/eurostat/api/dissemination/statistics/1.0/data/prc_hicp_minr?format=JSON&geo=DK&geo=ES&coicop18=CP1111&coicop18=TOTAL&sinceTimePeriod=2023-01,2026-09-28
ES,Eurostat HICP prc_hicp_minr RCH_A TOTAL,all_items_hicp,2025-01,2.9,https://ec.europa.eu/eurostat/api/dissemination/statistics/1.0/data/prc_hicp_minr?format=JSON&geo=DK&geo=ES&coicop18=CP1111&coicop18=TOTAL&sinceTimePeriod=2023-01,2026-09-28
ES,Eurostat HICP prc_hicp_minr RCH_A TOTAL,all_items_hicp,2025-02,2.9,https://ec.europa.eu/eurostat/api/dissemination/statistics/1.0/data/prc_hicp_minr?format=JSON&geo=DK&geo=ES&coicop18=CP1111&coicop18=TOTAL&sinceTimePeriod=2023-01,2026-09-28
ES,Eurostat HICP prc_hicp_minr RCH_A TOTAL,all_items_hicp,2025-03,2.2,https://ec.europa.eu/eurostat/api/dissemination/statistics/1.0/data/prc_hicp_minr?format=JSON&geo=DK&geo=ES&coicop18=CP1111&coicop18=TOTAL&sinceTimePeriod=2023-01,2026-09-28
ES,Eurostat HICP prc_hicp_minr RCH_A TOTAL,all_items_hicp,2025-04,2.2,https://ec.europa.eu/eurostat/api/dissemination/statistics/1.0/data/prc_hicp_minr?format=JSON&geo=DK&geo=ES&coicop18=CP1111&coicop18=TOTAL&sinceTimePeriod=2023-01,2026-09-28
ES,Eurostat HICP prc_hicp_minr RCH_A TOTAL,all_items_hicp,2025-05,2.0,https://ec.europa.eu/eurostat/api/dissemination/statistics/1.0/data/prc_hicp_minr?format=JSON&geo=DK&geo=ES&coicop18=CP1111&coicop18=TOTAL&sinceTimePeriod=2023-01,2026-09-28
ES,Eurostat HICP prc_hicp_minr RCH_A TOTAL,all_items_hicp,2025-06,2.3,https://ec.europa.eu/eurostat/api/dissemination/statistics/1.0/data/prc_hicp_minr?format=JSON&geo=DK&geo=ES&coicop18=CP1111&coicop18=TOTAL&sinceTimePeriod=2023-01,2026-09-28
ES,Eurostat HICP prc_hicp_minr RCH_A TOTAL,all_items_hicp,2025-07,2.7,https://ec.europa.eu/eurostat/api/dissemination/statistics/1.0/data/prc_hicp_minr?format=JSON&geo=DK&geo=ES&coicop18=CP1111&coicop18=TOTAL&sinceTimePeriod=2023-01,2026-09-28
ES,Eurostat HICP prc_hicp_minr RCH_A TOTAL,all_items_hicp,2025-08,2.7,https://ec.europa.eu/eurostat/api/dissemination/statistics/1.0/data/prc_hicp_minr?format=JSON&geo=DK&geo=ES&coicop18=CP1111&coicop18=TOTAL&sinceTimePeriod=2023-01,2026-09-28
ES,Eurostat HICP prc_hicp_minr RCH_A TOTAL,all_items_hicp,2025-09,3.0,https://ec.europa.eu/eurostat/api/dissemination/statistics/1.0/data/prc_hicp_minr?format=JSON&geo=DK&geo=ES&coicop18=CP1111&coicop18=TOTAL&sinceTimePeriod=2023-01,2026-09-28
ES,Eurostat HICP prc_hicp_minr RCH_A TOTAL,all_items_hicp,2025-10,3.2,https://ec.europa.eu/eurostat/api/dissemination/statistics/1.0/data/prc_hicp_minr?format=JSON&geo=DK&geo=ES&coicop18=CP1111&coicop18=TOTAL&sinceTimePeriod=2023-01,2026-09-28
ES,Eurostat HICP prc_hicp_minr RCH_A TOTAL,all_items_hicp,2025-11,3.2,https://ec.europa.eu/eurostat/api/dissemination/statistics/1.0/data/prc_hicp_minr?format=JSON&geo=DK&geo=ES&coicop18=CP1111&coicop18=TOTAL&sinceTimePeriod=2023-01,2026-09-28
ES,Eurostat HICP prc_hicp_minr RCH_A TOTAL,all_items_hicp,2025-12,3.0,https://ec.europa.eu/eurostat/api/dissemination/statistics/1.0/data/prc_hicp_minr?format=JSON&geo=DK&geo=ES&coicop18=CP1111&coicop18=TOTAL&sinceTimePeriod=2023-01,2026-09-28
ES,Eurostat HICP prc_hicp_minr RCH_A TOTAL,all_items_hicp,2026-01,2.4,https://ec.europa.eu/eurostat/api/dissemination/statistics/1.0/data/prc_hicp_minr?format=JSON&geo=DK&geo=ES&coicop18=CP1111&coicop18=TOTAL&sinceTimePeriod=2023-01,2026-09-28
ES,Eurostat HICP prc_hicp_minr RCH_A TOTAL,all_items_hicp,2026-02,2.5,https://ec.europa.eu/eurostat/api/dissemination/statistics/1.0/data/prc_hicp_minr?format=JSON&geo=DK&geo=ES&coicop18=CP1111&coicop18=TOTAL&sinceTimePeriod=2023-01,2026-09-28
ES,Eurostat HICP prc_hicp_minr RCH_A TOTAL,all_items_hicp,2026-03,3.4,https://ec.europa.eu/eurostat/api/dissemination/statistics/1.0/data/prc_hicp_minr?format=JSON&geo=DK&geo=ES&coicop18=CP1111&coicop18=TOTAL&sinceTimePeriod=2023-01,2026-09-28
ES,Eurostat HICP prc_hicp_minr RCH_A TOTAL,all_items_hicp,2026-04,3.5,https://ec.europa.eu/eurostat/api/dissemination/statistics/1.0/data/prc_hicp_minr?format=JSON&geo=DK&geo=ES&coicop18=CP1111&coicop18=TOTAL&sinceTimePeriod=2023-01,2026-09-28
ES,Eurostat HICP prc_hicp_minr RCH_A TOTAL,all_items_hicp,2026-05,3.6,https://ec.europa.eu/eurostat/api/dissemination/statistics/1.0/data/prc_hicp_minr?format=JSON&geo=DK&geo=ES&coicop18=CP1111&coicop18=TOTAL&sinceTimePeriod=2023-01,2026-09-28
ES,Eurostat HICP prc_hicp_minr RCH_A TOTAL,all_items_hicp,2026-06,3.6,https://ec.europa.eu/eurostat/api/dissemination/statistics/1.0/data/prc_hicp_minr?format=JSON&geo=DK&geo=ES&coicop18=CP1111&coicop18=TOTAL&sinceTimePeriod=2023-01,2026-09-28
ES,Eurostat HICP prc_hicp_minr RCH_A TOTAL,all_items_hicp,2026-07,3.9,https://ec.europa.eu/eurostat/api/dissemination/statistics/1.0/data/prc_hicp_minr?format=JSON&geo=DK&geo=ES&coicop18=CP1111&coicop18=TOTAL&sinceTimePeriod=2023-01,2026-09-28
ES,Eurostat HICP prc_hicp_minr RCH_A TOTAL,all_items_hicp,2026-08,4.6,https://ec.europa.eu/eurostat/api/dissemination/statistics/1.0/data/prc_hicp_minr?format=JSON&geo=DK&geo=ES&coicop18=CP1111&coicop18=TOTAL&sinceTimePeriod=2023-01,2026-09-28
